DMS_id,kermutBH_oh,Tranception Embeddings
BLAT_ECOLX_Stiffler_2015,0.752,0.689
P53_HUMAN_Kotler_2018,1.083,0.789
RAD_ANTMA_Rocklin_2023_2CJJ,0.369,1.002
OPSD_HUMAN_Wan_2019,1.39,0.762
A0A1I9GEU1_NEIME_Kennouche_2019,2.721,1.96
A0A247D711_LISMN_Stadelmann_2021,0.912,1.119
A0A2Z5U3Z0_9INFA_Wu_2014,0.788,0.979
A4GRB6_PSEAI_Chen_2020,2.256,0.653
AACC1_PSEAI_Dandage_2018,3.31,1.087
ACE2_HUMAN_Chan_2020,1.398,3.812
AICDA_HUMAN_Gajula_2014_3cycles,1.479,3.027
AMFR_HUMAN_Rocklin_2023_4G3O,0.552,0.779
ANCSZ_Hobbs_2022,0.032,0.604
ARGR_ECOLI_Rocklin_2023_1AOY,0.357,0.545
B2L11_HUMAN_Dutta_2010_binding-Mcl-1,334055778287616.0,1.402
BBC1_YEAST_Rocklin_2023_1TG0,0.862,0.731
BCHB_CHLTE_Rocklin_2023_2KRU,0.638,1.025
BLAT_ECOLX_Deng_2012,1.75,0.998
BLAT_ECOLX_Firnberg_2014,0.105,0.752
BLAT_ECOLX_Jacquier_2013,2.351,0.704
BRCA1_HUMAN_Findlay_2018,0.549,0.921
CALM1_HUMAN_Weile_2017,0.131,1.311
CAR11_HUMAN_Meitlis_2020_gof,0.275,1.075
CAR11_HUMAN_Meitlis_2020_lof,0.292,0.833
CASP3_HUMAN_Roychowdhury_2020,0.364,1.271
CASP7_HUMAN_Roychowdhury_2020,0.595,0.798
CATR_CHLRE_Rocklin_2023_2AMI,0.414,0.418
CBPA2_HUMAN_Rocklin_2023_1O6X,0.317,0.589
CBX4_HUMAN_Rocklin_2023_2K28,0.56,0.775
CCDB_ECOLI_Adkar_2012,838.457,1.224
CCDB_ECOLI_Tripathi_2016,3.123,1.26
CD19_HUMAN_Klesmith_2019_FMC_singles,8.886,0.894
CSN4_MOUSE_Rocklin_2023_1UFM,0.731,0.563
CUE1_YEAST_Rocklin_2023_2MYX,0.557,0.778
DLG4_RAT_McLaughlin_2012,0.174,0.775
DN7A_SACS2_Rocklin_2023_1JIC,0.64,0.694
DNJA1_HUMAN_Rocklin_2023_2LO1,0.726,0.416
DOCK1_MOUSE_Rocklin_2023_2M0Y,0.627,0.768
DYR_ECOLI_Nguyen_2023,0.058,0.864
DYR_ECOLI_Thompson_2019,0.786,1.11
ENV_HV1B9_DuenasDecamp_2016,0.157,1.033
ENVZ_ECOLI_Ghose_2023,1.402,1.257
EPHB2_HUMAN_Rocklin_2023_1F0M,0.542,0.551
ERBB2_HUMAN_Elazar_2016,2.721,0.739
ESTA_BACSU_Nutschel_2020,5.126,1.306
FECA_ECOLI_Rocklin_2023_2D1U,0.363,0.856
FKBP3_HUMAN_Rocklin_2023_2KFV,0.437,0.715
GAL4_YEAST_Kitzman_2015,24.343,0.921
GCN4_YEAST_Staller_2018,0.237,2.566
GDIA_HUMAN_Silverstein_2021,0.063,0.784
GLPA_HUMAN_Elazar_2016,1.447,0.882
HCP_LAMBD_Rocklin_2023_2L6Q,0.597,0.479
HECD1_HUMAN_Rocklin_2023_3DKM,0.714,0.551
HEM3_HUMAN_Loggerenberg_2023,0.2,0.807
HSP82_YEAST_Cote-Hammarlof_2020_growth-H2O2,0.0,0.9
HSP82_YEAST_Mishra_2016,0.159,0.832
IF1_ECOLI_Kelsic_2016,0.083,0.862
ILF3_HUMAN_Rocklin_2023_2L33,0.901,0.572
ISDH_STAAW_Rocklin_2023_2LHR,0.282,1.129
KCNE1_HUMAN_Muhammad_2023_expression,0.151,0.665
KCNE1_HUMAN_Muhammad_2023_function,0.116,0.47
KCNH2_HUMAN_Kozek_2020,1228.216,0.967
KKA2_KLEPN_Melnikov_2014,0.933,0.772
LYAM1_HUMAN_Elazar_2016,2.546,0.881
MAFG_MOUSE_Rocklin_2023_1K1V,0.268,0.611
MBD11_ARATH_Rocklin_2023_6ACV,0.873,0.706
MET_HUMAN_Estevam_2023,8.144,0.643
MLAC_ECOLI_MacRae_2023,0.126,0.764
MTH3_HAEAE_RockahShmuel_2015,0.098,0.789
MYO3_YEAST_Rocklin_2023_2BTT,0.997,1.096
NKX31_HUMAN_Rocklin_2023_2L9R,0.189,0.451
NPC1_HUMAN_Erwood_2022_HEK293T,0.167,0.64
NPC1_HUMAN_Erwood_2022_RPE1,0.182,0.815
NRAM_I33A0_Jiang_2016,0.28,1.069
NUD15_HUMAN_Suiter_2020,0.112,0.754
NUSA_ECOLI_Rocklin_2023_1WCL,0.555,0.448
NUSG_MYCTU_Rocklin_2023_2MI6,0.682,0.433
OBSCN_HUMAN_Rocklin_2023_1V1C,0.537,0.603
ODP2_GEOSE_Rocklin_2023_1W4G,0.361,1.031
OTC_HUMAN_Lo_2023,0.147,0.721
OTU7A_HUMAN_Rocklin_2023_2L2D,0.646,1.012
P84126_THETH_Chan_2017,0.292,0.916
PA_I34A1_Wu_2015,0.331,0.91
PAI1_HUMAN_Huttinger_2021,1.108,0.82
PIN1_HUMAN_Rocklin_2023_1I6C,0.357,0.698
PITX2_HUMAN_Rocklin_2023_2L7M,0.662,0.62
PKN1_HUMAN_Rocklin_2023_1URF,0.302,0.547
POLG_PESV_Rocklin_2023_2MXD,0.517,0.726
PR40A_HUMAN_Rocklin_2023_1UZC,0.389,0.696
PSAE_SYNP2_Rocklin_2023_1PSE,0.276,0.702
PTEN_HUMAN_Matreyek_2021,0.082,1.116
Q53Z42_HUMAN_McShan_2019_binding-TAPBPR,1.909,0.733
Q53Z42_HUMAN_McShan_2019_expression,2.949,0.793
Q59976_STRSQ_Romero_2015,0.48,0.658
Q837P4_ENTFA_Meier_2023,2.773,0.702
Q837P5_ENTFA_Meier_2023,2.657,0.793
R1AB_SARS2_Flynn_2022,0.145,0.941
RAF1_HUMAN_Zinkus-Boltz_2019,0.046,1.179
RASH_HUMAN_Bandaru_2017,0.1,0.925
RBP1_HUMAN_Rocklin_2023_2KWH,0.141,0.556
RCD1_ARATH_Rocklin_2023_5OAO,0.325,0.729
RCRO_LAMBD_Rocklin_2023_1ORC,0.842,0.632
RD23A_HUMAN_Rocklin_2023_1IFY,0.412,0.48
REV_HV1H2_Fernandes_2016,0.052,1.104
RFAH_ECOLI_Rocklin_2023_2LCL,0.256,0.835
RL20_AQUAE_Rocklin_2023_1GYZ,0.142,0.751
RL40A_YEAST_Mavor_2016,0.04,1.101
RL40A_YEAST_Roscoe_2013,0.134,0.9
RL40A_YEAST_Roscoe_2014,0.126,1.101
RNC_ECOLI_Weeks_2023,0.456,0.555
RPC1_BP434_Rocklin_2023_1R69,0.954,0.496
RPC1_LAMBD_Li_2019_high-expression,5.224,0.867
RPC1_LAMBD_Li_2019_low-expression,1.913,0.949
RS15_GEOSE_Rocklin_2023_1A32,0.141,0.641
SAV1_MOUSE_Rocklin_2023_2YSB,0.572,0.956
SBI_STAAM_Rocklin_2023_2JVG,0.355,0.83
SCIN_STAAR_Rocklin_2023_2QFF,1.001,0.761
SCN5A_HUMAN_Glazer_2019,1262.414,1.554
SDA_BACSU_Rocklin_2023_1PV0,0.381,0.501
SERC_HUMAN_Xie_2023,0.062,0.563
SOX30_HUMAN_Rocklin_2023_7JJK,0.476,0.876
SPA_STAAU_Rocklin_2023_1LP1,0.296,0.601
SPG2_STRSG_Rocklin_2023_5UBS,0.75,0.814
SPIKE_SARS2_Starr_2020_binding,1.008,0.881
SPIKE_SARS2_Starr_2020_expression,0.702,1.039
SPTN1_CHICK_Rocklin_2023_1TUD,1.196,0.659
SQSTM_MOUSE_Rocklin_2023_2RRU,0.227,0.505
SR43C_ARATH_Rocklin_2023_2N88,0.496,0.598
SRBS1_HUMAN_Rocklin_2023_2O2W,1.164,0.713
SRC_HUMAN_Ahler_2019,1.442,0.953
SRC_HUMAN_Chakraborty_2023_binding-DAS_25uM,0.548,0.985
SRC_HUMAN_Nguyen_2022,0.397,0.933
SUMO1_HUMAN_Weile_2017,0.105,1.029
SYUA_HUMAN_Newberry_2020,0.04,0.665
TADBP_HUMAN_Bolognesi_2019,0.004,0.776
TAT_HV1BR_Fernandes_2016,0.035,1.14
TCRG1_MOUSE_Rocklin_2023_1E0L,0.404,0.464
THO1_YEAST_Rocklin_2023_2WQG,0.508,0.923
TNKS2_HUMAN_Rocklin_2023_5JRT,0.487,0.577
TPK1_HUMAN_Weile_2017,0.271,1.237
TPMT_HUMAN_Matreyek_2018,0.056,1.346
TPOR_HUMAN_Bridgford_2020,0.215,0.865
TRPC_SACS2_Chan_2017,0.378,0.742
TRPC_THEMA_Chan_2017,0.324,1.323
UBC9_HUMAN_Weile_2017,0.214,1.029
UBE4B_HUMAN_Rocklin_2023_3L1X,0.791,1.022
UBE4B_MOUSE_Starita_2013,0.688,0.969
UBR5_HUMAN_Rocklin_2023_1I2T,0.263,0.429
VG08_BPP22_Rocklin_2023_2GP8,0.118,0.588
VILI_CHICK_Rocklin_2023_1YU5,0.347,0.81
VKOR1_HUMAN_Chiasson_2020_abundance,0.079,0.868
VKOR1_HUMAN_Chiasson_2020_activity,0.189,1.019
VRPI_BPT7_Rocklin_2023_2WNM,0.579,0.768
YAIA_ECOLI_Rocklin_2023_2KVT,1.592,0.866
YNZC_BACSU_Rocklin_2023_2JVD,0.146,0.94
