mutant,mutated_sequence,DMS_score,DMS_score_bin,esmif1_ll
D917A,MTARGLALGLLLLLLCPAQVFSQSCVWYGECGIAYGDKRYNCEYSGPPKPLPKDGYDLVQELCPGFFFGNVSLCCDVRQLQTLKDNLQLPLQFLSRCPSCFYNLLNLFCELTCSPRQSQFLNVTATEDYVDPVTNQTKTNVKELQYYVGQSFANAMYNACRDVEAPSSNDKALGLLCGKDADACNATNWIEYMFNKDNGQAPFTITPVFSDFPVHGMEPMNNATKGCDESVDEVTAPCSCQDCSIVCGPKPQPPPPPAPWTILGLDAMYVIMWITYMAFLLVFFGAFFAVWCYRKRYFVSEYTPIDSNIAFSVNASDKGEASCCDPVSAAFEGCLRRLFTRWGSFCVRNPGCVIFFSLVFITACSSGLVFVRVTTNPVDLWSAPSSQARLEKEYFDQHFGPFFRTEQLIIRAPLTDKHIYQPYPSGADVPFGPPLDIQILHQVLDLQIAIENITASYDNETVTLQDICLAPLSPYNTNCTILSVLNYFQNSHSVLDHKKGDDFFVYADYHTHFLYCVRAPASLNDTSLLHDPCLGTFGGPVFPWLVLGGYDDQNYNNATALVITFPVNNYYNDTEKLQRAQAWEKEFINFVKNYKNPNLTISFTAERSIEDELNRESDSDVFTVVISYAIMFLYISLALGHMKSCRRLLVDSKVSLGIAGILIVLSSVACSLGVFSYIGLPLTLIVIEVIPFLVLAVGVDNIFILVQAYQRDERLQGETLDQQLGRVLGEVAPSMFLSSFSETVAFFLGALSVMPAVHTFSLFAGLAVFIDFLLQITCFVSLLGLDIKRQEKNRLDIFCCVRGAEDGTSVQASESCLFRFFKNSYSPLLLKDWMRPIVIAIFVGVLSFSIAVLNKVDIGLDQSLSMPDDSYMVDYFKSISQYLHAGPPVYFVLEEGHDYTSSKGQNMVCGGMGCNNASLVQQIFNAAQLDNYTRIGFAPSSWIDDYFDWVKPQSSCCRVDNITDQFCNASVVDPACVRCRPLTPEGKQRPQGGDFMRFLPMFLSDNPNPKCGKGGHAAYSSAVNILLGHGTRVGATYFMTYHTVLQTSADFIDALKKARLIASNVTETMGINGSAYRVFPYSVFYVFYEQYLTIIDDTIFNLGVSLGAIFLVTMVLLGCELWSAVIMCATIAMVLVNMFGVMWLWGISLNAVSLVNLVMSCGISVEFCSHITRAFTVSMKGSRVERAEEALAHMGSSVFSGITLTKFGGIVVLAFAKSQIFQIFYFRMYLAMVLLGATHGLIFLPVLLSYIGPSVNKAKSCATEERYKGTERERLLNF,0.489489968,0,-2.651783640209312
D917E,MTARGLALGLLLLLLCPAQVFSQSCVWYGECGIAYGDKRYNCEYSGPPKPLPKDGYDLVQELCPGFFFGNVSLCCDVRQLQTLKDNLQLPLQFLSRCPSCFYNLLNLFCELTCSPRQSQFLNVTATEDYVDPVTNQTKTNVKELQYYVGQSFANAMYNACRDVEAPSSNDKALGLLCGKDADACNATNWIEYMFNKDNGQAPFTITPVFSDFPVHGMEPMNNATKGCDESVDEVTAPCSCQDCSIVCGPKPQPPPPPAPWTILGLDAMYVIMWITYMAFLLVFFGAFFAVWCYRKRYFVSEYTPIDSNIAFSVNASDKGEASCCDPVSAAFEGCLRRLFTRWGSFCVRNPGCVIFFSLVFITACSSGLVFVRVTTNPVDLWSAPSSQARLEKEYFDQHFGPFFRTEQLIIRAPLTDKHIYQPYPSGADVPFGPPLDIQILHQVLDLQIAIENITASYDNETVTLQDICLAPLSPYNTNCTILSVLNYFQNSHSVLDHKKGDDFFVYADYHTHFLYCVRAPASLNDTSLLHDPCLGTFGGPVFPWLVLGGYDDQNYNNATALVITFPVNNYYNDTEKLQRAQAWEKEFINFVKNYKNPNLTISFTAERSIEDELNRESDSDVFTVVISYAIMFLYISLALGHMKSCRRLLVDSKVSLGIAGILIVLSSVACSLGVFSYIGLPLTLIVIEVIPFLVLAVGVDNIFILVQAYQRDERLQGETLDQQLGRVLGEVAPSMFLSSFSETVAFFLGALSVMPAVHTFSLFAGLAVFIDFLLQITCFVSLLGLDIKRQEKNRLDIFCCVRGAEDGTSVQASESCLFRFFKNSYSPLLLKDWMRPIVIAIFVGVLSFSIAVLNKVDIGLDQSLSMPDDSYMVDYFKSISQYLHAGPPVYFVLEEGHDYTSSKGQNMVCGGMGCNNESLVQQIFNAAQLDNYTRIGFAPSSWIDDYFDWVKPQSSCCRVDNITDQFCNASVVDPACVRCRPLTPEGKQRPQGGDFMRFLPMFLSDNPNPKCGKGGHAAYSSAVNILLGHGTRVGATYFMTYHTVLQTSADFIDALKKARLIASNVTETMGINGSAYRVFPYSVFYVFYEQYLTIIDDTIFNLGVSLGAIFLVTMVLLGCELWSAVIMCATIAMVLVNMFGVMWLWGISLNAVSLVNLVMSCGISVEFCSHITRAFTVSMKGSRVERAEEALAHMGSSVFSGITLTKFGGIVVLAFAKSQIFQIFYFRMYLAMVLLGATHGLIFLPVLLSYIGPSVNKAKSCATEERYKGTERERLLNF,0.4831500875,0,-2.6525395591867174
D917G,MTARGLALGLLLLLLCPAQVFSQSCVWYGECGIAYGDKRYNCEYSGPPKPLPKDGYDLVQELCPGFFFGNVSLCCDVRQLQTLKDNLQLPLQFLSRCPSCFYNLLNLFCELTCSPRQSQFLNVTATEDYVDPVTNQTKTNVKELQYYVGQSFANAMYNACRDVEAPSSNDKALGLLCGKDADACNATNWIEYMFNKDNGQAPFTITPVFSDFPVHGMEPMNNATKGCDESVDEVTAPCSCQDCSIVCGPKPQPPPPPAPWTILGLDAMYVIMWITYMAFLLVFFGAFFAVWCYRKRYFVSEYTPIDSNIAFSVNASDKGEASCCDPVSAAFEGCLRRLFTRWGSFCVRNPGCVIFFSLVFITACSSGLVFVRVTTNPVDLWSAPSSQARLEKEYFDQHFGPFFRTEQLIIRAPLTDKHIYQPYPSGADVPFGPPLDIQILHQVLDLQIAIENITASYDNETVTLQDICLAPLSPYNTNCTILSVLNYFQNSHSVLDHKKGDDFFVYADYHTHFLYCVRAPASLNDTSLLHDPCLGTFGGPVFPWLVLGGYDDQNYNNATALVITFPVNNYYNDTEKLQRAQAWEKEFINFVKNYKNPNLTISFTAERSIEDELNRESDSDVFTVVISYAIMFLYISLALGHMKSCRRLLVDSKVSLGIAGILIVLSSVACSLGVFSYIGLPLTLIVIEVIPFLVLAVGVDNIFILVQAYQRDERLQGETLDQQLGRVLGEVAPSMFLSSFSETVAFFLGALSVMPAVHTFSLFAGLAVFIDFLLQITCFVSLLGLDIKRQEKNRLDIFCCVRGAEDGTSVQASESCLFRFFKNSYSPLLLKDWMRPIVIAIFVGVLSFSIAVLNKVDIGLDQSLSMPDDSYMVDYFKSISQYLHAGPPVYFVLEEGHDYTSSKGQNMVCGGMGCNNGSLVQQIFNAAQLDNYTRIGFAPSSWIDDYFDWVKPQSSCCRVDNITDQFCNASVVDPACVRCRPLTPEGKQRPQGGDFMRFLPMFLSDNPNPKCGKGGHAAYSSAVNILLGHGTRVGATYFMTYHTVLQTSADFIDALKKARLIASNVTETMGINGSAYRVFPYSVFYVFYEQYLTIIDDTIFNLGVSLGAIFLVTMVLLGCELWSAVIMCATIAMVLVNMFGVMWLWGISLNAVSLVNLVMSCGISVEFCSHITRAFTVSMKGSRVERAEEALAHMGSSVFSGITLTKFGGIVVLAFAKSQIFQIFYFRMYLAMVLLGATHGLIFLPVLLSYIGPSVNKAKSCATEERYKGTERERLLNF,0.480311031,0,-2.652025488434077
D917H,MTARGLALGLLLLLLCPAQVFSQSCVWYGECGIAYGDKRYNCEYSGPPKPLPKDGYDLVQELCPGFFFGNVSLCCDVRQLQTLKDNLQLPLQFLSRCPSCFYNLLNLFCELTCSPRQSQFLNVTATEDYVDPVTNQTKTNVKELQYYVGQSFANAMYNACRDVEAPSSNDKALGLLCGKDADACNATNWIEYMFNKDNGQAPFTITPVFSDFPVHGMEPMNNATKGCDESVDEVTAPCSCQDCSIVCGPKPQPPPPPAPWTILGLDAMYVIMWITYMAFLLVFFGAFFAVWCYRKRYFVSEYTPIDSNIAFSVNASDKGEASCCDPVSAAFEGCLRRLFTRWGSFCVRNPGCVIFFSLVFITACSSGLVFVRVTTNPVDLWSAPSSQARLEKEYFDQHFGPFFRTEQLIIRAPLTDKHIYQPYPSGADVPFGPPLDIQILHQVLDLQIAIENITASYDNETVTLQDICLAPLSPYNTNCTILSVLNYFQNSHSVLDHKKGDDFFVYADYHTHFLYCVRAPASLNDTSLLHDPCLGTFGGPVFPWLVLGGYDDQNYNNATALVITFPVNNYYNDTEKLQRAQAWEKEFINFVKNYKNPNLTISFTAERSIEDELNRESDSDVFTVVISYAIMFLYISLALGHMKSCRRLLVDSKVSLGIAGILIVLSSVACSLGVFSYIGLPLTLIVIEVIPFLVLAVGVDNIFILVQAYQRDERLQGETLDQQLGRVLGEVAPSMFLSSFSETVAFFLGALSVMPAVHTFSLFAGLAVFIDFLLQITCFVSLLGLDIKRQEKNRLDIFCCVRGAEDGTSVQASESCLFRFFKNSYSPLLLKDWMRPIVIAIFVGVLSFSIAVLNKVDIGLDQSLSMPDDSYMVDYFKSISQYLHAGPPVYFVLEEGHDYTSSKGQNMVCGGMGCNNHSLVQQIFNAAQLDNYTRIGFAPSSWIDDYFDWVKPQSSCCRVDNITDQFCNASVVDPACVRCRPLTPEGKQRPQGGDFMRFLPMFLSDNPNPKCGKGGHAAYSSAVNILLGHGTRVGATYFMTYHTVLQTSADFIDALKKARLIASNVTETMGINGSAYRVFPYSVFYVFYEQYLTIIDDTIFNLGVSLGAIFLVTMVLLGCELWSAVIMCATIAMVLVNMFGVMWLWGISLNAVSLVNLVMSCGISVEFCSHITRAFTVSMKGSRVERAEEALAHMGSSVFSGITLTKFGGIVVLAFAKSQIFQIFYFRMYLAMVLLGATHGLIFLPVLLSYIGPSVNKAKSCATEERYKGTERERLLNF,0.577879145,0,-2.653162901017214
D917N,MTARGLALGLLLLLLCPAQVFSQSCVWYGECGIAYGDKRYNCEYSGPPKPLPKDGYDLVQELCPGFFFGNVSLCCDVRQLQTLKDNLQLPLQFLSRCPSCFYNLLNLFCELTCSPRQSQFLNVTATEDYVDPVTNQTKTNVKELQYYVGQSFANAMYNACRDVEAPSSNDKALGLLCGKDADACNATNWIEYMFNKDNGQAPFTITPVFSDFPVHGMEPMNNATKGCDESVDEVTAPCSCQDCSIVCGPKPQPPPPPAPWTILGLDAMYVIMWITYMAFLLVFFGAFFAVWCYRKRYFVSEYTPIDSNIAFSVNASDKGEASCCDPVSAAFEGCLRRLFTRWGSFCVRNPGCVIFFSLVFITACSSGLVFVRVTTNPVDLWSAPSSQARLEKEYFDQHFGPFFRTEQLIIRAPLTDKHIYQPYPSGADVPFGPPLDIQILHQVLDLQIAIENITASYDNETVTLQDICLAPLSPYNTNCTILSVLNYFQNSHSVLDHKKGDDFFVYADYHTHFLYCVRAPASLNDTSLLHDPCLGTFGGPVFPWLVLGGYDDQNYNNATALVITFPVNNYYNDTEKLQRAQAWEKEFINFVKNYKNPNLTISFTAERSIEDELNRESDSDVFTVVISYAIMFLYISLALGHMKSCRRLLVDSKVSLGIAGILIVLSSVACSLGVFSYIGLPLTLIVIEVIPFLVLAVGVDNIFILVQAYQRDERLQGETLDQQLGRVLGEVAPSMFLSSFSETVAFFLGALSVMPAVHTFSLFAGLAVFIDFLLQITCFVSLLGLDIKRQEKNRLDIFCCVRGAEDGTSVQASESCLFRFFKNSYSPLLLKDWMRPIVIAIFVGVLSFSIAVLNKVDIGLDQSLSMPDDSYMVDYFKSISQYLHAGPPVYFVLEEGHDYTSSKGQNMVCGGMGCNNNSLVQQIFNAAQLDNYTRIGFAPSSWIDDYFDWVKPQSSCCRVDNITDQFCNASVVDPACVRCRPLTPEGKQRPQGGDFMRFLPMFLSDNPNPKCGKGGHAAYSSAVNILLGHGTRVGATYFMTYHTVLQTSADFIDALKKARLIASNVTETMGINGSAYRVFPYSVFYVFYEQYLTIIDDTIFNLGVSLGAIFLVTMVLLGCELWSAVIMCATIAMVLVNMFGVMWLWGISLNAVSLVNLVMSCGISVEFCSHITRAFTVSMKGSRVERAEEALAHMGSSVFSGITLTKFGGIVVLAFAKSQIFQIFYFRMYLAMVLLGATHGLIFLPVLLSYIGPSVNKAKSCATEERYKGTERERLLNF,1.053950411,1,-2.65235826853482
D917V,MTARGLALGLLLLLLCPAQVFSQSCVWYGECGIAYGDKRYNCEYSGPPKPLPKDGYDLVQELCPGFFFGNVSLCCDVRQLQTLKDNLQLPLQFLSRCPSCFYNLLNLFCELTCSPRQSQFLNVTATEDYVDPVTNQTKTNVKELQYYVGQSFANAMYNACRDVEAPSSNDKALGLLCGKDADACNATNWIEYMFNKDNGQAPFTITPVFSDFPVHGMEPMNNATKGCDESVDEVTAPCSCQDCSIVCGPKPQPPPPPAPWTILGLDAMYVIMWITYMAFLLVFFGAFFAVWCYRKRYFVSEYTPIDSNIAFSVNASDKGEASCCDPVSAAFEGCLRRLFTRWGSFCVRNPGCVIFFSLVFITACSSGLVFVRVTTNPVDLWSAPSSQARLEKEYFDQHFGPFFRTEQLIIRAPLTDKHIYQPYPSGADVPFGPPLDIQILHQVLDLQIAIENITASYDNETVTLQDICLAPLSPYNTNCTILSVLNYFQNSHSVLDHKKGDDFFVYADYHTHFLYCVRAPASLNDTSLLHDPCLGTFGGPVFPWLVLGGYDDQNYNNATALVITFPVNNYYNDTEKLQRAQAWEKEFINFVKNYKNPNLTISFTAERSIEDELNRESDSDVFTVVISYAIMFLYISLALGHMKSCRRLLVDSKVSLGIAGILIVLSSVACSLGVFSYIGLPLTLIVIEVIPFLVLAVGVDNIFILVQAYQRDERLQGETLDQQLGRVLGEVAPSMFLSSFSETVAFFLGALSVMPAVHTFSLFAGLAVFIDFLLQITCFVSLLGLDIKRQEKNRLDIFCCVRGAEDGTSVQASESCLFRFFKNSYSPLLLKDWMRPIVIAIFVGVLSFSIAVLNKVDIGLDQSLSMPDDSYMVDYFKSISQYLHAGPPVYFVLEEGHDYTSSKGQNMVCGGMGCNNVSLVQQIFNAAQLDNYTRIGFAPSSWIDDYFDWVKPQSSCCRVDNITDQFCNASVVDPACVRCRPLTPEGKQRPQGGDFMRFLPMFLSDNPNPKCGKGGHAAYSSAVNILLGHGTRVGATYFMTYHTVLQTSADFIDALKKARLIASNVTETMGINGSAYRVFPYSVFYVFYEQYLTIIDDTIFNLGVSLGAIFLVTMVLLGCELWSAVIMCATIAMVLVNMFGVMWLWGISLNAVSLVNLVMSCGISVEFCSHITRAFTVSMKGSRVERAEEALAHMGSSVFSGITLTKFGGIVVLAFAKSQIFQIFYFRMYLAMVLLGATHGLIFLPVLLSYIGPSVNKAKSCATEERYKGTERERLLNF,0.195394936,0,-2.6514661427768
D917Y,MTARGLALGLLLLLLCPAQVFSQSCVWYGECGIAYGDKRYNCEYSGPPKPLPKDGYDLVQELCPGFFFGNVSLCCDVRQLQTLKDNLQLPLQFLSRCPSCFYNLLNLFCELTCSPRQSQFLNVTATEDYVDPVTNQTKTNVKELQYYVGQSFANAMYNACRDVEAPSSNDKALGLLCGKDADACNATNWIEYMFNKDNGQAPFTITPVFSDFPVHGMEPMNNATKGCDESVDEVTAPCSCQDCSIVCGPKPQPPPPPAPWTILGLDAMYVIMWITYMAFLLVFFGAFFAVWCYRKRYFVSEYTPIDSNIAFSVNASDKGEASCCDPVSAAFEGCLRRLFTRWGSFCVRNPGCVIFFSLVFITACSSGLVFVRVTTNPVDLWSAPSSQARLEKEYFDQHFGPFFRTEQLIIRAPLTDKHIYQPYPSGADVPFGPPLDIQILHQVLDLQIAIENITASYDNETVTLQDICLAPLSPYNTNCTILSVLNYFQNSHSVLDHKKGDDFFVYADYHTHFLYCVRAPASLNDTSLLHDPCLGTFGGPVFPWLVLGGYDDQNYNNATALVITFPVNNYYNDTEKLQRAQAWEKEFINFVKNYKNPNLTISFTAERSIEDELNRESDSDVFTVVISYAIMFLYISLALGHMKSCRRLLVDSKVSLGIAGILIVLSSVACSLGVFSYIGLPLTLIVIEVIPFLVLAVGVDNIFILVQAYQRDERLQGETLDQQLGRVLGEVAPSMFLSSFSETVAFFLGALSVMPAVHTFSLFAGLAVFIDFLLQITCFVSLLGLDIKRQEKNRLDIFCCVRGAEDGTSVQASESCLFRFFKNSYSPLLLKDWMRPIVIAIFVGVLSFSIAVLNKVDIGLDQSLSMPDDSYMVDYFKSISQYLHAGPPVYFVLEEGHDYTSSKGQNMVCGGMGCNNYSLVQQIFNAAQLDNYTRIGFAPSSWIDDYFDWVKPQSSCCRVDNITDQFCNASVVDPACVRCRPLTPEGKQRPQGGDFMRFLPMFLSDNPNPKCGKGGHAAYSSAVNILLGHGTRVGATYFMTYHTVLQTSADFIDALKKARLIASNVTETMGINGSAYRVFPYSVFYVFYEQYLTIIDDTIFNLGVSLGAIFLVTMVLLGCELWSAVIMCATIAMVLVNMFGVMWLWGISLNAVSLVNLVMSCGISVEFCSHITRAFTVSMKGSRVERAEEALAHMGSSVFSGITLTKFGGIVVLAFAKSQIFQIFYFRMYLAMVLLGATHGLIFLPVLLSYIGPSVNKAKSCATEERYKGTERERLLNF,0.413866121,0,-2.6522302761883805
L919M,MTARGLALGLLLLLLCPAQVFSQSCVWYGECGIAYGDKRYNCEYSGPPKPLPKDGYDLVQELCPGFFFGNVSLCCDVRQLQTLKDNLQLPLQFLSRCPSCFYNLLNLFCELTCSPRQSQFLNVTATEDYVDPVTNQTKTNVKELQYYVGQSFANAMYNACRDVEAPSSNDKALGLLCGKDADACNATNWIEYMFNKDNGQAPFTITPVFSDFPVHGMEPMNNATKGCDESVDEVTAPCSCQDCSIVCGPKPQPPPPPAPWTILGLDAMYVIMWITYMAFLLVFFGAFFAVWCYRKRYFVSEYTPIDSNIAFSVNASDKGEASCCDPVSAAFEGCLRRLFTRWGSFCVRNPGCVIFFSLVFITACSSGLVFVRVTTNPVDLWSAPSSQARLEKEYFDQHFGPFFRTEQLIIRAPLTDKHIYQPYPSGADVPFGPPLDIQILHQVLDLQIAIENITASYDNETVTLQDICLAPLSPYNTNCTILSVLNYFQNSHSVLDHKKGDDFFVYADYHTHFLYCVRAPASLNDTSLLHDPCLGTFGGPVFPWLVLGGYDDQNYNNATALVITFPVNNYYNDTEKLQRAQAWEKEFINFVKNYKNPNLTISFTAERSIEDELNRESDSDVFTVVISYAIMFLYISLALGHMKSCRRLLVDSKVSLGIAGILIVLSSVACSLGVFSYIGLPLTLIVIEVIPFLVLAVGVDNIFILVQAYQRDERLQGETLDQQLGRVLGEVAPSMFLSSFSETVAFFLGALSVMPAVHTFSLFAGLAVFIDFLLQITCFVSLLGLDIKRQEKNRLDIFCCVRGAEDGTSVQASESCLFRFFKNSYSPLLLKDWMRPIVIAIFVGVLSFSIAVLNKVDIGLDQSLSMPDDSYMVDYFKSISQYLHAGPPVYFVLEEGHDYTSSKGQNMVCGGMGCNNDSMVQQIFNAAQLDNYTRIGFAPSSWIDDYFDWVKPQSSCCRVDNITDQFCNASVVDPACVRCRPLTPEGKQRPQGGDFMRFLPMFLSDNPNPKCGKGGHAAYSSAVNILLGHGTRVGATYFMTYHTVLQTSADFIDALKKARLIASNVTETMGINGSAYRVFPYSVFYVFYEQYLTIIDDTIFNLGVSLGAIFLVTMVLLGCELWSAVIMCATIAMVLVNMFGVMWLWGISLNAVSLVNLVMSCGISVEFCSHITRAFTVSMKGSRVERAEEALAHMGSSVFSGITLTKFGGIVVLAFAKSQIFQIFYFRMYLAMVLLGATHGLIFLPVLLSYIGPSVNKAKSCATEERYKGTERERLLNF,0.649752598,0,-2.653415065043036
L919P,MTARGLALGLLLLLLCPAQVFSQSCVWYGECGIAYGDKRYNCEYSGPPKPLPKDGYDLVQELCPGFFFGNVSLCCDVRQLQTLKDNLQLPLQFLSRCPSCFYNLLNLFCELTCSPRQSQFLNVTATEDYVDPVTNQTKTNVKELQYYVGQSFANAMYNACRDVEAPSSNDKALGLLCGKDADACNATNWIEYMFNKDNGQAPFTITPVFSDFPVHGMEPMNNATKGCDESVDEVTAPCSCQDCSIVCGPKPQPPPPPAPWTILGLDAMYVIMWITYMAFLLVFFGAFFAVWCYRKRYFVSEYTPIDSNIAFSVNASDKGEASCCDPVSAAFEGCLRRLFTRWGSFCVRNPGCVIFFSLVFITACSSGLVFVRVTTNPVDLWSAPSSQARLEKEYFDQHFGPFFRTEQLIIRAPLTDKHIYQPYPSGADVPFGPPLDIQILHQVLDLQIAIENITASYDNETVTLQDICLAPLSPYNTNCTILSVLNYFQNSHSVLDHKKGDDFFVYADYHTHFLYCVRAPASLNDTSLLHDPCLGTFGGPVFPWLVLGGYDDQNYNNATALVITFPVNNYYNDTEKLQRAQAWEKEFINFVKNYKNPNLTISFTAERSIEDELNRESDSDVFTVVISYAIMFLYISLALGHMKSCRRLLVDSKVSLGIAGILIVLSSVACSLGVFSYIGLPLTLIVIEVIPFLVLAVGVDNIFILVQAYQRDERLQGETLDQQLGRVLGEVAPSMFLSSFSETVAFFLGALSVMPAVHTFSLFAGLAVFIDFLLQITCFVSLLGLDIKRQEKNRLDIFCCVRGAEDGTSVQASESCLFRFFKNSYSPLLLKDWMRPIVIAIFVGVLSFSIAVLNKVDIGLDQSLSMPDDSYMVDYFKSISQYLHAGPPVYFVLEEGHDYTSSKGQNMVCGGMGCNNDSPVQQIFNAAQLDNYTRIGFAPSSWIDDYFDWVKPQSSCCRVDNITDQFCNASVVDPACVRCRPLTPEGKQRPQGGDFMRFLPMFLSDNPNPKCGKGGHAAYSSAVNILLGHGTRVGATYFMTYHTVLQTSADFIDALKKARLIASNVTETMGINGSAYRVFPYSVFYVFYEQYLTIIDDTIFNLGVSLGAIFLVTMVLLGCELWSAVIMCATIAMVLVNMFGVMWLWGISLNAVSLVNLVMSCGISVEFCSHITRAFTVSMKGSRVERAEEALAHMGSSVFSGITLTKFGGIVVLAFAKSQIFQIFYFRMYLAMVLLGATHGLIFLPVLLSYIGPSVNKAKSCATEERYKGTERERLLNF,0.00923688,0,-2.655994970473885
L919Q,MTARGLALGLLLLLLCPAQVFSQSCVWYGECGIAYGDKRYNCEYSGPPKPLPKDGYDLVQELCPGFFFGNVSLCCDVRQLQTLKDNLQLPLQFLSRCPSCFYNLLNLFCELTCSPRQSQFLNVTATEDYVDPVTNQTKTNVKELQYYVGQSFANAMYNACRDVEAPSSNDKALGLLCGKDADACNATNWIEYMFNKDNGQAPFTITPVFSDFPVHGMEPMNNATKGCDESVDEVTAPCSCQDCSIVCGPKPQPPPPPAPWTILGLDAMYVIMWITYMAFLLVFFGAFFAVWCYRKRYFVSEYTPIDSNIAFSVNASDKGEASCCDPVSAAFEGCLRRLFTRWGSFCVRNPGCVIFFSLVFITACSSGLVFVRVTTNPVDLWSAPSSQARLEKEYFDQHFGPFFRTEQLIIRAPLTDKHIYQPYPSGADVPFGPPLDIQILHQVLDLQIAIENITASYDNETVTLQDICLAPLSPYNTNCTILSVLNYFQNSHSVLDHKKGDDFFVYADYHTHFLYCVRAPASLNDTSLLHDPCLGTFGGPVFPWLVLGGYDDQNYNNATALVITFPVNNYYNDTEKLQRAQAWEKEFINFVKNYKNPNLTISFTAERSIEDELNRESDSDVFTVVISYAIMFLYISLALGHMKSCRRLLVDSKVSLGIAGILIVLSSVACSLGVFSYIGLPLTLIVIEVIPFLVLAVGVDNIFILVQAYQRDERLQGETLDQQLGRVLGEVAPSMFLSSFSETVAFFLGALSVMPAVHTFSLFAGLAVFIDFLLQITCFVSLLGLDIKRQEKNRLDIFCCVRGAEDGTSVQASESCLFRFFKNSYSPLLLKDWMRPIVIAIFVGVLSFSIAVLNKVDIGLDQSLSMPDDSYMVDYFKSISQYLHAGPPVYFVLEEGHDYTSSKGQNMVCGGMGCNNDSQVQQIFNAAQLDNYTRIGFAPSSWIDDYFDWVKPQSSCCRVDNITDQFCNASVVDPACVRCRPLTPEGKQRPQGGDFMRFLPMFLSDNPNPKCGKGGHAAYSSAVNILLGHGTRVGATYFMTYHTVLQTSADFIDALKKARLIASNVTETMGINGSAYRVFPYSVFYVFYEQYLTIIDDTIFNLGVSLGAIFLVTMVLLGCELWSAVIMCATIAMVLVNMFGVMWLWGISLNAVSLVNLVMSCGISVEFCSHITRAFTVSMKGSRVERAEEALAHMGSSVFSGITLTKFGGIVVLAFAKSQIFQIFYFRMYLAMVLLGATHGLIFLPVLLSYIGPSVNKAKSCATEERYKGTERERLLNF,-0.0391920139999999,0,-2.6537791746136543
L919R,MTARGLALGLLLLLLCPAQVFSQSCVWYGECGIAYGDKRYNCEYSGPPKPLPKDGYDLVQELCPGFFFGNVSLCCDVRQLQTLKDNLQLPLQFLSRCPSCFYNLLNLFCELTCSPRQSQFLNVTATEDYVDPVTNQTKTNVKELQYYVGQSFANAMYNACRDVEAPSSNDKALGLLCGKDADACNATNWIEYMFNKDNGQAPFTITPVFSDFPVHGMEPMNNATKGCDESVDEVTAPCSCQDCSIVCGPKPQPPPPPAPWTILGLDAMYVIMWITYMAFLLVFFGAFFAVWCYRKRYFVSEYTPIDSNIAFSVNASDKGEASCCDPVSAAFEGCLRRLFTRWGSFCVRNPGCVIFFSLVFITACSSGLVFVRVTTNPVDLWSAPSSQARLEKEYFDQHFGPFFRTEQLIIRAPLTDKHIYQPYPSGADVPFGPPLDIQILHQVLDLQIAIENITASYDNETVTLQDICLAPLSPYNTNCTILSVLNYFQNSHSVLDHKKGDDFFVYADYHTHFLYCVRAPASLNDTSLLHDPCLGTFGGPVFPWLVLGGYDDQNYNNATALVITFPVNNYYNDTEKLQRAQAWEKEFINFVKNYKNPNLTISFTAERSIEDELNRESDSDVFTVVISYAIMFLYISLALGHMKSCRRLLVDSKVSLGIAGILIVLSSVACSLGVFSYIGLPLTLIVIEVIPFLVLAVGVDNIFILVQAYQRDERLQGETLDQQLGRVLGEVAPSMFLSSFSETVAFFLGALSVMPAVHTFSLFAGLAVFIDFLLQITCFVSLLGLDIKRQEKNRLDIFCCVRGAEDGTSVQASESCLFRFFKNSYSPLLLKDWMRPIVIAIFVGVLSFSIAVLNKVDIGLDQSLSMPDDSYMVDYFKSISQYLHAGPPVYFVLEEGHDYTSSKGQNMVCGGMGCNNDSRVQQIFNAAQLDNYTRIGFAPSSWIDDYFDWVKPQSSCCRVDNITDQFCNASVVDPACVRCRPLTPEGKQRPQGGDFMRFLPMFLSDNPNPKCGKGGHAAYSSAVNILLGHGTRVGATYFMTYHTVLQTSADFIDALKKARLIASNVTETMGINGSAYRVFPYSVFYVFYEQYLTIIDDTIFNLGVSLGAIFLVTMVLLGCELWSAVIMCATIAMVLVNMFGVMWLWGISLNAVSLVNLVMSCGISVEFCSHITRAFTVSMKGSRVERAEEALAHMGSSVFSGITLTKFGGIVVLAFAKSQIFQIFYFRMYLAMVLLGATHGLIFLPVLLSYIGPSVNKAKSCATEERYKGTERERLLNF,-0.006864253,0,-2.6535210885538927
L919V,MTARGLALGLLLLLLCPAQVFSQSCVWYGECGIAYGDKRYNCEYSGPPKPLPKDGYDLVQELCPGFFFGNVSLCCDVRQLQTLKDNLQLPLQFLSRCPSCFYNLLNLFCELTCSPRQSQFLNVTATEDYVDPVTNQTKTNVKELQYYVGQSFANAMYNACRDVEAPSSNDKALGLLCGKDADACNATNWIEYMFNKDNGQAPFTITPVFSDFPVHGMEPMNNATKGCDESVDEVTAPCSCQDCSIVCGPKPQPPPPPAPWTILGLDAMYVIMWITYMAFLLVFFGAFFAVWCYRKRYFVSEYTPIDSNIAFSVNASDKGEASCCDPVSAAFEGCLRRLFTRWGSFCVRNPGCVIFFSLVFITACSSGLVFVRVTTNPVDLWSAPSSQARLEKEYFDQHFGPFFRTEQLIIRAPLTDKHIYQPYPSGADVPFGPPLDIQILHQVLDLQIAIENITASYDNETVTLQDICLAPLSPYNTNCTILSVLNYFQNSHSVLDHKKGDDFFVYADYHTHFLYCVRAPASLNDTSLLHDPCLGTFGGPVFPWLVLGGYDDQNYNNATALVITFPVNNYYNDTEKLQRAQAWEKEFINFVKNYKNPNLTISFTAERSIEDELNRESDSDVFTVVISYAIMFLYISLALGHMKSCRRLLVDSKVSLGIAGILIVLSSVACSLGVFSYIGLPLTLIVIEVIPFLVLAVGVDNIFILVQAYQRDERLQGETLDQQLGRVLGEVAPSMFLSSFSETVAFFLGALSVMPAVHTFSLFAGLAVFIDFLLQITCFVSLLGLDIKRQEKNRLDIFCCVRGAEDGTSVQASESCLFRFFKNSYSPLLLKDWMRPIVIAIFVGVLSFSIAVLNKVDIGLDQSLSMPDDSYMVDYFKSISQYLHAGPPVYFVLEEGHDYTSSKGQNMVCGGMGCNNDSVVQQIFNAAQLDNYTRIGFAPSSWIDDYFDWVKPQSSCCRVDNITDQFCNASVVDPACVRCRPLTPEGKQRPQGGDFMRFLPMFLSDNPNPKCGKGGHAAYSSAVNILLGHGTRVGATYFMTYHTVLQTSADFIDALKKARLIASNVTETMGINGSAYRVFPYSVFYVFYEQYLTIIDDTIFNLGVSLGAIFLVTMVLLGCELWSAVIMCATIAMVLVNMFGVMWLWGISLNAVSLVNLVMSCGISVEFCSHITRAFTVSMKGSRVERAEEALAHMGSSVFSGITLTKFGGIVVLAFAKSQIFQIFYFRMYLAMVLLGATHGLIFLPVLLSYIGPSVNKAKSCATEERYKGTERERLLNF,0.787310629,0,-2.6532794313624803
N915I,MTARGLALGLLLLLLCPAQVFSQSCVWYGECGIAYGDKRYNCEYSGPPKPLPKDGYDLVQELCPGFFFGNVSLCCDVRQLQTLKDNLQLPLQFLSRCPSCFYNLLNLFCELTCSPRQSQFLNVTATEDYVDPVTNQTKTNVKELQYYVGQSFANAMYNACRDVEAPSSNDKALGLLCGKDADACNATNWIEYMFNKDNGQAPFTITPVFSDFPVHGMEPMNNATKGCDESVDEVTAPCSCQDCSIVCGPKPQPPPPPAPWTILGLDAMYVIMWITYMAFLLVFFGAFFAVWCYRKRYFVSEYTPIDSNIAFSVNASDKGEASCCDPVSAAFEGCLRRLFTRWGSFCVRNPGCVIFFSLVFITACSSGLVFVRVTTNPVDLWSAPSSQARLEKEYFDQHFGPFFRTEQLIIRAPLTDKHIYQPYPSGADVPFGPPLDIQILHQVLDLQIAIENITASYDNETVTLQDICLAPLSPYNTNCTILSVLNYFQNSHSVLDHKKGDDFFVYADYHTHFLYCVRAPASLNDTSLLHDPCLGTFGGPVFPWLVLGGYDDQNYNNATALVITFPVNNYYNDTEKLQRAQAWEKEFINFVKNYKNPNLTISFTAERSIEDELNRESDSDVFTVVISYAIMFLYISLALGHMKSCRRLLVDSKVSLGIAGILIVLSSVACSLGVFSYIGLPLTLIVIEVIPFLVLAVGVDNIFILVQAYQRDERLQGETLDQQLGRVLGEVAPSMFLSSFSETVAFFLGALSVMPAVHTFSLFAGLAVFIDFLLQITCFVSLLGLDIKRQEKNRLDIFCCVRGAEDGTSVQASESCLFRFFKNSYSPLLLKDWMRPIVIAIFVGVLSFSIAVLNKVDIGLDQSLSMPDDSYMVDYFKSISQYLHAGPPVYFVLEEGHDYTSSKGQNMVCGGMGCINDSLVQQIFNAAQLDNYTRIGFAPSSWIDDYFDWVKPQSSCCRVDNITDQFCNASVVDPACVRCRPLTPEGKQRPQGGDFMRFLPMFLSDNPNPKCGKGGHAAYSSAVNILLGHGTRVGATYFMTYHTVLQTSADFIDALKKARLIASNVTETMGINGSAYRVFPYSVFYVFYEQYLTIIDDTIFNLGVSLGAIFLVTMVLLGCELWSAVIMCATIAMVLVNMFGVMWLWGISLNAVSLVNLVMSCGISVEFCSHITRAFTVSMKGSRVERAEEALAHMGSSVFSGITLTKFGGIVVLAFAKSQIFQIFYFRMYLAMVLLGATHGLIFLPVLLSYIGPSVNKAKSCATEERYKGTERERLLNF,0.0882950139999999,0,-2.652235243055556
N915K,MTARGLALGLLLLLLCPAQVFSQSCVWYGECGIAYGDKRYNCEYSGPPKPLPKDGYDLVQELCPGFFFGNVSLCCDVRQLQTLKDNLQLPLQFLSRCPSCFYNLLNLFCELTCSPRQSQFLNVTATEDYVDPVTNQTKTNVKELQYYVGQSFANAMYNACRDVEAPSSNDKALGLLCGKDADACNATNWIEYMFNKDNGQAPFTITPVFSDFPVHGMEPMNNATKGCDESVDEVTAPCSCQDCSIVCGPKPQPPPPPAPWTILGLDAMYVIMWITYMAFLLVFFGAFFAVWCYRKRYFVSEYTPIDSNIAFSVNASDKGEASCCDPVSAAFEGCLRRLFTRWGSFCVRNPGCVIFFSLVFITACSSGLVFVRVTTNPVDLWSAPSSQARLEKEYFDQHFGPFFRTEQLIIRAPLTDKHIYQPYPSGADVPFGPPLDIQILHQVLDLQIAIENITASYDNETVTLQDICLAPLSPYNTNCTILSVLNYFQNSHSVLDHKKGDDFFVYADYHTHFLYCVRAPASLNDTSLLHDPCLGTFGGPVFPWLVLGGYDDQNYNNATALVITFPVNNYYNDTEKLQRAQAWEKEFINFVKNYKNPNLTISFTAERSIEDELNRESDSDVFTVVISYAIMFLYISLALGHMKSCRRLLVDSKVSLGIAGILIVLSSVACSLGVFSYIGLPLTLIVIEVIPFLVLAVGVDNIFILVQAYQRDERLQGETLDQQLGRVLGEVAPSMFLSSFSETVAFFLGALSVMPAVHTFSLFAGLAVFIDFLLQITCFVSLLGLDIKRQEKNRLDIFCCVRGAEDGTSVQASESCLFRFFKNSYSPLLLKDWMRPIVIAIFVGVLSFSIAVLNKVDIGLDQSLSMPDDSYMVDYFKSISQYLHAGPPVYFVLEEGHDYTSSKGQNMVCGGMGCKNDSLVQQIFNAAQLDNYTRIGFAPSSWIDDYFDWVKPQSSCCRVDNITDQFCNASVVDPACVRCRPLTPEGKQRPQGGDFMRFLPMFLSDNPNPKCGKGGHAAYSSAVNILLGHGTRVGATYFMTYHTVLQTSADFIDALKKARLIASNVTETMGINGSAYRVFPYSVFYVFYEQYLTIIDDTIFNLGVSLGAIFLVTMVLLGCELWSAVIMCATIAMVLVNMFGVMWLWGISLNAVSLVNLVMSCGISVEFCSHITRAFTVSMKGSRVERAEEALAHMGSSVFSGITLTKFGGIVVLAFAKSQIFQIFYFRMYLAMVLLGATHGLIFLPVLLSYIGPSVNKAKSCATEERYKGTERERLLNF,0.3378796245,0,-2.6527267718725547
N915S,MTARGLALGLLLLLLCPAQVFSQSCVWYGECGIAYGDKRYNCEYSGPPKPLPKDGYDLVQELCPGFFFGNVSLCCDVRQLQTLKDNLQLPLQFLSRCPSCFYNLLNLFCELTCSPRQSQFLNVTATEDYVDPVTNQTKTNVKELQYYVGQSFANAMYNACRDVEAPSSNDKALGLLCGKDADACNATNWIEYMFNKDNGQAPFTITPVFSDFPVHGMEPMNNATKGCDESVDEVTAPCSCQDCSIVCGPKPQPPPPPAPWTILGLDAMYVIMWITYMAFLLVFFGAFFAVWCYRKRYFVSEYTPIDSNIAFSVNASDKGEASCCDPVSAAFEGCLRRLFTRWGSFCVRNPGCVIFFSLVFITACSSGLVFVRVTTNPVDLWSAPSSQARLEKEYFDQHFGPFFRTEQLIIRAPLTDKHIYQPYPSGADVPFGPPLDIQILHQVLDLQIAIENITASYDNETVTLQDICLAPLSPYNTNCTILSVLNYFQNSHSVLDHKKGDDFFVYADYHTHFLYCVRAPASLNDTSLLHDPCLGTFGGPVFPWLVLGGYDDQNYNNATALVITFPVNNYYNDTEKLQRAQAWEKEFINFVKNYKNPNLTISFTAERSIEDELNRESDSDVFTVVISYAIMFLYISLALGHMKSCRRLLVDSKVSLGIAGILIVLSSVACSLGVFSYIGLPLTLIVIEVIPFLVLAVGVDNIFILVQAYQRDERLQGETLDQQLGRVLGEVAPSMFLSSFSETVAFFLGALSVMPAVHTFSLFAGLAVFIDFLLQITCFVSLLGLDIKRQEKNRLDIFCCVRGAEDGTSVQASESCLFRFFKNSYSPLLLKDWMRPIVIAIFVGVLSFSIAVLNKVDIGLDQSLSMPDDSYMVDYFKSISQYLHAGPPVYFVLEEGHDYTSSKGQNMVCGGMGCSNDSLVQQIFNAAQLDNYTRIGFAPSSWIDDYFDWVKPQSSCCRVDNITDQFCNASVVDPACVRCRPLTPEGKQRPQGGDFMRFLPMFLSDNPNPKCGKGGHAAYSSAVNILLGHGTRVGATYFMTYHTVLQTSADFIDALKKARLIASNVTETMGINGSAYRVFPYSVFYVFYEQYLTIIDDTIFNLGVSLGAIFLVTMVLLGCELWSAVIMCATIAMVLVNMFGVMWLWGISLNAVSLVNLVMSCGISVEFCSHITRAFTVSMKGSRVERAEEALAHMGSSVFSGITLTKFGGIVVLAFAKSQIFQIFYFRMYLAMVLLGATHGLIFLPVLLSYIGPSVNKAKSCATEERYKGTERERLLNF,0.6017944,0,-2.652324073564652
N916D,MTARGLALGLLLLLLCPAQVFSQSCVWYGECGIAYGDKRYNCEYSGPPKPLPKDGYDLVQELCPGFFFGNVSLCCDVRQLQTLKDNLQLPLQFLSRCPSCFYNLLNLFCELTCSPRQSQFLNVTATEDYVDPVTNQTKTNVKELQYYVGQSFANAMYNACRDVEAPSSNDKALGLLCGKDADACNATNWIEYMFNKDNGQAPFTITPVFSDFPVHGMEPMNNATKGCDESVDEVTAPCSCQDCSIVCGPKPQPPPPPAPWTILGLDAMYVIMWITYMAFLLVFFGAFFAVWCYRKRYFVSEYTPIDSNIAFSVNASDKGEASCCDPVSAAFEGCLRRLFTRWGSFCVRNPGCVIFFSLVFITACSSGLVFVRVTTNPVDLWSAPSSQARLEKEYFDQHFGPFFRTEQLIIRAPLTDKHIYQPYPSGADVPFGPPLDIQILHQVLDLQIAIENITASYDNETVTLQDICLAPLSPYNTNCTILSVLNYFQNSHSVLDHKKGDDFFVYADYHTHFLYCVRAPASLNDTSLLHDPCLGTFGGPVFPWLVLGGYDDQNYNNATALVITFPVNNYYNDTEKLQRAQAWEKEFINFVKNYKNPNLTISFTAERSIEDELNRESDSDVFTVVISYAIMFLYISLALGHMKSCRRLLVDSKVSLGIAGILIVLSSVACSLGVFSYIGLPLTLIVIEVIPFLVLAVGVDNIFILVQAYQRDERLQGETLDQQLGRVLGEVAPSMFLSSFSETVAFFLGALSVMPAVHTFSLFAGLAVFIDFLLQITCFVSLLGLDIKRQEKNRLDIFCCVRGAEDGTSVQASESCLFRFFKNSYSPLLLKDWMRPIVIAIFVGVLSFSIAVLNKVDIGLDQSLSMPDDSYMVDYFKSISQYLHAGPPVYFVLEEGHDYTSSKGQNMVCGGMGCNDDSLVQQIFNAAQLDNYTRIGFAPSSWIDDYFDWVKPQSSCCRVDNITDQFCNASVVDPACVRCRPLTPEGKQRPQGGDFMRFLPMFLSDNPNPKCGKGGHAAYSSAVNILLGHGTRVGATYFMTYHTVLQTSADFIDALKKARLIASNVTETMGINGSAYRVFPYSVFYVFYEQYLTIIDDTIFNLGVSLGAIFLVTMVLLGCELWSAVIMCATIAMVLVNMFGVMWLWGISLNAVSLVNLVMSCGISVEFCSHITRAFTVSMKGSRVERAEEALAHMGSSVFSGITLTKFGGIVVLAFAKSQIFQIFYFRMYLAMVLLGATHGLIFLPVLLSYIGPSVNKAKSCATEERYKGTERERLLNF,0.94846008,1,-2.652522939285016
N916H,MTARGLALGLLLLLLCPAQVFSQSCVWYGECGIAYGDKRYNCEYSGPPKPLPKDGYDLVQELCPGFFFGNVSLCCDVRQLQTLKDNLQLPLQFLSRCPSCFYNLLNLFCELTCSPRQSQFLNVTATEDYVDPVTNQTKTNVKELQYYVGQSFANAMYNACRDVEAPSSNDKALGLLCGKDADACNATNWIEYMFNKDNGQAPFTITPVFSDFPVHGMEPMNNATKGCDESVDEVTAPCSCQDCSIVCGPKPQPPPPPAPWTILGLDAMYVIMWITYMAFLLVFFGAFFAVWCYRKRYFVSEYTPIDSNIAFSVNASDKGEASCCDPVSAAFEGCLRRLFTRWGSFCVRNPGCVIFFSLVFITACSSGLVFVRVTTNPVDLWSAPSSQARLEKEYFDQHFGPFFRTEQLIIRAPLTDKHIYQPYPSGADVPFGPPLDIQILHQVLDLQIAIENITASYDNETVTLQDICLAPLSPYNTNCTILSVLNYFQNSHSVLDHKKGDDFFVYADYHTHFLYCVRAPASLNDTSLLHDPCLGTFGGPVFPWLVLGGYDDQNYNNATALVITFPVNNYYNDTEKLQRAQAWEKEFINFVKNYKNPNLTISFTAERSIEDELNRESDSDVFTVVISYAIMFLYISLALGHMKSCRRLLVDSKVSLGIAGILIVLSSVACSLGVFSYIGLPLTLIVIEVIPFLVLAVGVDNIFILVQAYQRDERLQGETLDQQLGRVLGEVAPSMFLSSFSETVAFFLGALSVMPAVHTFSLFAGLAVFIDFLLQITCFVSLLGLDIKRQEKNRLDIFCCVRGAEDGTSVQASESCLFRFFKNSYSPLLLKDWMRPIVIAIFVGVLSFSIAVLNKVDIGLDQSLSMPDDSYMVDYFKSISQYLHAGPPVYFVLEEGHDYTSSKGQNMVCGGMGCNHDSLVQQIFNAAQLDNYTRIGFAPSSWIDDYFDWVKPQSSCCRVDNITDQFCNASVVDPACVRCRPLTPEGKQRPQGGDFMRFLPMFLSDNPNPKCGKGGHAAYSSAVNILLGHGTRVGATYFMTYHTVLQTSADFIDALKKARLIASNVTETMGINGSAYRVFPYSVFYVFYEQYLTIIDDTIFNLGVSLGAIFLVTMVLLGCELWSAVIMCATIAMVLVNMFGVMWLWGISLNAVSLVNLVMSCGISVEFCSHITRAFTVSMKGSRVERAEEALAHMGSSVFSGITLTKFGGIVVLAFAKSQIFQIFYFRMYLAMVLLGATHGLIFLPVLLSYIGPSVNKAKSCATEERYKGTERERLLNF,0.878111924,1,-2.6530284135367763
N916I,MTARGLALGLLLLLLCPAQVFSQSCVWYGECGIAYGDKRYNCEYSGPPKPLPKDGYDLVQELCPGFFFGNVSLCCDVRQLQTLKDNLQLPLQFLSRCPSCFYNLLNLFCELTCSPRQSQFLNVTATEDYVDPVTNQTKTNVKELQYYVGQSFANAMYNACRDVEAPSSNDKALGLLCGKDADACNATNWIEYMFNKDNGQAPFTITPVFSDFPVHGMEPMNNATKGCDESVDEVTAPCSCQDCSIVCGPKPQPPPPPAPWTILGLDAMYVIMWITYMAFLLVFFGAFFAVWCYRKRYFVSEYTPIDSNIAFSVNASDKGEASCCDPVSAAFEGCLRRLFTRWGSFCVRNPGCVIFFSLVFITACSSGLVFVRVTTNPVDLWSAPSSQARLEKEYFDQHFGPFFRTEQLIIRAPLTDKHIYQPYPSGADVPFGPPLDIQILHQVLDLQIAIENITASYDNETVTLQDICLAPLSPYNTNCTILSVLNYFQNSHSVLDHKKGDDFFVYADYHTHFLYCVRAPASLNDTSLLHDPCLGTFGGPVFPWLVLGGYDDQNYNNATALVITFPVNNYYNDTEKLQRAQAWEKEFINFVKNYKNPNLTISFTAERSIEDELNRESDSDVFTVVISYAIMFLYISLALGHMKSCRRLLVDSKVSLGIAGILIVLSSVACSLGVFSYIGLPLTLIVIEVIPFLVLAVGVDNIFILVQAYQRDERLQGETLDQQLGRVLGEVAPSMFLSSFSETVAFFLGALSVMPAVHTFSLFAGLAVFIDFLLQITCFVSLLGLDIKRQEKNRLDIFCCVRGAEDGTSVQASESCLFRFFKNSYSPLLLKDWMRPIVIAIFVGVLSFSIAVLNKVDIGLDQSLSMPDDSYMVDYFKSISQYLHAGPPVYFVLEEGHDYTSSKGQNMVCGGMGCNIDSLVQQIFNAAQLDNYTRIGFAPSSWIDDYFDWVKPQSSCCRVDNITDQFCNASVVDPACVRCRPLTPEGKQRPQGGDFMRFLPMFLSDNPNPKCGKGGHAAYSSAVNILLGHGTRVGATYFMTYHTVLQTSADFIDALKKARLIASNVTETMGINGSAYRVFPYSVFYVFYEQYLTIIDDTIFNLGVSLGAIFLVTMVLLGCELWSAVIMCATIAMVLVNMFGVMWLWGISLNAVSLVNLVMSCGISVEFCSHITRAFTVSMKGSRVERAEEALAHMGSSVFSGITLTKFGGIVVLAFAKSQIFQIFYFRMYLAMVLLGATHGLIFLPVLLSYIGPSVNKAKSCATEERYKGTERERLLNF,0.639258161,0,-2.651687168366099
N916K,MTARGLALGLLLLLLCPAQVFSQSCVWYGECGIAYGDKRYNCEYSGPPKPLPKDGYDLVQELCPGFFFGNVSLCCDVRQLQTLKDNLQLPLQFLSRCPSCFYNLLNLFCELTCSPRQSQFLNVTATEDYVDPVTNQTKTNVKELQYYVGQSFANAMYNACRDVEAPSSNDKALGLLCGKDADACNATNWIEYMFNKDNGQAPFTITPVFSDFPVHGMEPMNNATKGCDESVDEVTAPCSCQDCSIVCGPKPQPPPPPAPWTILGLDAMYVIMWITYMAFLLVFFGAFFAVWCYRKRYFVSEYTPIDSNIAFSVNASDKGEASCCDPVSAAFEGCLRRLFTRWGSFCVRNPGCVIFFSLVFITACSSGLVFVRVTTNPVDLWSAPSSQARLEKEYFDQHFGPFFRTEQLIIRAPLTDKHIYQPYPSGADVPFGPPLDIQILHQVLDLQIAIENITASYDNETVTLQDICLAPLSPYNTNCTILSVLNYFQNSHSVLDHKKGDDFFVYADYHTHFLYCVRAPASLNDTSLLHDPCLGTFGGPVFPWLVLGGYDDQNYNNATALVITFPVNNYYNDTEKLQRAQAWEKEFINFVKNYKNPNLTISFTAERSIEDELNRESDSDVFTVVISYAIMFLYISLALGHMKSCRRLLVDSKVSLGIAGILIVLSSVACSLGVFSYIGLPLTLIVIEVIPFLVLAVGVDNIFILVQAYQRDERLQGETLDQQLGRVLGEVAPSMFLSSFSETVAFFLGALSVMPAVHTFSLFAGLAVFIDFLLQITCFVSLLGLDIKRQEKNRLDIFCCVRGAEDGTSVQASESCLFRFFKNSYSPLLLKDWMRPIVIAIFVGVLSFSIAVLNKVDIGLDQSLSMPDDSYMVDYFKSISQYLHAGPPVYFVLEEGHDYTSSKGQNMVCGGMGCNKDSLVQQIFNAAQLDNYTRIGFAPSSWIDDYFDWVKPQSSCCRVDNITDQFCNASVVDPACVRCRPLTPEGKQRPQGGDFMRFLPMFLSDNPNPKCGKGGHAAYSSAVNILLGHGTRVGATYFMTYHTVLQTSADFIDALKKARLIASNVTETMGINGSAYRVFPYSVFYVFYEQYLTIIDDTIFNLGVSLGAIFLVTMVLLGCELWSAVIMCATIAMVLVNMFGVMWLWGISLNAVSLVNLVMSCGISVEFCSHITRAFTVSMKGSRVERAEEALAHMGSSVFSGITLTKFGGIVVLAFAKSQIFQIFYFRMYLAMVLLGATHGLIFLPVLLSYIGPSVNKAKSCATEERYKGTERERLLNF,0.929039823,1,-2.6531478093823355
N916S,MTARGLALGLLLLLLCPAQVFSQSCVWYGECGIAYGDKRYNCEYSGPPKPLPKDGYDLVQELCPGFFFGNVSLCCDVRQLQTLKDNLQLPLQFLSRCPSCFYNLLNLFCELTCSPRQSQFLNVTATEDYVDPVTNQTKTNVKELQYYVGQSFANAMYNACRDVEAPSSNDKALGLLCGKDADACNATNWIEYMFNKDNGQAPFTITPVFSDFPVHGMEPMNNATKGCDESVDEVTAPCSCQDCSIVCGPKPQPPPPPAPWTILGLDAMYVIMWITYMAFLLVFFGAFFAVWCYRKRYFVSEYTPIDSNIAFSVNASDKGEASCCDPVSAAFEGCLRRLFTRWGSFCVRNPGCVIFFSLVFITACSSGLVFVRVTTNPVDLWSAPSSQARLEKEYFDQHFGPFFRTEQLIIRAPLTDKHIYQPYPSGADVPFGPPLDIQILHQVLDLQIAIENITASYDNETVTLQDICLAPLSPYNTNCTILSVLNYFQNSHSVLDHKKGDDFFVYADYHTHFLYCVRAPASLNDTSLLHDPCLGTFGGPVFPWLVLGGYDDQNYNNATALVITFPVNNYYNDTEKLQRAQAWEKEFINFVKNYKNPNLTISFTAERSIEDELNRESDSDVFTVVISYAIMFLYISLALGHMKSCRRLLVDSKVSLGIAGILIVLSSVACSLGVFSYIGLPLTLIVIEVIPFLVLAVGVDNIFILVQAYQRDERLQGETLDQQLGRVLGEVAPSMFLSSFSETVAFFLGALSVMPAVHTFSLFAGLAVFIDFLLQITCFVSLLGLDIKRQEKNRLDIFCCVRGAEDGTSVQASESCLFRFFKNSYSPLLLKDWMRPIVIAIFVGVLSFSIAVLNKVDIGLDQSLSMPDDSYMVDYFKSISQYLHAGPPVYFVLEEGHDYTSSKGQNMVCGGMGCNSDSLVQQIFNAAQLDNYTRIGFAPSSWIDDYFDWVKPQSSCCRVDNITDQFCNASVVDPACVRCRPLTPEGKQRPQGGDFMRFLPMFLSDNPNPKCGKGGHAAYSSAVNILLGHGTRVGATYFMTYHTVLQTSADFIDALKKARLIASNVTETMGINGSAYRVFPYSVFYVFYEQYLTIIDDTIFNLGVSLGAIFLVTMVLLGCELWSAVIMCATIAMVLVNMFGVMWLWGISLNAVSLVNLVMSCGISVEFCSHITRAFTVSMKGSRVERAEEALAHMGSSVFSGITLTKFGGIVVLAFAKSQIFQIFYFRMYLAMVLLGATHGLIFLPVLLSYIGPSVNKAKSCATEERYKGTERERLLNF,0.976190867,1,-2.6522533912240807
N916T,MTARGLALGLLLLLLCPAQVFSQSCVWYGECGIAYGDKRYNCEYSGPPKPLPKDGYDLVQELCPGFFFGNVSLCCDVRQLQTLKDNLQLPLQFLSRCPSCFYNLLNLFCELTCSPRQSQFLNVTATEDYVDPVTNQTKTNVKELQYYVGQSFANAMYNACRDVEAPSSNDKALGLLCGKDADACNATNWIEYMFNKDNGQAPFTITPVFSDFPVHGMEPMNNATKGCDESVDEVTAPCSCQDCSIVCGPKPQPPPPPAPWTILGLDAMYVIMWITYMAFLLVFFGAFFAVWCYRKRYFVSEYTPIDSNIAFSVNASDKGEASCCDPVSAAFEGCLRRLFTRWGSFCVRNPGCVIFFSLVFITACSSGLVFVRVTTNPVDLWSAPSSQARLEKEYFDQHFGPFFRTEQLIIRAPLTDKHIYQPYPSGADVPFGPPLDIQILHQVLDLQIAIENITASYDNETVTLQDICLAPLSPYNTNCTILSVLNYFQNSHSVLDHKKGDDFFVYADYHTHFLYCVRAPASLNDTSLLHDPCLGTFGGPVFPWLVLGGYDDQNYNNATALVITFPVNNYYNDTEKLQRAQAWEKEFINFVKNYKNPNLTISFTAERSIEDELNRESDSDVFTVVISYAIMFLYISLALGHMKSCRRLLVDSKVSLGIAGILIVLSSVACSLGVFSYIGLPLTLIVIEVIPFLVLAVGVDNIFILVQAYQRDERLQGETLDQQLGRVLGEVAPSMFLSSFSETVAFFLGALSVMPAVHTFSLFAGLAVFIDFLLQITCFVSLLGLDIKRQEKNRLDIFCCVRGAEDGTSVQASESCLFRFFKNSYSPLLLKDWMRPIVIAIFVGVLSFSIAVLNKVDIGLDQSLSMPDDSYMVDYFKSISQYLHAGPPVYFVLEEGHDYTSSKGQNMVCGGMGCNTDSLVQQIFNAAQLDNYTRIGFAPSSWIDDYFDWVKPQSSCCRVDNITDQFCNASVVDPACVRCRPLTPEGKQRPQGGDFMRFLPMFLSDNPNPKCGKGGHAAYSSAVNILLGHGTRVGATYFMTYHTVLQTSADFIDALKKARLIASNVTETMGINGSAYRVFPYSVFYVFYEQYLTIIDDTIFNLGVSLGAIFLVTMVLLGCELWSAVIMCATIAMVLVNMFGVMWLWGISLNAVSLVNLVMSCGISVEFCSHITRAFTVSMKGSRVERAEEALAHMGSSVFSGITLTKFGGIVVLAFAKSQIFQIFYFRMYLAMVLLGATHGLIFLPVLLSYIGPSVNKAKSCATEERYKGTERERLLNF,0.89113784,1,-2.6521181396102307
P422A,MTARGLALGLLLLLLCPAQVFSQSCVWYGECGIAYGDKRYNCEYSGPPKPLPKDGYDLVQELCPGFFFGNVSLCCDVRQLQTLKDNLQLPLQFLSRCPSCFYNLLNLFCELTCSPRQSQFLNVTATEDYVDPVTNQTKTNVKELQYYVGQSFANAMYNACRDVEAPSSNDKALGLLCGKDADACNATNWIEYMFNKDNGQAPFTITPVFSDFPVHGMEPMNNATKGCDESVDEVTAPCSCQDCSIVCGPKPQPPPPPAPWTILGLDAMYVIMWITYMAFLLVFFGAFFAVWCYRKRYFVSEYTPIDSNIAFSVNASDKGEASCCDPVSAAFEGCLRRLFTRWGSFCVRNPGCVIFFSLVFITACSSGLVFVRVTTNPVDLWSAPSSQARLEKEYFDQHFGPFFRTEQLIIRAPLTDKHIYQAYPSGADVPFGPPLDIQILHQVLDLQIAIENITASYDNETVTLQDICLAPLSPYNTNCTILSVLNYFQNSHSVLDHKKGDDFFVYADYHTHFLYCVRAPASLNDTSLLHDPCLGTFGGPVFPWLVLGGYDDQNYNNATALVITFPVNNYYNDTEKLQRAQAWEKEFINFVKNYKNPNLTISFTAERSIEDELNRESDSDVFTVVISYAIMFLYISLALGHMKSCRRLLVDSKVSLGIAGILIVLSSVACSLGVFSYIGLPLTLIVIEVIPFLVLAVGVDNIFILVQAYQRDERLQGETLDQQLGRVLGEVAPSMFLSSFSETVAFFLGALSVMPAVHTFSLFAGLAVFIDFLLQITCFVSLLGLDIKRQEKNRLDIFCCVRGAEDGTSVQASESCLFRFFKNSYSPLLLKDWMRPIVIAIFVGVLSFSIAVLNKVDIGLDQSLSMPDDSYMVDYFKSISQYLHAGPPVYFVLEEGHDYTSSKGQNMVCGGMGCNNDSLVQQIFNAAQLDNYTRIGFAPSSWIDDYFDWVKPQSSCCRVDNITDQFCNASVVDPACVRCRPLTPEGKQRPQGGDFMRFLPMFLSDNPNPKCGKGGHAAYSSAVNILLGHGTRVGATYFMTYHTVLQTSADFIDALKKARLIASNVTETMGINGSAYRVFPYSVFYVFYEQYLTIIDDTIFNLGVSLGAIFLVTMVLLGCELWSAVIMCATIAMVLVNMFGVMWLWGISLNAVSLVNLVMSCGISVEFCSHITRAFTVSMKGSRVERAEEALAHMGSSVFSGITLTKFGGIVVLAFAKSQIFQIFYFRMYLAMVLLGATHGLIFLPVLLSYIGPSVNKAKSCATEERYKGTERERLLNF,0.994630844,1,-2.6617697176985526
P422L,MTARGLALGLLLLLLCPAQVFSQSCVWYGECGIAYGDKRYNCEYSGPPKPLPKDGYDLVQELCPGFFFGNVSLCCDVRQLQTLKDNLQLPLQFLSRCPSCFYNLLNLFCELTCSPRQSQFLNVTATEDYVDPVTNQTKTNVKELQYYVGQSFANAMYNACRDVEAPSSNDKALGLLCGKDADACNATNWIEYMFNKDNGQAPFTITPVFSDFPVHGMEPMNNATKGCDESVDEVTAPCSCQDCSIVCGPKPQPPPPPAPWTILGLDAMYVIMWITYMAFLLVFFGAFFAVWCYRKRYFVSEYTPIDSNIAFSVNASDKGEASCCDPVSAAFEGCLRRLFTRWGSFCVRNPGCVIFFSLVFITACSSGLVFVRVTTNPVDLWSAPSSQARLEKEYFDQHFGPFFRTEQLIIRAPLTDKHIYQLYPSGADVPFGPPLDIQILHQVLDLQIAIENITASYDNETVTLQDICLAPLSPYNTNCTILSVLNYFQNSHSVLDHKKGDDFFVYADYHTHFLYCVRAPASLNDTSLLHDPCLGTFGGPVFPWLVLGGYDDQNYNNATALVITFPVNNYYNDTEKLQRAQAWEKEFINFVKNYKNPNLTISFTAERSIEDELNRESDSDVFTVVISYAIMFLYISLALGHMKSCRRLLVDSKVSLGIAGILIVLSSVACSLGVFSYIGLPLTLIVIEVIPFLVLAVGVDNIFILVQAYQRDERLQGETLDQQLGRVLGEVAPSMFLSSFSETVAFFLGALSVMPAVHTFSLFAGLAVFIDFLLQITCFVSLLGLDIKRQEKNRLDIFCCVRGAEDGTSVQASESCLFRFFKNSYSPLLLKDWMRPIVIAIFVGVLSFSIAVLNKVDIGLDQSLSMPDDSYMVDYFKSISQYLHAGPPVYFVLEEGHDYTSSKGQNMVCGGMGCNNDSLVQQIFNAAQLDNYTRIGFAPSSWIDDYFDWVKPQSSCCRVDNITDQFCNASVVDPACVRCRPLTPEGKQRPQGGDFMRFLPMFLSDNPNPKCGKGGHAAYSSAVNILLGHGTRVGATYFMTYHTVLQTSADFIDALKKARLIASNVTETMGINGSAYRVFPYSVFYVFYEQYLTIIDDTIFNLGVSLGAIFLVTMVLLGCELWSAVIMCATIAMVLVNMFGVMWLWGISLNAVSLVNLVMSCGISVEFCSHITRAFTVSMKGSRVERAEEALAHMGSSVFSGITLTKFGGIVVLAFAKSQIFQIFYFRMYLAMVLLGATHGLIFLPVLLSYIGPSVNKAKSCATEERYKGTERERLLNF,0.943902168,1,-2.665066571302817
P422Q,MTARGLALGLLLLLLCPAQVFSQSCVWYGECGIAYGDKRYNCEYSGPPKPLPKDGYDLVQELCPGFFFGNVSLCCDVRQLQTLKDNLQLPLQFLSRCPSCFYNLLNLFCELTCSPRQSQFLNVTATEDYVDPVTNQTKTNVKELQYYVGQSFANAMYNACRDVEAPSSNDKALGLLCGKDADACNATNWIEYMFNKDNGQAPFTITPVFSDFPVHGMEPMNNATKGCDESVDEVTAPCSCQDCSIVCGPKPQPPPPPAPWTILGLDAMYVIMWITYMAFLLVFFGAFFAVWCYRKRYFVSEYTPIDSNIAFSVNASDKGEASCCDPVSAAFEGCLRRLFTRWGSFCVRNPGCVIFFSLVFITACSSGLVFVRVTTNPVDLWSAPSSQARLEKEYFDQHFGPFFRTEQLIIRAPLTDKHIYQQYPSGADVPFGPPLDIQILHQVLDLQIAIENITASYDNETVTLQDICLAPLSPYNTNCTILSVLNYFQNSHSVLDHKKGDDFFVYADYHTHFLYCVRAPASLNDTSLLHDPCLGTFGGPVFPWLVLGGYDDQNYNNATALVITFPVNNYYNDTEKLQRAQAWEKEFINFVKNYKNPNLTISFTAERSIEDELNRESDSDVFTVVISYAIMFLYISLALGHMKSCRRLLVDSKVSLGIAGILIVLSSVACSLGVFSYIGLPLTLIVIEVIPFLVLAVGVDNIFILVQAYQRDERLQGETLDQQLGRVLGEVAPSMFLSSFSETVAFFLGALSVMPAVHTFSLFAGLAVFIDFLLQITCFVSLLGLDIKRQEKNRLDIFCCVRGAEDGTSVQASESCLFRFFKNSYSPLLLKDWMRPIVIAIFVGVLSFSIAVLNKVDIGLDQSLSMPDDSYMVDYFKSISQYLHAGPPVYFVLEEGHDYTSSKGQNMVCGGMGCNNDSLVQQIFNAAQLDNYTRIGFAPSSWIDDYFDWVKPQSSCCRVDNITDQFCNASVVDPACVRCRPLTPEGKQRPQGGDFMRFLPMFLSDNPNPKCGKGGHAAYSSAVNILLGHGTRVGATYFMTYHTVLQTSADFIDALKKARLIASNVTETMGINGSAYRVFPYSVFYVFYEQYLTIIDDTIFNLGVSLGAIFLVTMVLLGCELWSAVIMCATIAMVLVNMFGVMWLWGISLNAVSLVNLVMSCGISVEFCSHITRAFTVSMKGSRVERAEEALAHMGSSVFSGITLTKFGGIVVLAFAKSQIFQIFYFRMYLAMVLLGATHGLIFLPVLLSYIGPSVNKAKSCATEERYKGTERERLLNF,0.98486164,1,-2.662981633289319
P422R,MTARGLALGLLLLLLCPAQVFSQSCVWYGECGIAYGDKRYNCEYSGPPKPLPKDGYDLVQELCPGFFFGNVSLCCDVRQLQTLKDNLQLPLQFLSRCPSCFYNLLNLFCELTCSPRQSQFLNVTATEDYVDPVTNQTKTNVKELQYYVGQSFANAMYNACRDVEAPSSNDKALGLLCGKDADACNATNWIEYMFNKDNGQAPFTITPVFSDFPVHGMEPMNNATKGCDESVDEVTAPCSCQDCSIVCGPKPQPPPPPAPWTILGLDAMYVIMWITYMAFLLVFFGAFFAVWCYRKRYFVSEYTPIDSNIAFSVNASDKGEASCCDPVSAAFEGCLRRLFTRWGSFCVRNPGCVIFFSLVFITACSSGLVFVRVTTNPVDLWSAPSSQARLEKEYFDQHFGPFFRTEQLIIRAPLTDKHIYQRYPSGADVPFGPPLDIQILHQVLDLQIAIENITASYDNETVTLQDICLAPLSPYNTNCTILSVLNYFQNSHSVLDHKKGDDFFVYADYHTHFLYCVRAPASLNDTSLLHDPCLGTFGGPVFPWLVLGGYDDQNYNNATALVITFPVNNYYNDTEKLQRAQAWEKEFINFVKNYKNPNLTISFTAERSIEDELNRESDSDVFTVVISYAIMFLYISLALGHMKSCRRLLVDSKVSLGIAGILIVLSSVACSLGVFSYIGLPLTLIVIEVIPFLVLAVGVDNIFILVQAYQRDERLQGETLDQQLGRVLGEVAPSMFLSSFSETVAFFLGALSVMPAVHTFSLFAGLAVFIDFLLQITCFVSLLGLDIKRQEKNRLDIFCCVRGAEDGTSVQASESCLFRFFKNSYSPLLLKDWMRPIVIAIFVGVLSFSIAVLNKVDIGLDQSLSMPDDSYMVDYFKSISQYLHAGPPVYFVLEEGHDYTSSKGQNMVCGGMGCNNDSLVQQIFNAAQLDNYTRIGFAPSSWIDDYFDWVKPQSSCCRVDNITDQFCNASVVDPACVRCRPLTPEGKQRPQGGDFMRFLPMFLSDNPNPKCGKGGHAAYSSAVNILLGHGTRVGATYFMTYHTVLQTSADFIDALKKARLIASNVTETMGINGSAYRVFPYSVFYVFYEQYLTIIDDTIFNLGVSLGAIFLVTMVLLGCELWSAVIMCATIAMVLVNMFGVMWLWGISLNAVSLVNLVMSCGISVEFCSHITRAFTVSMKGSRVERAEEALAHMGSSVFSGITLTKFGGIVVLAFAKSQIFQIFYFRMYLAMVLLGATHGLIFLPVLLSYIGPSVNKAKSCATEERYKGTERERLLNF,0.897440294,1,-2.6613645359570617
P422S,MTARGLALGLLLLLLCPAQVFSQSCVWYGECGIAYGDKRYNCEYSGPPKPLPKDGYDLVQELCPGFFFGNVSLCCDVRQLQTLKDNLQLPLQFLSRCPSCFYNLLNLFCELTCSPRQSQFLNVTATEDYVDPVTNQTKTNVKELQYYVGQSFANAMYNACRDVEAPSSNDKALGLLCGKDADACNATNWIEYMFNKDNGQAPFTITPVFSDFPVHGMEPMNNATKGCDESVDEVTAPCSCQDCSIVCGPKPQPPPPPAPWTILGLDAMYVIMWITYMAFLLVFFGAFFAVWCYRKRYFVSEYTPIDSNIAFSVNASDKGEASCCDPVSAAFEGCLRRLFTRWGSFCVRNPGCVIFFSLVFITACSSGLVFVRVTTNPVDLWSAPSSQARLEKEYFDQHFGPFFRTEQLIIRAPLTDKHIYQSYPSGADVPFGPPLDIQILHQVLDLQIAIENITASYDNETVTLQDICLAPLSPYNTNCTILSVLNYFQNSHSVLDHKKGDDFFVYADYHTHFLYCVRAPASLNDTSLLHDPCLGTFGGPVFPWLVLGGYDDQNYNNATALVITFPVNNYYNDTEKLQRAQAWEKEFINFVKNYKNPNLTISFTAERSIEDELNRESDSDVFTVVISYAIMFLYISLALGHMKSCRRLLVDSKVSLGIAGILIVLSSVACSLGVFSYIGLPLTLIVIEVIPFLVLAVGVDNIFILVQAYQRDERLQGETLDQQLGRVLGEVAPSMFLSSFSETVAFFLGALSVMPAVHTFSLFAGLAVFIDFLLQITCFVSLLGLDIKRQEKNRLDIFCCVRGAEDGTSVQASESCLFRFFKNSYSPLLLKDWMRPIVIAIFVGVLSFSIAVLNKVDIGLDQSLSMPDDSYMVDYFKSISQYLHAGPPVYFVLEEGHDYTSSKGQNMVCGGMGCNNDSLVQQIFNAAQLDNYTRIGFAPSSWIDDYFDWVKPQSSCCRVDNITDQFCNASVVDPACVRCRPLTPEGKQRPQGGDFMRFLPMFLSDNPNPKCGKGGHAAYSSAVNILLGHGTRVGATYFMTYHTVLQTSADFIDALKKARLIASNVTETMGINGSAYRVFPYSVFYVFYEQYLTIIDDTIFNLGVSLGAIFLVTMVLLGCELWSAVIMCATIAMVLVNMFGVMWLWGISLNAVSLVNLVMSCGISVEFCSHITRAFTVSMKGSRVERAEEALAHMGSSVFSGITLTKFGGIVVLAFAKSQIFQIFYFRMYLAMVLLGATHGLIFLPVLLSYIGPSVNKAKSCATEERYKGTERERLLNF,1.030976673,1,-2.6631252903706963
P422T,MTARGLALGLLLLLLCPAQVFSQSCVWYGECGIAYGDKRYNCEYSGPPKPLPKDGYDLVQELCPGFFFGNVSLCCDVRQLQTLKDNLQLPLQFLSRCPSCFYNLLNLFCELTCSPRQSQFLNVTATEDYVDPVTNQTKTNVKELQYYVGQSFANAMYNACRDVEAPSSNDKALGLLCGKDADACNATNWIEYMFNKDNGQAPFTITPVFSDFPVHGMEPMNNATKGCDESVDEVTAPCSCQDCSIVCGPKPQPPPPPAPWTILGLDAMYVIMWITYMAFLLVFFGAFFAVWCYRKRYFVSEYTPIDSNIAFSVNASDKGEASCCDPVSAAFEGCLRRLFTRWGSFCVRNPGCVIFFSLVFITACSSGLVFVRVTTNPVDLWSAPSSQARLEKEYFDQHFGPFFRTEQLIIRAPLTDKHIYQTYPSGADVPFGPPLDIQILHQVLDLQIAIENITASYDNETVTLQDICLAPLSPYNTNCTILSVLNYFQNSHSVLDHKKGDDFFVYADYHTHFLYCVRAPASLNDTSLLHDPCLGTFGGPVFPWLVLGGYDDQNYNNATALVITFPVNNYYNDTEKLQRAQAWEKEFINFVKNYKNPNLTISFTAERSIEDELNRESDSDVFTVVISYAIMFLYISLALGHMKSCRRLLVDSKVSLGIAGILIVLSSVACSLGVFSYIGLPLTLIVIEVIPFLVLAVGVDNIFILVQAYQRDERLQGETLDQQLGRVLGEVAPSMFLSSFSETVAFFLGALSVMPAVHTFSLFAGLAVFIDFLLQITCFVSLLGLDIKRQEKNRLDIFCCVRGAEDGTSVQASESCLFRFFKNSYSPLLLKDWMRPIVIAIFVGVLSFSIAVLNKVDIGLDQSLSMPDDSYMVDYFKSISQYLHAGPPVYFVLEEGHDYTSSKGQNMVCGGMGCNNDSLVQQIFNAAQLDNYTRIGFAPSSWIDDYFDWVKPQSSCCRVDNITDQFCNASVVDPACVRCRPLTPEGKQRPQGGDFMRFLPMFLSDNPNPKCGKGGHAAYSSAVNILLGHGTRVGATYFMTYHTVLQTSADFIDALKKARLIASNVTETMGINGSAYRVFPYSVFYVFYEQYLTIIDDTIFNLGVSLGAIFLVTMVLLGCELWSAVIMCATIAMVLVNMFGVMWLWGISLNAVSLVNLVMSCGISVEFCSHITRAFTVSMKGSRVERAEEALAHMGSSVFSGITLTKFGGIVVLAFAKSQIFQIFYFRMYLAMVLLGATHGLIFLPVLLSYIGPSVNKAKSCATEERYKGTERERLLNF,0.959000941,1,-2.666226907888302
P424A,MTARGLALGLLLLLLCPAQVFSQSCVWYGECGIAYGDKRYNCEYSGPPKPLPKDGYDLVQELCPGFFFGNVSLCCDVRQLQTLKDNLQLPLQFLSRCPSCFYNLLNLFCELTCSPRQSQFLNVTATEDYVDPVTNQTKTNVKELQYYVGQSFANAMYNACRDVEAPSSNDKALGLLCGKDADACNATNWIEYMFNKDNGQAPFTITPVFSDFPVHGMEPMNNATKGCDESVDEVTAPCSCQDCSIVCGPKPQPPPPPAPWTILGLDAMYVIMWITYMAFLLVFFGAFFAVWCYRKRYFVSEYTPIDSNIAFSVNASDKGEASCCDPVSAAFEGCLRRLFTRWGSFCVRNPGCVIFFSLVFITACSSGLVFVRVTTNPVDLWSAPSSQARLEKEYFDQHFGPFFRTEQLIIRAPLTDKHIYQPYASGADVPFGPPLDIQILHQVLDLQIAIENITASYDNETVTLQDICLAPLSPYNTNCTILSVLNYFQNSHSVLDHKKGDDFFVYADYHTHFLYCVRAPASLNDTSLLHDPCLGTFGGPVFPWLVLGGYDDQNYNNATALVITFPVNNYYNDTEKLQRAQAWEKEFINFVKNYKNPNLTISFTAERSIEDELNRESDSDVFTVVISYAIMFLYISLALGHMKSCRRLLVDSKVSLGIAGILIVLSSVACSLGVFSYIGLPLTLIVIEVIPFLVLAVGVDNIFILVQAYQRDERLQGETLDQQLGRVLGEVAPSMFLSSFSETVAFFLGALSVMPAVHTFSLFAGLAVFIDFLLQITCFVSLLGLDIKRQEKNRLDIFCCVRGAEDGTSVQASESCLFRFFKNSYSPLLLKDWMRPIVIAIFVGVLSFSIAVLNKVDIGLDQSLSMPDDSYMVDYFKSISQYLHAGPPVYFVLEEGHDYTSSKGQNMVCGGMGCNNDSLVQQIFNAAQLDNYTRIGFAPSSWIDDYFDWVKPQSSCCRVDNITDQFCNASVVDPACVRCRPLTPEGKQRPQGGDFMRFLPMFLSDNPNPKCGKGGHAAYSSAVNILLGHGTRVGATYFMTYHTVLQTSADFIDALKKARLIASNVTETMGINGSAYRVFPYSVFYVFYEQYLTIIDDTIFNLGVSLGAIFLVTMVLLGCELWSAVIMCATIAMVLVNMFGVMWLWGISLNAVSLVNLVMSCGISVEFCSHITRAFTVSMKGSRVERAEEALAHMGSSVFSGITLTKFGGIVVLAFAKSQIFQIFYFRMYLAMVLLGATHGLIFLPVLLSYIGPSVNKAKSCATEERYKGTERERLLNF,0.956758459,1,-2.6580917525552623
P424H,MTARGLALGLLLLLLCPAQVFSQSCVWYGECGIAYGDKRYNCEYSGPPKPLPKDGYDLVQELCPGFFFGNVSLCCDVRQLQTLKDNLQLPLQFLSRCPSCFYNLLNLFCELTCSPRQSQFLNVTATEDYVDPVTNQTKTNVKELQYYVGQSFANAMYNACRDVEAPSSNDKALGLLCGKDADACNATNWIEYMFNKDNGQAPFTITPVFSDFPVHGMEPMNNATKGCDESVDEVTAPCSCQDCSIVCGPKPQPPPPPAPWTILGLDAMYVIMWITYMAFLLVFFGAFFAVWCYRKRYFVSEYTPIDSNIAFSVNASDKGEASCCDPVSAAFEGCLRRLFTRWGSFCVRNPGCVIFFSLVFITACSSGLVFVRVTTNPVDLWSAPSSQARLEKEYFDQHFGPFFRTEQLIIRAPLTDKHIYQPYHSGADVPFGPPLDIQILHQVLDLQIAIENITASYDNETVTLQDICLAPLSPYNTNCTILSVLNYFQNSHSVLDHKKGDDFFVYADYHTHFLYCVRAPASLNDTSLLHDPCLGTFGGPVFPWLVLGGYDDQNYNNATALVITFPVNNYYNDTEKLQRAQAWEKEFINFVKNYKNPNLTISFTAERSIEDELNRESDSDVFTVVISYAIMFLYISLALGHMKSCRRLLVDSKVSLGIAGILIVLSSVACSLGVFSYIGLPLTLIVIEVIPFLVLAVGVDNIFILVQAYQRDERLQGETLDQQLGRVLGEVAPSMFLSSFSETVAFFLGALSVMPAVHTFSLFAGLAVFIDFLLQITCFVSLLGLDIKRQEKNRLDIFCCVRGAEDGTSVQASESCLFRFFKNSYSPLLLKDWMRPIVIAIFVGVLSFSIAVLNKVDIGLDQSLSMPDDSYMVDYFKSISQYLHAGPPVYFVLEEGHDYTSSKGQNMVCGGMGCNNDSLVQQIFNAAQLDNYTRIGFAPSSWIDDYFDWVKPQSSCCRVDNITDQFCNASVVDPACVRCRPLTPEGKQRPQGGDFMRFLPMFLSDNPNPKCGKGGHAAYSSAVNILLGHGTRVGATYFMTYHTVLQTSADFIDALKKARLIASNVTETMGINGSAYRVFPYSVFYVFYEQYLTIIDDTIFNLGVSLGAIFLVTMVLLGCELWSAVIMCATIAMVLVNMFGVMWLWGISLNAVSLVNLVMSCGISVEFCSHITRAFTVSMKGSRVERAEEALAHMGSSVFSGITLTKFGGIVVLAFAKSQIFQIFYFRMYLAMVLLGATHGLIFLPVLLSYIGPSVNKAKSCATEERYKGTERERLLNF,0.320818317,0,-2.657770625489045
P424L,MTARGLALGLLLLLLCPAQVFSQSCVWYGECGIAYGDKRYNCEYSGPPKPLPKDGYDLVQELCPGFFFGNVSLCCDVRQLQTLKDNLQLPLQFLSRCPSCFYNLLNLFCELTCSPRQSQFLNVTATEDYVDPVTNQTKTNVKELQYYVGQSFANAMYNACRDVEAPSSNDKALGLLCGKDADACNATNWIEYMFNKDNGQAPFTITPVFSDFPVHGMEPMNNATKGCDESVDEVTAPCSCQDCSIVCGPKPQPPPPPAPWTILGLDAMYVIMWITYMAFLLVFFGAFFAVWCYRKRYFVSEYTPIDSNIAFSVNASDKGEASCCDPVSAAFEGCLRRLFTRWGSFCVRNPGCVIFFSLVFITACSSGLVFVRVTTNPVDLWSAPSSQARLEKEYFDQHFGPFFRTEQLIIRAPLTDKHIYQPYLSGADVPFGPPLDIQILHQVLDLQIAIENITASYDNETVTLQDICLAPLSPYNTNCTILSVLNYFQNSHSVLDHKKGDDFFVYADYHTHFLYCVRAPASLNDTSLLHDPCLGTFGGPVFPWLVLGGYDDQNYNNATALVITFPVNNYYNDTEKLQRAQAWEKEFINFVKNYKNPNLTISFTAERSIEDELNRESDSDVFTVVISYAIMFLYISLALGHMKSCRRLLVDSKVSLGIAGILIVLSSVACSLGVFSYIGLPLTLIVIEVIPFLVLAVGVDNIFILVQAYQRDERLQGETLDQQLGRVLGEVAPSMFLSSFSETVAFFLGALSVMPAVHTFSLFAGLAVFIDFLLQITCFVSLLGLDIKRQEKNRLDIFCCVRGAEDGTSVQASESCLFRFFKNSYSPLLLKDWMRPIVIAIFVGVLSFSIAVLNKVDIGLDQSLSMPDDSYMVDYFKSISQYLHAGPPVYFVLEEGHDYTSSKGQNMVCGGMGCNNDSLVQQIFNAAQLDNYTRIGFAPSSWIDDYFDWVKPQSSCCRVDNITDQFCNASVVDPACVRCRPLTPEGKQRPQGGDFMRFLPMFLSDNPNPKCGKGGHAAYSSAVNILLGHGTRVGATYFMTYHTVLQTSADFIDALKKARLIASNVTETMGINGSAYRVFPYSVFYVFYEQYLTIIDDTIFNLGVSLGAIFLVTMVLLGCELWSAVIMCATIAMVLVNMFGVMWLWGISLNAVSLVNLVMSCGISVEFCSHITRAFTVSMKGSRVERAEEALAHMGSSVFSGITLTKFGGIVVLAFAKSQIFQIFYFRMYLAMVLLGATHGLIFLPVLLSYIGPSVNKAKSCATEERYKGTERERLLNF,0.961547232,1,-2.657441857088713
P424R,MTARGLALGLLLLLLCPAQVFSQSCVWYGECGIAYGDKRYNCEYSGPPKPLPKDGYDLVQELCPGFFFGNVSLCCDVRQLQTLKDNLQLPLQFLSRCPSCFYNLLNLFCELTCSPRQSQFLNVTATEDYVDPVTNQTKTNVKELQYYVGQSFANAMYNACRDVEAPSSNDKALGLLCGKDADACNATNWIEYMFNKDNGQAPFTITPVFSDFPVHGMEPMNNATKGCDESVDEVTAPCSCQDCSIVCGPKPQPPPPPAPWTILGLDAMYVIMWITYMAFLLVFFGAFFAVWCYRKRYFVSEYTPIDSNIAFSVNASDKGEASCCDPVSAAFEGCLRRLFTRWGSFCVRNPGCVIFFSLVFITACSSGLVFVRVTTNPVDLWSAPSSQARLEKEYFDQHFGPFFRTEQLIIRAPLTDKHIYQPYRSGADVPFGPPLDIQILHQVLDLQIAIENITASYDNETVTLQDICLAPLSPYNTNCTILSVLNYFQNSHSVLDHKKGDDFFVYADYHTHFLYCVRAPASLNDTSLLHDPCLGTFGGPVFPWLVLGGYDDQNYNNATALVITFPVNNYYNDTEKLQRAQAWEKEFINFVKNYKNPNLTISFTAERSIEDELNRESDSDVFTVVISYAIMFLYISLALGHMKSCRRLLVDSKVSLGIAGILIVLSSVACSLGVFSYIGLPLTLIVIEVIPFLVLAVGVDNIFILVQAYQRDERLQGETLDQQLGRVLGEVAPSMFLSSFSETVAFFLGALSVMPAVHTFSLFAGLAVFIDFLLQITCFVSLLGLDIKRQEKNRLDIFCCVRGAEDGTSVQASESCLFRFFKNSYSPLLLKDWMRPIVIAIFVGVLSFSIAVLNKVDIGLDQSLSMPDDSYMVDYFKSISQYLHAGPPVYFVLEEGHDYTSSKGQNMVCGGMGCNNDSLVQQIFNAAQLDNYTRIGFAPSSWIDDYFDWVKPQSSCCRVDNITDQFCNASVVDPACVRCRPLTPEGKQRPQGGDFMRFLPMFLSDNPNPKCGKGGHAAYSSAVNILLGHGTRVGATYFMTYHTVLQTSADFIDALKKARLIASNVTETMGINGSAYRVFPYSVFYVFYEQYLTIIDDTIFNLGVSLGAIFLVTMVLLGCELWSAVIMCATIAMVLVNMFGVMWLWGISLNAVSLVNLVMSCGISVEFCSHITRAFTVSMKGSRVERAEEALAHMGSSVFSGITLTKFGGIVVLAFAKSQIFQIFYFRMYLAMVLLGATHGLIFLPVLLSYIGPSVNKAKSCATEERYKGTERERLLNF,0.136736421,0,-2.6575536116001564
P424S,MTARGLALGLLLLLLCPAQVFSQSCVWYGECGIAYGDKRYNCEYSGPPKPLPKDGYDLVQELCPGFFFGNVSLCCDVRQLQTLKDNLQLPLQFLSRCPSCFYNLLNLFCELTCSPRQSQFLNVTATEDYVDPVTNQTKTNVKELQYYVGQSFANAMYNACRDVEAPSSNDKALGLLCGKDADACNATNWIEYMFNKDNGQAPFTITPVFSDFPVHGMEPMNNATKGCDESVDEVTAPCSCQDCSIVCGPKPQPPPPPAPWTILGLDAMYVIMWITYMAFLLVFFGAFFAVWCYRKRYFVSEYTPIDSNIAFSVNASDKGEASCCDPVSAAFEGCLRRLFTRWGSFCVRNPGCVIFFSLVFITACSSGLVFVRVTTNPVDLWSAPSSQARLEKEYFDQHFGPFFRTEQLIIRAPLTDKHIYQPYSSGADVPFGPPLDIQILHQVLDLQIAIENITASYDNETVTLQDICLAPLSPYNTNCTILSVLNYFQNSHSVLDHKKGDDFFVYADYHTHFLYCVRAPASLNDTSLLHDPCLGTFGGPVFPWLVLGGYDDQNYNNATALVITFPVNNYYNDTEKLQRAQAWEKEFINFVKNYKNPNLTISFTAERSIEDELNRESDSDVFTVVISYAIMFLYISLALGHMKSCRRLLVDSKVSLGIAGILIVLSSVACSLGVFSYIGLPLTLIVIEVIPFLVLAVGVDNIFILVQAYQRDERLQGETLDQQLGRVLGEVAPSMFLSSFSETVAFFLGALSVMPAVHTFSLFAGLAVFIDFLLQITCFVSLLGLDIKRQEKNRLDIFCCVRGAEDGTSVQASESCLFRFFKNSYSPLLLKDWMRPIVIAIFVGVLSFSIAVLNKVDIGLDQSLSMPDDSYMVDYFKSISQYLHAGPPVYFVLEEGHDYTSSKGQNMVCGGMGCNNDSLVQQIFNAAQLDNYTRIGFAPSSWIDDYFDWVKPQSSCCRVDNITDQFCNASVVDPACVRCRPLTPEGKQRPQGGDFMRFLPMFLSDNPNPKCGKGGHAAYSSAVNILLGHGTRVGATYFMTYHTVLQTSADFIDALKKARLIASNVTETMGINGSAYRVFPYSVFYVFYEQYLTIIDDTIFNLGVSLGAIFLVTMVLLGCELWSAVIMCATIAMVLVNMFGVMWLWGISLNAVSLVNLVMSCGISVEFCSHITRAFTVSMKGSRVERAEEALAHMGSSVFSGITLTKFGGIVVLAFAKSQIFQIFYFRMYLAMVLLGATHGLIFLPVLLSYIGPSVNKAKSCATEERYKGTERERLLNF,0.936562062,1,-2.658508778364632
P424T,MTARGLALGLLLLLLCPAQVFSQSCVWYGECGIAYGDKRYNCEYSGPPKPLPKDGYDLVQELCPGFFFGNVSLCCDVRQLQTLKDNLQLPLQFLSRCPSCFYNLLNLFCELTCSPRQSQFLNVTATEDYVDPVTNQTKTNVKELQYYVGQSFANAMYNACRDVEAPSSNDKALGLLCGKDADACNATNWIEYMFNKDNGQAPFTITPVFSDFPVHGMEPMNNATKGCDESVDEVTAPCSCQDCSIVCGPKPQPPPPPAPWTILGLDAMYVIMWITYMAFLLVFFGAFFAVWCYRKRYFVSEYTPIDSNIAFSVNASDKGEASCCDPVSAAFEGCLRRLFTRWGSFCVRNPGCVIFFSLVFITACSSGLVFVRVTTNPVDLWSAPSSQARLEKEYFDQHFGPFFRTEQLIIRAPLTDKHIYQPYTSGADVPFGPPLDIQILHQVLDLQIAIENITASYDNETVTLQDICLAPLSPYNTNCTILSVLNYFQNSHSVLDHKKGDDFFVYADYHTHFLYCVRAPASLNDTSLLHDPCLGTFGGPVFPWLVLGGYDDQNYNNATALVITFPVNNYYNDTEKLQRAQAWEKEFINFVKNYKNPNLTISFTAERSIEDELNRESDSDVFTVVISYAIMFLYISLALGHMKSCRRLLVDSKVSLGIAGILIVLSSVACSLGVFSYIGLPLTLIVIEVIPFLVLAVGVDNIFILVQAYQRDERLQGETLDQQLGRVLGEVAPSMFLSSFSETVAFFLGALSVMPAVHTFSLFAGLAVFIDFLLQITCFVSLLGLDIKRQEKNRLDIFCCVRGAEDGTSVQASESCLFRFFKNSYSPLLLKDWMRPIVIAIFVGVLSFSIAVLNKVDIGLDQSLSMPDDSYMVDYFKSISQYLHAGPPVYFVLEEGHDYTSSKGQNMVCGGMGCNNDSLVQQIFNAAQLDNYTRIGFAPSSWIDDYFDWVKPQSSCCRVDNITDQFCNASVVDPACVRCRPLTPEGKQRPQGGDFMRFLPMFLSDNPNPKCGKGGHAAYSSAVNILLGHGTRVGATYFMTYHTVLQTSADFIDALKKARLIASNVTETMGINGSAYRVFPYSVFYVFYEQYLTIIDDTIFNLGVSLGAIFLVTMVLLGCELWSAVIMCATIAMVLVNMFGVMWLWGISLNAVSLVNLVMSCGISVEFCSHITRAFTVSMKGSRVERAEEALAHMGSSVFSGITLTKFGGIVVLAFAKSQIFQIFYFRMYLAMVLLGATHGLIFLPVLLSYIGPSVNKAKSCATEERYKGTERERLLNF,0.948871243,1,-2.6590547516872065
Q421E,MTARGLALGLLLLLLCPAQVFSQSCVWYGECGIAYGDKRYNCEYSGPPKPLPKDGYDLVQELCPGFFFGNVSLCCDVRQLQTLKDNLQLPLQFLSRCPSCFYNLLNLFCELTCSPRQSQFLNVTATEDYVDPVTNQTKTNVKELQYYVGQSFANAMYNACRDVEAPSSNDKALGLLCGKDADACNATNWIEYMFNKDNGQAPFTITPVFSDFPVHGMEPMNNATKGCDESVDEVTAPCSCQDCSIVCGPKPQPPPPPAPWTILGLDAMYVIMWITYMAFLLVFFGAFFAVWCYRKRYFVSEYTPIDSNIAFSVNASDKGEASCCDPVSAAFEGCLRRLFTRWGSFCVRNPGCVIFFSLVFITACSSGLVFVRVTTNPVDLWSAPSSQARLEKEYFDQHFGPFFRTEQLIIRAPLTDKHIYEPYPSGADVPFGPPLDIQILHQVLDLQIAIENITASYDNETVTLQDICLAPLSPYNTNCTILSVLNYFQNSHSVLDHKKGDDFFVYADYHTHFLYCVRAPASLNDTSLLHDPCLGTFGGPVFPWLVLGGYDDQNYNNATALVITFPVNNYYNDTEKLQRAQAWEKEFINFVKNYKNPNLTISFTAERSIEDELNRESDSDVFTVVISYAIMFLYISLALGHMKSCRRLLVDSKVSLGIAGILIVLSSVACSLGVFSYIGLPLTLIVIEVIPFLVLAVGVDNIFILVQAYQRDERLQGETLDQQLGRVLGEVAPSMFLSSFSETVAFFLGALSVMPAVHTFSLFAGLAVFIDFLLQITCFVSLLGLDIKRQEKNRLDIFCCVRGAEDGTSVQASESCLFRFFKNSYSPLLLKDWMRPIVIAIFVGVLSFSIAVLNKVDIGLDQSLSMPDDSYMVDYFKSISQYLHAGPPVYFVLEEGHDYTSSKGQNMVCGGMGCNNDSLVQQIFNAAQLDNYTRIGFAPSSWIDDYFDWVKPQSSCCRVDNITDQFCNASVVDPACVRCRPLTPEGKQRPQGGDFMRFLPMFLSDNPNPKCGKGGHAAYSSAVNILLGHGTRVGATYFMTYHTVLQTSADFIDALKKARLIASNVTETMGINGSAYRVFPYSVFYVFYEQYLTIIDDTIFNLGVSLGAIFLVTMVLLGCELWSAVIMCATIAMVLVNMFGVMWLWGISLNAVSLVNLVMSCGISVEFCSHITRAFTVSMKGSRVERAEEALAHMGSSVFSGITLTKFGGIVVLAFAKSQIFQIFYFRMYLAMVLLGATHGLIFLPVLLSYIGPSVNKAKSCATEERYKGTERERLLNF,1.014541033,1,-2.654577502995403
Q421H,MTARGLALGLLLLLLCPAQVFSQSCVWYGECGIAYGDKRYNCEYSGPPKPLPKDGYDLVQELCPGFFFGNVSLCCDVRQLQTLKDNLQLPLQFLSRCPSCFYNLLNLFCELTCSPRQSQFLNVTATEDYVDPVTNQTKTNVKELQYYVGQSFANAMYNACRDVEAPSSNDKALGLLCGKDADACNATNWIEYMFNKDNGQAPFTITPVFSDFPVHGMEPMNNATKGCDESVDEVTAPCSCQDCSIVCGPKPQPPPPPAPWTILGLDAMYVIMWITYMAFLLVFFGAFFAVWCYRKRYFVSEYTPIDSNIAFSVNASDKGEASCCDPVSAAFEGCLRRLFTRWGSFCVRNPGCVIFFSLVFITACSSGLVFVRVTTNPVDLWSAPSSQARLEKEYFDQHFGPFFRTEQLIIRAPLTDKHIYHPYPSGADVPFGPPLDIQILHQVLDLQIAIENITASYDNETVTLQDICLAPLSPYNTNCTILSVLNYFQNSHSVLDHKKGDDFFVYADYHTHFLYCVRAPASLNDTSLLHDPCLGTFGGPVFPWLVLGGYDDQNYNNATALVITFPVNNYYNDTEKLQRAQAWEKEFINFVKNYKNPNLTISFTAERSIEDELNRESDSDVFTVVISYAIMFLYISLALGHMKSCRRLLVDSKVSLGIAGILIVLSSVACSLGVFSYIGLPLTLIVIEVIPFLVLAVGVDNIFILVQAYQRDERLQGETLDQQLGRVLGEVAPSMFLSSFSETVAFFLGALSVMPAVHTFSLFAGLAVFIDFLLQITCFVSLLGLDIKRQEKNRLDIFCCVRGAEDGTSVQASESCLFRFFKNSYSPLLLKDWMRPIVIAIFVGVLSFSIAVLNKVDIGLDQSLSMPDDSYMVDYFKSISQYLHAGPPVYFVLEEGHDYTSSKGQNMVCGGMGCNNDSLVQQIFNAAQLDNYTRIGFAPSSWIDDYFDWVKPQSSCCRVDNITDQFCNASVVDPACVRCRPLTPEGKQRPQGGDFMRFLPMFLSDNPNPKCGKGGHAAYSSAVNILLGHGTRVGATYFMTYHTVLQTSADFIDALKKARLIASNVTETMGINGSAYRVFPYSVFYVFYEQYLTIIDDTIFNLGVSLGAIFLVTMVLLGCELWSAVIMCATIAMVLVNMFGVMWLWGISLNAVSLVNLVMSCGISVEFCSHITRAFTVSMKGSRVERAEEALAHMGSSVFSGITLTKFGGIVVLAFAKSQIFQIFYFRMYLAMVLLGATHGLIFLPVLLSYIGPSVNKAKSCATEERYKGTERERLLNF,0.964640008,1,-2.6512277331523864
Q421K,MTARGLALGLLLLLLCPAQVFSQSCVWYGECGIAYGDKRYNCEYSGPPKPLPKDGYDLVQELCPGFFFGNVSLCCDVRQLQTLKDNLQLPLQFLSRCPSCFYNLLNLFCELTCSPRQSQFLNVTATEDYVDPVTNQTKTNVKELQYYVGQSFANAMYNACRDVEAPSSNDKALGLLCGKDADACNATNWIEYMFNKDNGQAPFTITPVFSDFPVHGMEPMNNATKGCDESVDEVTAPCSCQDCSIVCGPKPQPPPPPAPWTILGLDAMYVIMWITYMAFLLVFFGAFFAVWCYRKRYFVSEYTPIDSNIAFSVNASDKGEASCCDPVSAAFEGCLRRLFTRWGSFCVRNPGCVIFFSLVFITACSSGLVFVRVTTNPVDLWSAPSSQARLEKEYFDQHFGPFFRTEQLIIRAPLTDKHIYKPYPSGADVPFGPPLDIQILHQVLDLQIAIENITASYDNETVTLQDICLAPLSPYNTNCTILSVLNYFQNSHSVLDHKKGDDFFVYADYHTHFLYCVRAPASLNDTSLLHDPCLGTFGGPVFPWLVLGGYDDQNYNNATALVITFPVNNYYNDTEKLQRAQAWEKEFINFVKNYKNPNLTISFTAERSIEDELNRESDSDVFTVVISYAIMFLYISLALGHMKSCRRLLVDSKVSLGIAGILIVLSSVACSLGVFSYIGLPLTLIVIEVIPFLVLAVGVDNIFILVQAYQRDERLQGETLDQQLGRVLGEVAPSMFLSSFSETVAFFLGALSVMPAVHTFSLFAGLAVFIDFLLQITCFVSLLGLDIKRQEKNRLDIFCCVRGAEDGTSVQASESCLFRFFKNSYSPLLLKDWMRPIVIAIFVGVLSFSIAVLNKVDIGLDQSLSMPDDSYMVDYFKSISQYLHAGPPVYFVLEEGHDYTSSKGQNMVCGGMGCNNDSLVQQIFNAAQLDNYTRIGFAPSSWIDDYFDWVKPQSSCCRVDNITDQFCNASVVDPACVRCRPLTPEGKQRPQGGDFMRFLPMFLSDNPNPKCGKGGHAAYSSAVNILLGHGTRVGATYFMTYHTVLQTSADFIDALKKARLIASNVTETMGINGSAYRVFPYSVFYVFYEQYLTIIDDTIFNLGVSLGAIFLVTMVLLGCELWSAVIMCATIAMVLVNMFGVMWLWGISLNAVSLVNLVMSCGISVEFCSHITRAFTVSMKGSRVERAEEALAHMGSSVFSGITLTKFGGIVVLAFAKSQIFQIFYFRMYLAMVLLGATHGLIFLPVLLSYIGPSVNKAKSCATEERYKGTERERLLNF,0.966988146,1,-2.650867826315532
Q421L,MTARGLALGLLLLLLCPAQVFSQSCVWYGECGIAYGDKRYNCEYSGPPKPLPKDGYDLVQELCPGFFFGNVSLCCDVRQLQTLKDNLQLPLQFLSRCPSCFYNLLNLFCELTCSPRQSQFLNVTATEDYVDPVTNQTKTNVKELQYYVGQSFANAMYNACRDVEAPSSNDKALGLLCGKDADACNATNWIEYMFNKDNGQAPFTITPVFSDFPVHGMEPMNNATKGCDESVDEVTAPCSCQDCSIVCGPKPQPPPPPAPWTILGLDAMYVIMWITYMAFLLVFFGAFFAVWCYRKRYFVSEYTPIDSNIAFSVNASDKGEASCCDPVSAAFEGCLRRLFTRWGSFCVRNPGCVIFFSLVFITACSSGLVFVRVTTNPVDLWSAPSSQARLEKEYFDQHFGPFFRTEQLIIRAPLTDKHIYLPYPSGADVPFGPPLDIQILHQVLDLQIAIENITASYDNETVTLQDICLAPLSPYNTNCTILSVLNYFQNSHSVLDHKKGDDFFVYADYHTHFLYCVRAPASLNDTSLLHDPCLGTFGGPVFPWLVLGGYDDQNYNNATALVITFPVNNYYNDTEKLQRAQAWEKEFINFVKNYKNPNLTISFTAERSIEDELNRESDSDVFTVVISYAIMFLYISLALGHMKSCRRLLVDSKVSLGIAGILIVLSSVACSLGVFSYIGLPLTLIVIEVIPFLVLAVGVDNIFILVQAYQRDERLQGETLDQQLGRVLGEVAPSMFLSSFSETVAFFLGALSVMPAVHTFSLFAGLAVFIDFLLQITCFVSLLGLDIKRQEKNRLDIFCCVRGAEDGTSVQASESCLFRFFKNSYSPLLLKDWMRPIVIAIFVGVLSFSIAVLNKVDIGLDQSLSMPDDSYMVDYFKSISQYLHAGPPVYFVLEEGHDYTSSKGQNMVCGGMGCNNDSLVQQIFNAAQLDNYTRIGFAPSSWIDDYFDWVKPQSSCCRVDNITDQFCNASVVDPACVRCRPLTPEGKQRPQGGDFMRFLPMFLSDNPNPKCGKGGHAAYSSAVNILLGHGTRVGATYFMTYHTVLQTSADFIDALKKARLIASNVTETMGINGSAYRVFPYSVFYVFYEQYLTIIDDTIFNLGVSLGAIFLVTMVLLGCELWSAVIMCATIAMVLVNMFGVMWLWGISLNAVSLVNLVMSCGISVEFCSHITRAFTVSMKGSRVERAEEALAHMGSSVFSGITLTKFGGIVVLAFAKSQIFQIFYFRMYLAMVLLGATHGLIFLPVLLSYIGPSVNKAKSCATEERYKGTERERLLNF,1.012798595,1,-2.65536054870892
Q421P,MTARGLALGLLLLLLCPAQVFSQSCVWYGECGIAYGDKRYNCEYSGPPKPLPKDGYDLVQELCPGFFFGNVSLCCDVRQLQTLKDNLQLPLQFLSRCPSCFYNLLNLFCELTCSPRQSQFLNVTATEDYVDPVTNQTKTNVKELQYYVGQSFANAMYNACRDVEAPSSNDKALGLLCGKDADACNATNWIEYMFNKDNGQAPFTITPVFSDFPVHGMEPMNNATKGCDESVDEVTAPCSCQDCSIVCGPKPQPPPPPAPWTILGLDAMYVIMWITYMAFLLVFFGAFFAVWCYRKRYFVSEYTPIDSNIAFSVNASDKGEASCCDPVSAAFEGCLRRLFTRWGSFCVRNPGCVIFFSLVFITACSSGLVFVRVTTNPVDLWSAPSSQARLEKEYFDQHFGPFFRTEQLIIRAPLTDKHIYPPYPSGADVPFGPPLDIQILHQVLDLQIAIENITASYDNETVTLQDICLAPLSPYNTNCTILSVLNYFQNSHSVLDHKKGDDFFVYADYHTHFLYCVRAPASLNDTSLLHDPCLGTFGGPVFPWLVLGGYDDQNYNNATALVITFPVNNYYNDTEKLQRAQAWEKEFINFVKNYKNPNLTISFTAERSIEDELNRESDSDVFTVVISYAIMFLYISLALGHMKSCRRLLVDSKVSLGIAGILIVLSSVACSLGVFSYIGLPLTLIVIEVIPFLVLAVGVDNIFILVQAYQRDERLQGETLDQQLGRVLGEVAPSMFLSSFSETVAFFLGALSVMPAVHTFSLFAGLAVFIDFLLQITCFVSLLGLDIKRQEKNRLDIFCCVRGAEDGTSVQASESCLFRFFKNSYSPLLLKDWMRPIVIAIFVGVLSFSIAVLNKVDIGLDQSLSMPDDSYMVDYFKSISQYLHAGPPVYFVLEEGHDYTSSKGQNMVCGGMGCNNDSLVQQIFNAAQLDNYTRIGFAPSSWIDDYFDWVKPQSSCCRVDNITDQFCNASVVDPACVRCRPLTPEGKQRPQGGDFMRFLPMFLSDNPNPKCGKGGHAAYSSAVNILLGHGTRVGATYFMTYHTVLQTSADFIDALKKARLIASNVTETMGINGSAYRVFPYSVFYVFYEQYLTIIDDTIFNLGVSLGAIFLVTMVLLGCELWSAVIMCATIAMVLVNMFGVMWLWGISLNAVSLVNLVMSCGISVEFCSHITRAFTVSMKGSRVERAEEALAHMGSSVFSGITLTKFGGIVVLAFAKSQIFQIFYFRMYLAMVLLGATHGLIFLPVLLSYIGPSVNKAKSCATEERYKGTERERLLNF,1.003233926,1,-2.659669688050176
Q421R,MTARGLALGLLLLLLCPAQVFSQSCVWYGECGIAYGDKRYNCEYSGPPKPLPKDGYDLVQELCPGFFFGNVSLCCDVRQLQTLKDNLQLPLQFLSRCPSCFYNLLNLFCELTCSPRQSQFLNVTATEDYVDPVTNQTKTNVKELQYYVGQSFANAMYNACRDVEAPSSNDKALGLLCGKDADACNATNWIEYMFNKDNGQAPFTITPVFSDFPVHGMEPMNNATKGCDESVDEVTAPCSCQDCSIVCGPKPQPPPPPAPWTILGLDAMYVIMWITYMAFLLVFFGAFFAVWCYRKRYFVSEYTPIDSNIAFSVNASDKGEASCCDPVSAAFEGCLRRLFTRWGSFCVRNPGCVIFFSLVFITACSSGLVFVRVTTNPVDLWSAPSSQARLEKEYFDQHFGPFFRTEQLIIRAPLTDKHIYRPYPSGADVPFGPPLDIQILHQVLDLQIAIENITASYDNETVTLQDICLAPLSPYNTNCTILSVLNYFQNSHSVLDHKKGDDFFVYADYHTHFLYCVRAPASLNDTSLLHDPCLGTFGGPVFPWLVLGGYDDQNYNNATALVITFPVNNYYNDTEKLQRAQAWEKEFINFVKNYKNPNLTISFTAERSIEDELNRESDSDVFTVVISYAIMFLYISLALGHMKSCRRLLVDSKVSLGIAGILIVLSSVACSLGVFSYIGLPLTLIVIEVIPFLVLAVGVDNIFILVQAYQRDERLQGETLDQQLGRVLGEVAPSMFLSSFSETVAFFLGALSVMPAVHTFSLFAGLAVFIDFLLQITCFVSLLGLDIKRQEKNRLDIFCCVRGAEDGTSVQASESCLFRFFKNSYSPLLLKDWMRPIVIAIFVGVLSFSIAVLNKVDIGLDQSLSMPDDSYMVDYFKSISQYLHAGPPVYFVLEEGHDYTSSKGQNMVCGGMGCNNDSLVQQIFNAAQLDNYTRIGFAPSSWIDDYFDWVKPQSSCCRVDNITDQFCNASVVDPACVRCRPLTPEGKQRPQGGDFMRFLPMFLSDNPNPKCGKGGHAAYSSAVNILLGHGTRVGATYFMTYHTVLQTSADFIDALKKARLIASNVTETMGINGSAYRVFPYSVFYVFYEQYLTIIDDTIFNLGVSLGAIFLVTMVLLGCELWSAVIMCATIAMVLVNMFGVMWLWGISLNAVSLVNLVMSCGISVEFCSHITRAFTVSMKGSRVERAEEALAHMGSSVFSGITLTKFGGIVVLAFAKSQIFQIFYFRMYLAMVLLGATHGLIFLPVLLSYIGPSVNKAKSCATEERYKGTERERLLNF,1.007603884,1,-2.6507967619082557
S425A,MTARGLALGLLLLLLCPAQVFSQSCVWYGECGIAYGDKRYNCEYSGPPKPLPKDGYDLVQELCPGFFFGNVSLCCDVRQLQTLKDNLQLPLQFLSRCPSCFYNLLNLFCELTCSPRQSQFLNVTATEDYVDPVTNQTKTNVKELQYYVGQSFANAMYNACRDVEAPSSNDKALGLLCGKDADACNATNWIEYMFNKDNGQAPFTITPVFSDFPVHGMEPMNNATKGCDESVDEVTAPCSCQDCSIVCGPKPQPPPPPAPWTILGLDAMYVIMWITYMAFLLVFFGAFFAVWCYRKRYFVSEYTPIDSNIAFSVNASDKGEASCCDPVSAAFEGCLRRLFTRWGSFCVRNPGCVIFFSLVFITACSSGLVFVRVTTNPVDLWSAPSSQARLEKEYFDQHFGPFFRTEQLIIRAPLTDKHIYQPYPAGADVPFGPPLDIQILHQVLDLQIAIENITASYDNETVTLQDICLAPLSPYNTNCTILSVLNYFQNSHSVLDHKKGDDFFVYADYHTHFLYCVRAPASLNDTSLLHDPCLGTFGGPVFPWLVLGGYDDQNYNNATALVITFPVNNYYNDTEKLQRAQAWEKEFINFVKNYKNPNLTISFTAERSIEDELNRESDSDVFTVVISYAIMFLYISLALGHMKSCRRLLVDSKVSLGIAGILIVLSSVACSLGVFSYIGLPLTLIVIEVIPFLVLAVGVDNIFILVQAYQRDERLQGETLDQQLGRVLGEVAPSMFLSSFSETVAFFLGALSVMPAVHTFSLFAGLAVFIDFLLQITCFVSLLGLDIKRQEKNRLDIFCCVRGAEDGTSVQASESCLFRFFKNSYSPLLLKDWMRPIVIAIFVGVLSFSIAVLNKVDIGLDQSLSMPDDSYMVDYFKSISQYLHAGPPVYFVLEEGHDYTSSKGQNMVCGGMGCNNDSLVQQIFNAAQLDNYTRIGFAPSSWIDDYFDWVKPQSSCCRVDNITDQFCNASVVDPACVRCRPLTPEGKQRPQGGDFMRFLPMFLSDNPNPKCGKGGHAAYSSAVNILLGHGTRVGATYFMTYHTVLQTSADFIDALKKARLIASNVTETMGINGSAYRVFPYSVFYVFYEQYLTIIDDTIFNLGVSLGAIFLVTMVLLGCELWSAVIMCATIAMVLVNMFGVMWLWGISLNAVSLVNLVMSCGISVEFCSHITRAFTVSMKGSRVERAEEALAHMGSSVFSGITLTKFGGIVVLAFAKSQIFQIFYFRMYLAMVLLGATHGLIFLPVLLSYIGPSVNKAKSCATEERYKGTERERLLNF,0.943030175,1,-2.652463718945618
S425L,MTARGLALGLLLLLLCPAQVFSQSCVWYGECGIAYGDKRYNCEYSGPPKPLPKDGYDLVQELCPGFFFGNVSLCCDVRQLQTLKDNLQLPLQFLSRCPSCFYNLLNLFCELTCSPRQSQFLNVTATEDYVDPVTNQTKTNVKELQYYVGQSFANAMYNACRDVEAPSSNDKALGLLCGKDADACNATNWIEYMFNKDNGQAPFTITPVFSDFPVHGMEPMNNATKGCDESVDEVTAPCSCQDCSIVCGPKPQPPPPPAPWTILGLDAMYVIMWITYMAFLLVFFGAFFAVWCYRKRYFVSEYTPIDSNIAFSVNASDKGEASCCDPVSAAFEGCLRRLFTRWGSFCVRNPGCVIFFSLVFITACSSGLVFVRVTTNPVDLWSAPSSQARLEKEYFDQHFGPFFRTEQLIIRAPLTDKHIYQPYPLGADVPFGPPLDIQILHQVLDLQIAIENITASYDNETVTLQDICLAPLSPYNTNCTILSVLNYFQNSHSVLDHKKGDDFFVYADYHTHFLYCVRAPASLNDTSLLHDPCLGTFGGPVFPWLVLGGYDDQNYNNATALVITFPVNNYYNDTEKLQRAQAWEKEFINFVKNYKNPNLTISFTAERSIEDELNRESDSDVFTVVISYAIMFLYISLALGHMKSCRRLLVDSKVSLGIAGILIVLSSVACSLGVFSYIGLPLTLIVIEVIPFLVLAVGVDNIFILVQAYQRDERLQGETLDQQLGRVLGEVAPSMFLSSFSETVAFFLGALSVMPAVHTFSLFAGLAVFIDFLLQITCFVSLLGLDIKRQEKNRLDIFCCVRGAEDGTSVQASESCLFRFFKNSYSPLLLKDWMRPIVIAIFVGVLSFSIAVLNKVDIGLDQSLSMPDDSYMVDYFKSISQYLHAGPPVYFVLEEGHDYTSSKGQNMVCGGMGCNNDSLVQQIFNAAQLDNYTRIGFAPSSWIDDYFDWVKPQSSCCRVDNITDQFCNASVVDPACVRCRPLTPEGKQRPQGGDFMRFLPMFLSDNPNPKCGKGGHAAYSSAVNILLGHGTRVGATYFMTYHTVLQTSADFIDALKKARLIASNVTETMGINGSAYRVFPYSVFYVFYEQYLTIIDDTIFNLGVSLGAIFLVTMVLLGCELWSAVIMCATIAMVLVNMFGVMWLWGISLNAVSLVNLVMSCGISVEFCSHITRAFTVSMKGSRVERAEEALAHMGSSVFSGITLTKFGGIVVLAFAKSQIFQIFYFRMYLAMVLLGATHGLIFLPVLLSYIGPSVNKAKSCATEERYKGTERERLLNF,0.851332563,1,-2.6528897233225743
S425P,MTARGLALGLLLLLLCPAQVFSQSCVWYGECGIAYGDKRYNCEYSGPPKPLPKDGYDLVQELCPGFFFGNVSLCCDVRQLQTLKDNLQLPLQFLSRCPSCFYNLLNLFCELTCSPRQSQFLNVTATEDYVDPVTNQTKTNVKELQYYVGQSFANAMYNACRDVEAPSSNDKALGLLCGKDADACNATNWIEYMFNKDNGQAPFTITPVFSDFPVHGMEPMNNATKGCDESVDEVTAPCSCQDCSIVCGPKPQPPPPPAPWTILGLDAMYVIMWITYMAFLLVFFGAFFAVWCYRKRYFVSEYTPIDSNIAFSVNASDKGEASCCDPVSAAFEGCLRRLFTRWGSFCVRNPGCVIFFSLVFITACSSGLVFVRVTTNPVDLWSAPSSQARLEKEYFDQHFGPFFRTEQLIIRAPLTDKHIYQPYPPGADVPFGPPLDIQILHQVLDLQIAIENITASYDNETVTLQDICLAPLSPYNTNCTILSVLNYFQNSHSVLDHKKGDDFFVYADYHTHFLYCVRAPASLNDTSLLHDPCLGTFGGPVFPWLVLGGYDDQNYNNATALVITFPVNNYYNDTEKLQRAQAWEKEFINFVKNYKNPNLTISFTAERSIEDELNRESDSDVFTVVISYAIMFLYISLALGHMKSCRRLLVDSKVSLGIAGILIVLSSVACSLGVFSYIGLPLTLIVIEVIPFLVLAVGVDNIFILVQAYQRDERLQGETLDQQLGRVLGEVAPSMFLSSFSETVAFFLGALSVMPAVHTFSLFAGLAVFIDFLLQITCFVSLLGLDIKRQEKNRLDIFCCVRGAEDGTSVQASESCLFRFFKNSYSPLLLKDWMRPIVIAIFVGVLSFSIAVLNKVDIGLDQSLSMPDDSYMVDYFKSISQYLHAGPPVYFVLEEGHDYTSSKGQNMVCGGMGCNNDSLVQQIFNAAQLDNYTRIGFAPSSWIDDYFDWVKPQSSCCRVDNITDQFCNASVVDPACVRCRPLTPEGKQRPQGGDFMRFLPMFLSDNPNPKCGKGGHAAYSSAVNILLGHGTRVGATYFMTYHTVLQTSADFIDALKKARLIASNVTETMGINGSAYRVFPYSVFYVFYEQYLTIIDDTIFNLGVSLGAIFLVTMVLLGCELWSAVIMCATIAMVLVNMFGVMWLWGISLNAVSLVNLVMSCGISVEFCSHITRAFTVSMKGSRVERAEEALAHMGSSVFSGITLTKFGGIVVLAFAKSQIFQIFYFRMYLAMVLLGATHGLIFLPVLLSYIGPSVNKAKSCATEERYKGTERERLLNF,0.684129534,0,-2.6602899733470267
S425T,MTARGLALGLLLLLLCPAQVFSQSCVWYGECGIAYGDKRYNCEYSGPPKPLPKDGYDLVQELCPGFFFGNVSLCCDVRQLQTLKDNLQLPLQFLSRCPSCFYNLLNLFCELTCSPRQSQFLNVTATEDYVDPVTNQTKTNVKELQYYVGQSFANAMYNACRDVEAPSSNDKALGLLCGKDADACNATNWIEYMFNKDNGQAPFTITPVFSDFPVHGMEPMNNATKGCDESVDEVTAPCSCQDCSIVCGPKPQPPPPPAPWTILGLDAMYVIMWITYMAFLLVFFGAFFAVWCYRKRYFVSEYTPIDSNIAFSVNASDKGEASCCDPVSAAFEGCLRRLFTRWGSFCVRNPGCVIFFSLVFITACSSGLVFVRVTTNPVDLWSAPSSQARLEKEYFDQHFGPFFRTEQLIIRAPLTDKHIYQPYPTGADVPFGPPLDIQILHQVLDLQIAIENITASYDNETVTLQDICLAPLSPYNTNCTILSVLNYFQNSHSVLDHKKGDDFFVYADYHTHFLYCVRAPASLNDTSLLHDPCLGTFGGPVFPWLVLGGYDDQNYNNATALVITFPVNNYYNDTEKLQRAQAWEKEFINFVKNYKNPNLTISFTAERSIEDELNRESDSDVFTVVISYAIMFLYISLALGHMKSCRRLLVDSKVSLGIAGILIVLSSVACSLGVFSYIGLPLTLIVIEVIPFLVLAVGVDNIFILVQAYQRDERLQGETLDQQLGRVLGEVAPSMFLSSFSETVAFFLGALSVMPAVHTFSLFAGLAVFIDFLLQITCFVSLLGLDIKRQEKNRLDIFCCVRGAEDGTSVQASESCLFRFFKNSYSPLLLKDWMRPIVIAIFVGVLSFSIAVLNKVDIGLDQSLSMPDDSYMVDYFKSISQYLHAGPPVYFVLEEGHDYTSSKGQNMVCGGMGCNNDSLVQQIFNAAQLDNYTRIGFAPSSWIDDYFDWVKPQSSCCRVDNITDQFCNASVVDPACVRCRPLTPEGKQRPQGGDFMRFLPMFLSDNPNPKCGKGGHAAYSSAVNILLGHGTRVGATYFMTYHTVLQTSADFIDALKKARLIASNVTETMGINGSAYRVFPYSVFYVFYEQYLTIIDDTIFNLGVSLGAIFLVTMVLLGCELWSAVIMCATIAMVLVNMFGVMWLWGISLNAVSLVNLVMSCGISVEFCSHITRAFTVSMKGSRVERAEEALAHMGSSVFSGITLTKFGGIVVLAFAKSQIFQIFYFRMYLAMVLLGATHGLIFLPVLLSYIGPSVNKAKSCATEERYKGTERERLLNF,1.000852013,1,-2.653127368813576
S425W,MTARGLALGLLLLLLCPAQVFSQSCVWYGECGIAYGDKRYNCEYSGPPKPLPKDGYDLVQELCPGFFFGNVSLCCDVRQLQTLKDNLQLPLQFLSRCPSCFYNLLNLFCELTCSPRQSQFLNVTATEDYVDPVTNQTKTNVKELQYYVGQSFANAMYNACRDVEAPSSNDKALGLLCGKDADACNATNWIEYMFNKDNGQAPFTITPVFSDFPVHGMEPMNNATKGCDESVDEVTAPCSCQDCSIVCGPKPQPPPPPAPWTILGLDAMYVIMWITYMAFLLVFFGAFFAVWCYRKRYFVSEYTPIDSNIAFSVNASDKGEASCCDPVSAAFEGCLRRLFTRWGSFCVRNPGCVIFFSLVFITACSSGLVFVRVTTNPVDLWSAPSSQARLEKEYFDQHFGPFFRTEQLIIRAPLTDKHIYQPYPWGADVPFGPPLDIQILHQVLDLQIAIENITASYDNETVTLQDICLAPLSPYNTNCTILSVLNYFQNSHSVLDHKKGDDFFVYADYHTHFLYCVRAPASLNDTSLLHDPCLGTFGGPVFPWLVLGGYDDQNYNNATALVITFPVNNYYNDTEKLQRAQAWEKEFINFVKNYKNPNLTISFTAERSIEDELNRESDSDVFTVVISYAIMFLYISLALGHMKSCRRLLVDSKVSLGIAGILIVLSSVACSLGVFSYIGLPLTLIVIEVIPFLVLAVGVDNIFILVQAYQRDERLQGETLDQQLGRVLGEVAPSMFLSSFSETVAFFLGALSVMPAVHTFSLFAGLAVFIDFLLQITCFVSLLGLDIKRQEKNRLDIFCCVRGAEDGTSVQASESCLFRFFKNSYSPLLLKDWMRPIVIAIFVGVLSFSIAVLNKVDIGLDQSLSMPDDSYMVDYFKSISQYLHAGPPVYFVLEEGHDYTSSKGQNMVCGGMGCNNDSLVQQIFNAAQLDNYTRIGFAPSSWIDDYFDWVKPQSSCCRVDNITDQFCNASVVDPACVRCRPLTPEGKQRPQGGDFMRFLPMFLSDNPNPKCGKGGHAAYSSAVNILLGHGTRVGATYFMTYHTVLQTSADFIDALKKARLIASNVTETMGINGSAYRVFPYSVFYVFYEQYLTIIDDTIFNLGVSLGAIFLVTMVLLGCELWSAVIMCATIAMVLVNMFGVMWLWGISLNAVSLVNLVMSCGISVEFCSHITRAFTVSMKGSRVERAEEALAHMGSSVFSGITLTKFGGIVVLAFAKSQIFQIFYFRMYLAMVLLGATHGLIFLPVLLSYIGPSVNKAKSCATEERYKGTERERLLNF,0.10893055,0,-2.654193525956084
S918A,MTARGLALGLLLLLLCPAQVFSQSCVWYGECGIAYGDKRYNCEYSGPPKPLPKDGYDLVQELCPGFFFGNVSLCCDVRQLQTLKDNLQLPLQFLSRCPSCFYNLLNLFCELTCSPRQSQFLNVTATEDYVDPVTNQTKTNVKELQYYVGQSFANAMYNACRDVEAPSSNDKALGLLCGKDADACNATNWIEYMFNKDNGQAPFTITPVFSDFPVHGMEPMNNATKGCDESVDEVTAPCSCQDCSIVCGPKPQPPPPPAPWTILGLDAMYVIMWITYMAFLLVFFGAFFAVWCYRKRYFVSEYTPIDSNIAFSVNASDKGEASCCDPVSAAFEGCLRRLFTRWGSFCVRNPGCVIFFSLVFITACSSGLVFVRVTTNPVDLWSAPSSQARLEKEYFDQHFGPFFRTEQLIIRAPLTDKHIYQPYPSGADVPFGPPLDIQILHQVLDLQIAIENITASYDNETVTLQDICLAPLSPYNTNCTILSVLNYFQNSHSVLDHKKGDDFFVYADYHTHFLYCVRAPASLNDTSLLHDPCLGTFGGPVFPWLVLGGYDDQNYNNATALVITFPVNNYYNDTEKLQRAQAWEKEFINFVKNYKNPNLTISFTAERSIEDELNRESDSDVFTVVISYAIMFLYISLALGHMKSCRRLLVDSKVSLGIAGILIVLSSVACSLGVFSYIGLPLTLIVIEVIPFLVLAVGVDNIFILVQAYQRDERLQGETLDQQLGRVLGEVAPSMFLSSFSETVAFFLGALSVMPAVHTFSLFAGLAVFIDFLLQITCFVSLLGLDIKRQEKNRLDIFCCVRGAEDGTSVQASESCLFRFFKNSYSPLLLKDWMRPIVIAIFVGVLSFSIAVLNKVDIGLDQSLSMPDDSYMVDYFKSISQYLHAGPPVYFVLEEGHDYTSSKGQNMVCGGMGCNNDALVQQIFNAAQLDNYTRIGFAPSSWIDDYFDWVKPQSSCCRVDNITDQFCNASVVDPACVRCRPLTPEGKQRPQGGDFMRFLPMFLSDNPNPKCGKGGHAAYSSAVNILLGHGTRVGATYFMTYHTVLQTSADFIDALKKARLIASNVTETMGINGSAYRVFPYSVFYVFYEQYLTIIDDTIFNLGVSLGAIFLVTMVLLGCELWSAVIMCATIAMVLVNMFGVMWLWGISLNAVSLVNLVMSCGISVEFCSHITRAFTVSMKGSRVERAEEALAHMGSSVFSGITLTKFGGIVVLAFAKSQIFQIFYFRMYLAMVLLGATHGLIFLPVLLSYIGPSVNKAKSCATEERYKGTERERLLNF,0.0391920140000001,0,-2.6525470094874803
S918C,MTARGLALGLLLLLLCPAQVFSQSCVWYGECGIAYGDKRYNCEYSGPPKPLPKDGYDLVQELCPGFFFGNVSLCCDVRQLQTLKDNLQLPLQFLSRCPSCFYNLLNLFCELTCSPRQSQFLNVTATEDYVDPVTNQTKTNVKELQYYVGQSFANAMYNACRDVEAPSSNDKALGLLCGKDADACNATNWIEYMFNKDNGQAPFTITPVFSDFPVHGMEPMNNATKGCDESVDEVTAPCSCQDCSIVCGPKPQPPPPPAPWTILGLDAMYVIMWITYMAFLLVFFGAFFAVWCYRKRYFVSEYTPIDSNIAFSVNASDKGEASCCDPVSAAFEGCLRRLFTRWGSFCVRNPGCVIFFSLVFITACSSGLVFVRVTTNPVDLWSAPSSQARLEKEYFDQHFGPFFRTEQLIIRAPLTDKHIYQPYPSGADVPFGPPLDIQILHQVLDLQIAIENITASYDNETVTLQDICLAPLSPYNTNCTILSVLNYFQNSHSVLDHKKGDDFFVYADYHTHFLYCVRAPASLNDTSLLHDPCLGTFGGPVFPWLVLGGYDDQNYNNATALVITFPVNNYYNDTEKLQRAQAWEKEFINFVKNYKNPNLTISFTAERSIEDELNRESDSDVFTVVISYAIMFLYISLALGHMKSCRRLLVDSKVSLGIAGILIVLSSVACSLGVFSYIGLPLTLIVIEVIPFLVLAVGVDNIFILVQAYQRDERLQGETLDQQLGRVLGEVAPSMFLSSFSETVAFFLGALSVMPAVHTFSLFAGLAVFIDFLLQITCFVSLLGLDIKRQEKNRLDIFCCVRGAEDGTSVQASESCLFRFFKNSYSPLLLKDWMRPIVIAIFVGVLSFSIAVLNKVDIGLDQSLSMPDDSYMVDYFKSISQYLHAGPPVYFVLEEGHDYTSSKGQNMVCGGMGCNNDCLVQQIFNAAQLDNYTRIGFAPSSWIDDYFDWVKPQSSCCRVDNITDQFCNASVVDPACVRCRPLTPEGKQRPQGGDFMRFLPMFLSDNPNPKCGKGGHAAYSSAVNILLGHGTRVGATYFMTYHTVLQTSADFIDALKKARLIASNVTETMGINGSAYRVFPYSVFYVFYEQYLTIIDDTIFNLGVSLGAIFLVTMVLLGCELWSAVIMCATIAMVLVNMFGVMWLWGISLNAVSLVNLVMSCGISVEFCSHITRAFTVSMKGSRVERAEEALAHMGSSVFSGITLTKFGGIVVLAFAKSQIFQIFYFRMYLAMVLLGATHGLIFLPVLLSYIGPSVNKAKSCATEERYKGTERERLLNF,0.01297504,0,-2.6536746793696206
S918F,MTARGLALGLLLLLLCPAQVFSQSCVWYGECGIAYGDKRYNCEYSGPPKPLPKDGYDLVQELCPGFFFGNVSLCCDVRQLQTLKDNLQLPLQFLSRCPSCFYNLLNLFCELTCSPRQSQFLNVTATEDYVDPVTNQTKTNVKELQYYVGQSFANAMYNACRDVEAPSSNDKALGLLCGKDADACNATNWIEYMFNKDNGQAPFTITPVFSDFPVHGMEPMNNATKGCDESVDEVTAPCSCQDCSIVCGPKPQPPPPPAPWTILGLDAMYVIMWITYMAFLLVFFGAFFAVWCYRKRYFVSEYTPIDSNIAFSVNASDKGEASCCDPVSAAFEGCLRRLFTRWGSFCVRNPGCVIFFSLVFITACSSGLVFVRVTTNPVDLWSAPSSQARLEKEYFDQHFGPFFRTEQLIIRAPLTDKHIYQPYPSGADVPFGPPLDIQILHQVLDLQIAIENITASYDNETVTLQDICLAPLSPYNTNCTILSVLNYFQNSHSVLDHKKGDDFFVYADYHTHFLYCVRAPASLNDTSLLHDPCLGTFGGPVFPWLVLGGYDDQNYNNATALVITFPVNNYYNDTEKLQRAQAWEKEFINFVKNYKNPNLTISFTAERSIEDELNRESDSDVFTVVISYAIMFLYISLALGHMKSCRRLLVDSKVSLGIAGILIVLSSVACSLGVFSYIGLPLTLIVIEVIPFLVLAVGVDNIFILVQAYQRDERLQGETLDQQLGRVLGEVAPSMFLSSFSETVAFFLGALSVMPAVHTFSLFAGLAVFIDFLLQITCFVSLLGLDIKRQEKNRLDIFCCVRGAEDGTSVQASESCLFRFFKNSYSPLLLKDWMRPIVIAIFVGVLSFSIAVLNKVDIGLDQSLSMPDDSYMVDYFKSISQYLHAGPPVYFVLEEGHDYTSSKGQNMVCGGMGCNNDFLVQQIFNAAQLDNYTRIGFAPSSWIDDYFDWVKPQSSCCRVDNITDQFCNASVVDPACVRCRPLTPEGKQRPQGGDFMRFLPMFLSDNPNPKCGKGGHAAYSSAVNILLGHGTRVGATYFMTYHTVLQTSADFIDALKKARLIASNVTETMGINGSAYRVFPYSVFYVFYEQYLTIIDDTIFNLGVSLGAIFLVTMVLLGCELWSAVIMCATIAMVLVNMFGVMWLWGISLNAVSLVNLVMSCGISVEFCSHITRAFTVSMKGSRVERAEEALAHMGSSVFSGITLTKFGGIVVLAFAKSQIFQIFYFRMYLAMVLLGATHGLIFLPVLLSYIGPSVNKAKSCATEERYKGTERERLLNF,0.088817633,0,-2.652669270833333
S918P,MTARGLALGLLLLLLCPAQVFSQSCVWYGECGIAYGDKRYNCEYSGPPKPLPKDGYDLVQELCPGFFFGNVSLCCDVRQLQTLKDNLQLPLQFLSRCPSCFYNLLNLFCELTCSPRQSQFLNVTATEDYVDPVTNQTKTNVKELQYYVGQSFANAMYNACRDVEAPSSNDKALGLLCGKDADACNATNWIEYMFNKDNGQAPFTITPVFSDFPVHGMEPMNNATKGCDESVDEVTAPCSCQDCSIVCGPKPQPPPPPAPWTILGLDAMYVIMWITYMAFLLVFFGAFFAVWCYRKRYFVSEYTPIDSNIAFSVNASDKGEASCCDPVSAAFEGCLRRLFTRWGSFCVRNPGCVIFFSLVFITACSSGLVFVRVTTNPVDLWSAPSSQARLEKEYFDQHFGPFFRTEQLIIRAPLTDKHIYQPYPSGADVPFGPPLDIQILHQVLDLQIAIENITASYDNETVTLQDICLAPLSPYNTNCTILSVLNYFQNSHSVLDHKKGDDFFVYADYHTHFLYCVRAPASLNDTSLLHDPCLGTFGGPVFPWLVLGGYDDQNYNNATALVITFPVNNYYNDTEKLQRAQAWEKEFINFVKNYKNPNLTISFTAERSIEDELNRESDSDVFTVVISYAIMFLYISLALGHMKSCRRLLVDSKVSLGIAGILIVLSSVACSLGVFSYIGLPLTLIVIEVIPFLVLAVGVDNIFILVQAYQRDERLQGETLDQQLGRVLGEVAPSMFLSSFSETVAFFLGALSVMPAVHTFSLFAGLAVFIDFLLQITCFVSLLGLDIKRQEKNRLDIFCCVRGAEDGTSVQASESCLFRFFKNSYSPLLLKDWMRPIVIAIFVGVLSFSIAVLNKVDIGLDQSLSMPDDSYMVDYFKSISQYLHAGPPVYFVLEEGHDYTSSKGQNMVCGGMGCNNDPLVQQIFNAAQLDNYTRIGFAPSSWIDDYFDWVKPQSSCCRVDNITDQFCNASVVDPACVRCRPLTPEGKQRPQGGDFMRFLPMFLSDNPNPKCGKGGHAAYSSAVNILLGHGTRVGATYFMTYHTVLQTSADFIDALKKARLIASNVTETMGINGSAYRVFPYSVFYVFYEQYLTIIDDTIFNLGVSLGAIFLVTMVLLGCELWSAVIMCATIAMVLVNMFGVMWLWGISLNAVSLVNLVMSCGISVEFCSHITRAFTVSMKGSRVERAEEALAHMGSSVFSGITLTKFGGIVVLAFAKSQIFQIFYFRMYLAMVLLGATHGLIFLPVLLSYIGPSVNKAKSCATEERYKGTERERLLNF,0.029949188,0,-2.6554562564187205
S918T,MTARGLALGLLLLLLCPAQVFSQSCVWYGECGIAYGDKRYNCEYSGPPKPLPKDGYDLVQELCPGFFFGNVSLCCDVRQLQTLKDNLQLPLQFLSRCPSCFYNLLNLFCELTCSPRQSQFLNVTATEDYVDPVTNQTKTNVKELQYYVGQSFANAMYNACRDVEAPSSNDKALGLLCGKDADACNATNWIEYMFNKDNGQAPFTITPVFSDFPVHGMEPMNNATKGCDESVDEVTAPCSCQDCSIVCGPKPQPPPPPAPWTILGLDAMYVIMWITYMAFLLVFFGAFFAVWCYRKRYFVSEYTPIDSNIAFSVNASDKGEASCCDPVSAAFEGCLRRLFTRWGSFCVRNPGCVIFFSLVFITACSSGLVFVRVTTNPVDLWSAPSSQARLEKEYFDQHFGPFFRTEQLIIRAPLTDKHIYQPYPSGADVPFGPPLDIQILHQVLDLQIAIENITASYDNETVTLQDICLAPLSPYNTNCTILSVLNYFQNSHSVLDHKKGDDFFVYADYHTHFLYCVRAPASLNDTSLLHDPCLGTFGGPVFPWLVLGGYDDQNYNNATALVITFPVNNYYNDTEKLQRAQAWEKEFINFVKNYKNPNLTISFTAERSIEDELNRESDSDVFTVVISYAIMFLYISLALGHMKSCRRLLVDSKVSLGIAGILIVLSSVACSLGVFSYIGLPLTLIVIEVIPFLVLAVGVDNIFILVQAYQRDERLQGETLDQQLGRVLGEVAPSMFLSSFSETVAFFLGALSVMPAVHTFSLFAGLAVFIDFLLQITCFVSLLGLDIKRQEKNRLDIFCCVRGAEDGTSVQASESCLFRFFKNSYSPLLLKDWMRPIVIAIFVGVLSFSIAVLNKVDIGLDQSLSMPDDSYMVDYFKSISQYLHAGPPVYFVLEEGHDYTSSKGQNMVCGGMGCNNDTLVQQIFNAAQLDNYTRIGFAPSSWIDDYFDWVKPQSSCCRVDNITDQFCNASVVDPACVRCRPLTPEGKQRPQGGDFMRFLPMFLSDNPNPKCGKGGHAAYSSAVNILLGHGTRVGATYFMTYHTVLQTSADFIDALKKARLIASNVTETMGINGSAYRVFPYSVFYVFYEQYLTIIDDTIFNLGVSLGAIFLVTMVLLGCELWSAVIMCATIAMVLVNMFGVMWLWGISLNAVSLVNLVMSCGISVEFCSHITRAFTVSMKGSRVERAEEALAHMGSSVFSGITLTKFGGIVVLAFAKSQIFQIFYFRMYLAMVLLGATHGLIFLPVLLSYIGPSVNKAKSCATEERYKGTERERLLNF,0.033786899,0,-2.652687801068564
S918Y,MTARGLALGLLLLLLCPAQVFSQSCVWYGECGIAYGDKRYNCEYSGPPKPLPKDGYDLVQELCPGFFFGNVSLCCDVRQLQTLKDNLQLPLQFLSRCPSCFYNLLNLFCELTCSPRQSQFLNVTATEDYVDPVTNQTKTNVKELQYYVGQSFANAMYNACRDVEAPSSNDKALGLLCGKDADACNATNWIEYMFNKDNGQAPFTITPVFSDFPVHGMEPMNNATKGCDESVDEVTAPCSCQDCSIVCGPKPQPPPPPAPWTILGLDAMYVIMWITYMAFLLVFFGAFFAVWCYRKRYFVSEYTPIDSNIAFSVNASDKGEASCCDPVSAAFEGCLRRLFTRWGSFCVRNPGCVIFFSLVFITACSSGLVFVRVTTNPVDLWSAPSSQARLEKEYFDQHFGPFFRTEQLIIRAPLTDKHIYQPYPSGADVPFGPPLDIQILHQVLDLQIAIENITASYDNETVTLQDICLAPLSPYNTNCTILSVLNYFQNSHSVLDHKKGDDFFVYADYHTHFLYCVRAPASLNDTSLLHDPCLGTFGGPVFPWLVLGGYDDQNYNNATALVITFPVNNYYNDTEKLQRAQAWEKEFINFVKNYKNPNLTISFTAERSIEDELNRESDSDVFTVVISYAIMFLYISLALGHMKSCRRLLVDSKVSLGIAGILIVLSSVACSLGVFSYIGLPLTLIVIEVIPFLVLAVGVDNIFILVQAYQRDERLQGETLDQQLGRVLGEVAPSMFLSSFSETVAFFLGALSVMPAVHTFSLFAGLAVFIDFLLQITCFVSLLGLDIKRQEKNRLDIFCCVRGAEDGTSVQASESCLFRFFKNSYSPLLLKDWMRPIVIAIFVGVLSFSIAVLNKVDIGLDQSLSMPDDSYMVDYFKSISQYLHAGPPVYFVLEEGHDYTSSKGQNMVCGGMGCNNDYLVQQIFNAAQLDNYTRIGFAPSSWIDDYFDWVKPQSSCCRVDNITDQFCNASVVDPACVRCRPLTPEGKQRPQGGDFMRFLPMFLSDNPNPKCGKGGHAAYSSAVNILLGHGTRVGATYFMTYHTVLQTSADFIDALKKARLIASNVTETMGINGSAYRVFPYSVFYVFYEQYLTIIDDTIFNLGVSLGAIFLVTMVLLGCELWSAVIMCATIAMVLVNMFGVMWLWGISLNAVSLVNLVMSCGISVEFCSHITRAFTVSMKGSRVERAEEALAHMGSSVFSGITLTKFGGIVVLAFAKSQIFQIFYFRMYLAMVLLGATHGLIFLPVLLSYIGPSVNKAKSCATEERYKGTERERLLNF,0.105162427,0,-2.653212951755673
V920L,MTARGLALGLLLLLLCPAQVFSQSCVWYGECGIAYGDKRYNCEYSGPPKPLPKDGYDLVQELCPGFFFGNVSLCCDVRQLQTLKDNLQLPLQFLSRCPSCFYNLLNLFCELTCSPRQSQFLNVTATEDYVDPVTNQTKTNVKELQYYVGQSFANAMYNACRDVEAPSSNDKALGLLCGKDADACNATNWIEYMFNKDNGQAPFTITPVFSDFPVHGMEPMNNATKGCDESVDEVTAPCSCQDCSIVCGPKPQPPPPPAPWTILGLDAMYVIMWITYMAFLLVFFGAFFAVWCYRKRYFVSEYTPIDSNIAFSVNASDKGEASCCDPVSAAFEGCLRRLFTRWGSFCVRNPGCVIFFSLVFITACSSGLVFVRVTTNPVDLWSAPSSQARLEKEYFDQHFGPFFRTEQLIIRAPLTDKHIYQPYPSGADVPFGPPLDIQILHQVLDLQIAIENITASYDNETVTLQDICLAPLSPYNTNCTILSVLNYFQNSHSVLDHKKGDDFFVYADYHTHFLYCVRAPASLNDTSLLHDPCLGTFGGPVFPWLVLGGYDDQNYNNATALVITFPVNNYYNDTEKLQRAQAWEKEFINFVKNYKNPNLTISFTAERSIEDELNRESDSDVFTVVISYAIMFLYISLALGHMKSCRRLLVDSKVSLGIAGILIVLSSVACSLGVFSYIGLPLTLIVIEVIPFLVLAVGVDNIFILVQAYQRDERLQGETLDQQLGRVLGEVAPSMFLSSFSETVAFFLGALSVMPAVHTFSLFAGLAVFIDFLLQITCFVSLLGLDIKRQEKNRLDIFCCVRGAEDGTSVQASESCLFRFFKNSYSPLLLKDWMRPIVIAIFVGVLSFSIAVLNKVDIGLDQSLSMPDDSYMVDYFKSISQYLHAGPPVYFVLEEGHDYTSSKGQNMVCGGMGCNNDSLLQQIFNAAQLDNYTRIGFAPSSWIDDYFDWVKPQSSCCRVDNITDQFCNASVVDPACVRCRPLTPEGKQRPQGGDFMRFLPMFLSDNPNPKCGKGGHAAYSSAVNILLGHGTRVGATYFMTYHTVLQTSADFIDALKKARLIASNVTETMGINGSAYRVFPYSVFYVFYEQYLTIIDDTIFNLGVSLGAIFLVTMVLLGCELWSAVIMCATIAMVLVNMFGVMWLWGISLNAVSLVNLVMSCGISVEFCSHITRAFTVSMKGSRVERAEEALAHMGSSVFSGITLTKFGGIVVLAFAKSQIFQIFYFRMYLAMVLLGATHGLIFLPVLLSYIGPSVNKAKSCATEERYKGTERERLLNF,0.349737131,0,-2.6522226348542643
Y420C,MTARGLALGLLLLLLCPAQVFSQSCVWYGECGIAYGDKRYNCEYSGPPKPLPKDGYDLVQELCPGFFFGNVSLCCDVRQLQTLKDNLQLPLQFLSRCPSCFYNLLNLFCELTCSPRQSQFLNVTATEDYVDPVTNQTKTNVKELQYYVGQSFANAMYNACRDVEAPSSNDKALGLLCGKDADACNATNWIEYMFNKDNGQAPFTITPVFSDFPVHGMEPMNNATKGCDESVDEVTAPCSCQDCSIVCGPKPQPPPPPAPWTILGLDAMYVIMWITYMAFLLVFFGAFFAVWCYRKRYFVSEYTPIDSNIAFSVNASDKGEASCCDPVSAAFEGCLRRLFTRWGSFCVRNPGCVIFFSLVFITACSSGLVFVRVTTNPVDLWSAPSSQARLEKEYFDQHFGPFFRTEQLIIRAPLTDKHICQPYPSGADVPFGPPLDIQILHQVLDLQIAIENITASYDNETVTLQDICLAPLSPYNTNCTILSVLNYFQNSHSVLDHKKGDDFFVYADYHTHFLYCVRAPASLNDTSLLHDPCLGTFGGPVFPWLVLGGYDDQNYNNATALVITFPVNNYYNDTEKLQRAQAWEKEFINFVKNYKNPNLTISFTAERSIEDELNRESDSDVFTVVISYAIMFLYISLALGHMKSCRRLLVDSKVSLGIAGILIVLSSVACSLGVFSYIGLPLTLIVIEVIPFLVLAVGVDNIFILVQAYQRDERLQGETLDQQLGRVLGEVAPSMFLSSFSETVAFFLGALSVMPAVHTFSLFAGLAVFIDFLLQITCFVSLLGLDIKRQEKNRLDIFCCVRGAEDGTSVQASESCLFRFFKNSYSPLLLKDWMRPIVIAIFVGVLSFSIAVLNKVDIGLDQSLSMPDDSYMVDYFKSISQYLHAGPPVYFVLEEGHDYTSSKGQNMVCGGMGCNNDSLVQQIFNAAQLDNYTRIGFAPSSWIDDYFDWVKPQSSCCRVDNITDQFCNASVVDPACVRCRPLTPEGKQRPQGGDFMRFLPMFLSDNPNPKCGKGGHAAYSSAVNILLGHGTRVGATYFMTYHTVLQTSADFIDALKKARLIASNVTETMGINGSAYRVFPYSVFYVFYEQYLTIIDDTIFNLGVSLGAIFLVTMVLLGCELWSAVIMCATIAMVLVNMFGVMWLWGISLNAVSLVNLVMSCGISVEFCSHITRAFTVSMKGSRVERAEEALAHMGSSVFSGITLTKFGGIVVLAFAKSQIFQIFYFRMYLAMVLLGATHGLIFLPVLLSYIGPSVNKAKSCATEERYKGTERERLLNF,0.836479783,1,-2.657350352112676
Y420D,MTARGLALGLLLLLLCPAQVFSQSCVWYGECGIAYGDKRYNCEYSGPPKPLPKDGYDLVQELCPGFFFGNVSLCCDVRQLQTLKDNLQLPLQFLSRCPSCFYNLLNLFCELTCSPRQSQFLNVTATEDYVDPVTNQTKTNVKELQYYVGQSFANAMYNACRDVEAPSSNDKALGLLCGKDADACNATNWIEYMFNKDNGQAPFTITPVFSDFPVHGMEPMNNATKGCDESVDEVTAPCSCQDCSIVCGPKPQPPPPPAPWTILGLDAMYVIMWITYMAFLLVFFGAFFAVWCYRKRYFVSEYTPIDSNIAFSVNASDKGEASCCDPVSAAFEGCLRRLFTRWGSFCVRNPGCVIFFSLVFITACSSGLVFVRVTTNPVDLWSAPSSQARLEKEYFDQHFGPFFRTEQLIIRAPLTDKHIDQPYPSGADVPFGPPLDIQILHQVLDLQIAIENITASYDNETVTLQDICLAPLSPYNTNCTILSVLNYFQNSHSVLDHKKGDDFFVYADYHTHFLYCVRAPASLNDTSLLHDPCLGTFGGPVFPWLVLGGYDDQNYNNATALVITFPVNNYYNDTEKLQRAQAWEKEFINFVKNYKNPNLTISFTAERSIEDELNRESDSDVFTVVISYAIMFLYISLALGHMKSCRRLLVDSKVSLGIAGILIVLSSVACSLGVFSYIGLPLTLIVIEVIPFLVLAVGVDNIFILVQAYQRDERLQGETLDQQLGRVLGEVAPSMFLSSFSETVAFFLGALSVMPAVHTFSLFAGLAVFIDFLLQITCFVSLLGLDIKRQEKNRLDIFCCVRGAEDGTSVQASESCLFRFFKNSYSPLLLKDWMRPIVIAIFVGVLSFSIAVLNKVDIGLDQSLSMPDDSYMVDYFKSISQYLHAGPPVYFVLEEGHDYTSSKGQNMVCGGMGCNNDSLVQQIFNAAQLDNYTRIGFAPSSWIDDYFDWVKPQSSCCRVDNITDQFCNASVVDPACVRCRPLTPEGKQRPQGGDFMRFLPMFLSDNPNPKCGKGGHAAYSSAVNILLGHGTRVGATYFMTYHTVLQTSADFIDALKKARLIASNVTETMGINGSAYRVFPYSVFYVFYEQYLTIIDDTIFNLGVSLGAIFLVTMVLLGCELWSAVIMCATIAMVLVNMFGVMWLWGISLNAVSLVNLVMSCGISVEFCSHITRAFTVSMKGSRVERAEEALAHMGSSVFSGITLTKFGGIVVLAFAKSQIFQIFYFRMYLAMVLLGATHGLIFLPVLLSYIGPSVNKAKSCATEERYKGTERERLLNF,0.467523193,0,-2.658279538341158
Y420F,MTARGLALGLLLLLLCPAQVFSQSCVWYGECGIAYGDKRYNCEYSGPPKPLPKDGYDLVQELCPGFFFGNVSLCCDVRQLQTLKDNLQLPLQFLSRCPSCFYNLLNLFCELTCSPRQSQFLNVTATEDYVDPVTNQTKTNVKELQYYVGQSFANAMYNACRDVEAPSSNDKALGLLCGKDADACNATNWIEYMFNKDNGQAPFTITPVFSDFPVHGMEPMNNATKGCDESVDEVTAPCSCQDCSIVCGPKPQPPPPPAPWTILGLDAMYVIMWITYMAFLLVFFGAFFAVWCYRKRYFVSEYTPIDSNIAFSVNASDKGEASCCDPVSAAFEGCLRRLFTRWGSFCVRNPGCVIFFSLVFITACSSGLVFVRVTTNPVDLWSAPSSQARLEKEYFDQHFGPFFRTEQLIIRAPLTDKHIFQPYPSGADVPFGPPLDIQILHQVLDLQIAIENITASYDNETVTLQDICLAPLSPYNTNCTILSVLNYFQNSHSVLDHKKGDDFFVYADYHTHFLYCVRAPASLNDTSLLHDPCLGTFGGPVFPWLVLGGYDDQNYNNATALVITFPVNNYYNDTEKLQRAQAWEKEFINFVKNYKNPNLTISFTAERSIEDELNRESDSDVFTVVISYAIMFLYISLALGHMKSCRRLLVDSKVSLGIAGILIVLSSVACSLGVFSYIGLPLTLIVIEVIPFLVLAVGVDNIFILVQAYQRDERLQGETLDQQLGRVLGEVAPSMFLSSFSETVAFFLGALSVMPAVHTFSLFAGLAVFIDFLLQITCFVSLLGLDIKRQEKNRLDIFCCVRGAEDGTSVQASESCLFRFFKNSYSPLLLKDWMRPIVIAIFVGVLSFSIAVLNKVDIGLDQSLSMPDDSYMVDYFKSISQYLHAGPPVYFVLEEGHDYTSSKGQNMVCGGMGCNNDSLVQQIFNAAQLDNYTRIGFAPSSWIDDYFDWVKPQSSCCRVDNITDQFCNASVVDPACVRCRPLTPEGKQRPQGGDFMRFLPMFLSDNPNPKCGKGGHAAYSSAVNILLGHGTRVGATYFMTYHTVLQTSADFIDALKKARLIASNVTETMGINGSAYRVFPYSVFYVFYEQYLTIIDDTIFNLGVSLGAIFLVTMVLLGCELWSAVIMCATIAMVLVNMFGVMWLWGISLNAVSLVNLVMSCGISVEFCSHITRAFTVSMKGSRVERAEEALAHMGSSVFSGITLTKFGGIVVLAFAKSQIFQIFYFRMYLAMVLLGATHGLIFLPVLLSYIGPSVNKAKSCATEERYKGTERERLLNF,0.934607507,1,-2.652941302327856
Y420H,MTARGLALGLLLLLLCPAQVFSQSCVWYGECGIAYGDKRYNCEYSGPPKPLPKDGYDLVQELCPGFFFGNVSLCCDVRQLQTLKDNLQLPLQFLSRCPSCFYNLLNLFCELTCSPRQSQFLNVTATEDYVDPVTNQTKTNVKELQYYVGQSFANAMYNACRDVEAPSSNDKALGLLCGKDADACNATNWIEYMFNKDNGQAPFTITPVFSDFPVHGMEPMNNATKGCDESVDEVTAPCSCQDCSIVCGPKPQPPPPPAPWTILGLDAMYVIMWITYMAFLLVFFGAFFAVWCYRKRYFVSEYTPIDSNIAFSVNASDKGEASCCDPVSAAFEGCLRRLFTRWGSFCVRNPGCVIFFSLVFITACSSGLVFVRVTTNPVDLWSAPSSQARLEKEYFDQHFGPFFRTEQLIIRAPLTDKHIHQPYPSGADVPFGPPLDIQILHQVLDLQIAIENITASYDNETVTLQDICLAPLSPYNTNCTILSVLNYFQNSHSVLDHKKGDDFFVYADYHTHFLYCVRAPASLNDTSLLHDPCLGTFGGPVFPWLVLGGYDDQNYNNATALVITFPVNNYYNDTEKLQRAQAWEKEFINFVKNYKNPNLTISFTAERSIEDELNRESDSDVFTVVISYAIMFLYISLALGHMKSCRRLLVDSKVSLGIAGILIVLSSVACSLGVFSYIGLPLTLIVIEVIPFLVLAVGVDNIFILVQAYQRDERLQGETLDQQLGRVLGEVAPSMFLSSFSETVAFFLGALSVMPAVHTFSLFAGLAVFIDFLLQITCFVSLLGLDIKRQEKNRLDIFCCVRGAEDGTSVQASESCLFRFFKNSYSPLLLKDWMRPIVIAIFVGVLSFSIAVLNKVDIGLDQSLSMPDDSYMVDYFKSISQYLHAGPPVYFVLEEGHDYTSSKGQNMVCGGMGCNNDSLVQQIFNAAQLDNYTRIGFAPSSWIDDYFDWVKPQSSCCRVDNITDQFCNASVVDPACVRCRPLTPEGKQRPQGGDFMRFLPMFLSDNPNPKCGKGGHAAYSSAVNILLGHGTRVGATYFMTYHTVLQTSADFIDALKKARLIASNVTETMGINGSAYRVFPYSVFYVFYEQYLTIIDDTIFNLGVSLGAIFLVTMVLLGCELWSAVIMCATIAMVLVNMFGVMWLWGISLNAVSLVNLVMSCGISVEFCSHITRAFTVSMKGSRVERAEEALAHMGSSVFSGITLTKFGGIVVLAFAKSQIFQIFYFRMYLAMVLLGATHGLIFLPVLLSYIGPSVNKAKSCATEERYKGTERERLLNF,0.962922815,1,-2.652723524305556
Y420N,MTARGLALGLLLLLLCPAQVFSQSCVWYGECGIAYGDKRYNCEYSGPPKPLPKDGYDLVQELCPGFFFGNVSLCCDVRQLQTLKDNLQLPLQFLSRCPSCFYNLLNLFCELTCSPRQSQFLNVTATEDYVDPVTNQTKTNVKELQYYVGQSFANAMYNACRDVEAPSSNDKALGLLCGKDADACNATNWIEYMFNKDNGQAPFTITPVFSDFPVHGMEPMNNATKGCDESVDEVTAPCSCQDCSIVCGPKPQPPPPPAPWTILGLDAMYVIMWITYMAFLLVFFGAFFAVWCYRKRYFVSEYTPIDSNIAFSVNASDKGEASCCDPVSAAFEGCLRRLFTRWGSFCVRNPGCVIFFSLVFITACSSGLVFVRVTTNPVDLWSAPSSQARLEKEYFDQHFGPFFRTEQLIIRAPLTDKHINQPYPSGADVPFGPPLDIQILHQVLDLQIAIENITASYDNETVTLQDICLAPLSPYNTNCTILSVLNYFQNSHSVLDHKKGDDFFVYADYHTHFLYCVRAPASLNDTSLLHDPCLGTFGGPVFPWLVLGGYDDQNYNNATALVITFPVNNYYNDTEKLQRAQAWEKEFINFVKNYKNPNLTISFTAERSIEDELNRESDSDVFTVVISYAIMFLYISLALGHMKSCRRLLVDSKVSLGIAGILIVLSSVACSLGVFSYIGLPLTLIVIEVIPFLVLAVGVDNIFILVQAYQRDERLQGETLDQQLGRVLGEVAPSMFLSSFSETVAFFLGALSVMPAVHTFSLFAGLAVFIDFLLQITCFVSLLGLDIKRQEKNRLDIFCCVRGAEDGTSVQASESCLFRFFKNSYSPLLLKDWMRPIVIAIFVGVLSFSIAVLNKVDIGLDQSLSMPDDSYMVDYFKSISQYLHAGPPVYFVLEEGHDYTSSKGQNMVCGGMGCNNDSLVQQIFNAAQLDNYTRIGFAPSSWIDDYFDWVKPQSSCCRVDNITDQFCNASVVDPACVRCRPLTPEGKQRPQGGDFMRFLPMFLSDNPNPKCGKGGHAAYSSAVNILLGHGTRVGATYFMTYHTVLQTSADFIDALKKARLIASNVTETMGINGSAYRVFPYSVFYVFYEQYLTIIDDTIFNLGVSLGAIFLVTMVLLGCELWSAVIMCATIAMVLVNMFGVMWLWGISLNAVSLVNLVMSCGISVEFCSHITRAFTVSMKGSRVERAEEALAHMGSSVFSGITLTKFGGIVVLAFAKSQIFQIFYFRMYLAMVLLGATHGLIFLPVLLSYIGPSVNKAKSCATEERYKGTERERLLNF,0.691882215,0,-2.657725732651115
Y420S,MTARGLALGLLLLLLCPAQVFSQSCVWYGECGIAYGDKRYNCEYSGPPKPLPKDGYDLVQELCPGFFFGNVSLCCDVRQLQTLKDNLQLPLQFLSRCPSCFYNLLNLFCELTCSPRQSQFLNVTATEDYVDPVTNQTKTNVKELQYYVGQSFANAMYNACRDVEAPSSNDKALGLLCGKDADACNATNWIEYMFNKDNGQAPFTITPVFSDFPVHGMEPMNNATKGCDESVDEVTAPCSCQDCSIVCGPKPQPPPPPAPWTILGLDAMYVIMWITYMAFLLVFFGAFFAVWCYRKRYFVSEYTPIDSNIAFSVNASDKGEASCCDPVSAAFEGCLRRLFTRWGSFCVRNPGCVIFFSLVFITACSSGLVFVRVTTNPVDLWSAPSSQARLEKEYFDQHFGPFFRTEQLIIRAPLTDKHISQPYPSGADVPFGPPLDIQILHQVLDLQIAIENITASYDNETVTLQDICLAPLSPYNTNCTILSVLNYFQNSHSVLDHKKGDDFFVYADYHTHFLYCVRAPASLNDTSLLHDPCLGTFGGPVFPWLVLGGYDDQNYNNATALVITFPVNNYYNDTEKLQRAQAWEKEFINFVKNYKNPNLTISFTAERSIEDELNRESDSDVFTVVISYAIMFLYISLALGHMKSCRRLLVDSKVSLGIAGILIVLSSVACSLGVFSYIGLPLTLIVIEVIPFLVLAVGVDNIFILVQAYQRDERLQGETLDQQLGRVLGEVAPSMFLSSFSETVAFFLGALSVMPAVHTFSLFAGLAVFIDFLLQITCFVSLLGLDIKRQEKNRLDIFCCVRGAEDGTSVQASESCLFRFFKNSYSPLLLKDWMRPIVIAIFVGVLSFSIAVLNKVDIGLDQSLSMPDDSYMVDYFKSISQYLHAGPPVYFVLEEGHDYTSSKGQNMVCGGMGCNNDSLVQQIFNAAQLDNYTRIGFAPSSWIDDYFDWVKPQSSCCRVDNITDQFCNASVVDPACVRCRPLTPEGKQRPQGGDFMRFLPMFLSDNPNPKCGKGGHAAYSSAVNILLGHGTRVGATYFMTYHTVLQTSADFIDALKKARLIASNVTETMGINGSAYRVFPYSVFYVFYEQYLTIIDDTIFNLGVSLGAIFLVTMVLLGCELWSAVIMCATIAMVLVNMFGVMWLWGISLNAVSLVNLVMSCGISVEFCSHITRAFTVSMKGSRVERAEEALAHMGSSVFSGITLTKFGGIVVLAFAKSQIFQIFYFRMYLAMVLLGATHGLIFLPVLLSYIGPSVNKAKSCATEERYKGTERERLLNF,0.723562856,0,-2.658337803513791
Y423C,MTARGLALGLLLLLLCPAQVFSQSCVWYGECGIAYGDKRYNCEYSGPPKPLPKDGYDLVQELCPGFFFGNVSLCCDVRQLQTLKDNLQLPLQFLSRCPSCFYNLLNLFCELTCSPRQSQFLNVTATEDYVDPVTNQTKTNVKELQYYVGQSFANAMYNACRDVEAPSSNDKALGLLCGKDADACNATNWIEYMFNKDNGQAPFTITPVFSDFPVHGMEPMNNATKGCDESVDEVTAPCSCQDCSIVCGPKPQPPPPPAPWTILGLDAMYVIMWITYMAFLLVFFGAFFAVWCYRKRYFVSEYTPIDSNIAFSVNASDKGEASCCDPVSAAFEGCLRRLFTRWGSFCVRNPGCVIFFSLVFITACSSGLVFVRVTTNPVDLWSAPSSQARLEKEYFDQHFGPFFRTEQLIIRAPLTDKHIYQPCPSGADVPFGPPLDIQILHQVLDLQIAIENITASYDNETVTLQDICLAPLSPYNTNCTILSVLNYFQNSHSVLDHKKGDDFFVYADYHTHFLYCVRAPASLNDTSLLHDPCLGTFGGPVFPWLVLGGYDDQNYNNATALVITFPVNNYYNDTEKLQRAQAWEKEFINFVKNYKNPNLTISFTAERSIEDELNRESDSDVFTVVISYAIMFLYISLALGHMKSCRRLLVDSKVSLGIAGILIVLSSVACSLGVFSYIGLPLTLIVIEVIPFLVLAVGVDNIFILVQAYQRDERLQGETLDQQLGRVLGEVAPSMFLSSFSETVAFFLGALSVMPAVHTFSLFAGLAVFIDFLLQITCFVSLLGLDIKRQEKNRLDIFCCVRGAEDGTSVQASESCLFRFFKNSYSPLLLKDWMRPIVIAIFVGVLSFSIAVLNKVDIGLDQSLSMPDDSYMVDYFKSISQYLHAGPPVYFVLEEGHDYTSSKGQNMVCGGMGCNNDSLVQQIFNAAQLDNYTRIGFAPSSWIDDYFDWVKPQSSCCRVDNITDQFCNASVVDPACVRCRPLTPEGKQRPQGGDFMRFLPMFLSDNPNPKCGKGGHAAYSSAVNILLGHGTRVGATYFMTYHTVLQTSADFIDALKKARLIASNVTETMGINGSAYRVFPYSVFYVFYEQYLTIIDDTIFNLGVSLGAIFLVTMVLLGCELWSAVIMCATIAMVLVNMFGVMWLWGISLNAVSLVNLVMSCGISVEFCSHITRAFTVSMKGSRVERAEEALAHMGSSVFSGITLTKFGGIVVLAFAKSQIFQIFYFRMYLAMVLLGATHGLIFLPVLLSYIGPSVNKAKSCATEERYKGTERERLLNF,0.936323854,1,-2.653101770344288
Y423D,MTARGLALGLLLLLLCPAQVFSQSCVWYGECGIAYGDKRYNCEYSGPPKPLPKDGYDLVQELCPGFFFGNVSLCCDVRQLQTLKDNLQLPLQFLSRCPSCFYNLLNLFCELTCSPRQSQFLNVTATEDYVDPVTNQTKTNVKELQYYVGQSFANAMYNACRDVEAPSSNDKALGLLCGKDADACNATNWIEYMFNKDNGQAPFTITPVFSDFPVHGMEPMNNATKGCDESVDEVTAPCSCQDCSIVCGPKPQPPPPPAPWTILGLDAMYVIMWITYMAFLLVFFGAFFAVWCYRKRYFVSEYTPIDSNIAFSVNASDKGEASCCDPVSAAFEGCLRRLFTRWGSFCVRNPGCVIFFSLVFITACSSGLVFVRVTTNPVDLWSAPSSQARLEKEYFDQHFGPFFRTEQLIIRAPLTDKHIYQPDPSGADVPFGPPLDIQILHQVLDLQIAIENITASYDNETVTLQDICLAPLSPYNTNCTILSVLNYFQNSHSVLDHKKGDDFFVYADYHTHFLYCVRAPASLNDTSLLHDPCLGTFGGPVFPWLVLGGYDDQNYNNATALVITFPVNNYYNDTEKLQRAQAWEKEFINFVKNYKNPNLTISFTAERSIEDELNRESDSDVFTVVISYAIMFLYISLALGHMKSCRRLLVDSKVSLGIAGILIVLSSVACSLGVFSYIGLPLTLIVIEVIPFLVLAVGVDNIFILVQAYQRDERLQGETLDQQLGRVLGEVAPSMFLSSFSETVAFFLGALSVMPAVHTFSLFAGLAVFIDFLLQITCFVSLLGLDIKRQEKNRLDIFCCVRGAEDGTSVQASESCLFRFFKNSYSPLLLKDWMRPIVIAIFVGVLSFSIAVLNKVDIGLDQSLSMPDDSYMVDYFKSISQYLHAGPPVYFVLEEGHDYTSSKGQNMVCGGMGCNNDSLVQQIFNAAQLDNYTRIGFAPSSWIDDYFDWVKPQSSCCRVDNITDQFCNASVVDPACVRCRPLTPEGKQRPQGGDFMRFLPMFLSDNPNPKCGKGGHAAYSSAVNILLGHGTRVGATYFMTYHTVLQTSADFIDALKKARLIASNVTETMGINGSAYRVFPYSVFYVFYEQYLTIIDDTIFNLGVSLGAIFLVTMVLLGCELWSAVIMCATIAMVLVNMFGVMWLWGISLNAVSLVNLVMSCGISVEFCSHITRAFTVSMKGSRVERAEEALAHMGSSVFSGITLTKFGGIVVLAFAKSQIFQIFYFRMYLAMVLLGATHGLIFLPVLLSYIGPSVNKAKSCATEERYKGTERERLLNF,0.662412935,0,-2.654881437059859
Y423F,MTARGLALGLLLLLLCPAQVFSQSCVWYGECGIAYGDKRYNCEYSGPPKPLPKDGYDLVQELCPGFFFGNVSLCCDVRQLQTLKDNLQLPLQFLSRCPSCFYNLLNLFCELTCSPRQSQFLNVTATEDYVDPVTNQTKTNVKELQYYVGQSFANAMYNACRDVEAPSSNDKALGLLCGKDADACNATNWIEYMFNKDNGQAPFTITPVFSDFPVHGMEPMNNATKGCDESVDEVTAPCSCQDCSIVCGPKPQPPPPPAPWTILGLDAMYVIMWITYMAFLLVFFGAFFAVWCYRKRYFVSEYTPIDSNIAFSVNASDKGEASCCDPVSAAFEGCLRRLFTRWGSFCVRNPGCVIFFSLVFITACSSGLVFVRVTTNPVDLWSAPSSQARLEKEYFDQHFGPFFRTEQLIIRAPLTDKHIYQPFPSGADVPFGPPLDIQILHQVLDLQIAIENITASYDNETVTLQDICLAPLSPYNTNCTILSVLNYFQNSHSVLDHKKGDDFFVYADYHTHFLYCVRAPASLNDTSLLHDPCLGTFGGPVFPWLVLGGYDDQNYNNATALVITFPVNNYYNDTEKLQRAQAWEKEFINFVKNYKNPNLTISFTAERSIEDELNRESDSDVFTVVISYAIMFLYISLALGHMKSCRRLLVDSKVSLGIAGILIVLSSVACSLGVFSYIGLPLTLIVIEVIPFLVLAVGVDNIFILVQAYQRDERLQGETLDQQLGRVLGEVAPSMFLSSFSETVAFFLGALSVMPAVHTFSLFAGLAVFIDFLLQITCFVSLLGLDIKRQEKNRLDIFCCVRGAEDGTSVQASESCLFRFFKNSYSPLLLKDWMRPIVIAIFVGVLSFSIAVLNKVDIGLDQSLSMPDDSYMVDYFKSISQYLHAGPPVYFVLEEGHDYTSSKGQNMVCGGMGCNNDSLVQQIFNAAQLDNYTRIGFAPSSWIDDYFDWVKPQSSCCRVDNITDQFCNASVVDPACVRCRPLTPEGKQRPQGGDFMRFLPMFLSDNPNPKCGKGGHAAYSSAVNILLGHGTRVGATYFMTYHTVLQTSADFIDALKKARLIASNVTETMGINGSAYRVFPYSVFYVFYEQYLTIIDDTIFNLGVSLGAIFLVTMVLLGCELWSAVIMCATIAMVLVNMFGVMWLWGISLNAVSLVNLVMSCGISVEFCSHITRAFTVSMKGSRVERAEEALAHMGSSVFSGITLTKFGGIVVLAFAKSQIFQIFYFRMYLAMVLLGATHGLIFLPVLLSYIGPSVNKAKSCATEERYKGTERERLLNF,0.985273503,1,-2.6524975318490807
Y423H,MTARGLALGLLLLLLCPAQVFSQSCVWYGECGIAYGDKRYNCEYSGPPKPLPKDGYDLVQELCPGFFFGNVSLCCDVRQLQTLKDNLQLPLQFLSRCPSCFYNLLNLFCELTCSPRQSQFLNVTATEDYVDPVTNQTKTNVKELQYYVGQSFANAMYNACRDVEAPSSNDKALGLLCGKDADACNATNWIEYMFNKDNGQAPFTITPVFSDFPVHGMEPMNNATKGCDESVDEVTAPCSCQDCSIVCGPKPQPPPPPAPWTILGLDAMYVIMWITYMAFLLVFFGAFFAVWCYRKRYFVSEYTPIDSNIAFSVNASDKGEASCCDPVSAAFEGCLRRLFTRWGSFCVRNPGCVIFFSLVFITACSSGLVFVRVTTNPVDLWSAPSSQARLEKEYFDQHFGPFFRTEQLIIRAPLTDKHIYQPHPSGADVPFGPPLDIQILHQVLDLQIAIENITASYDNETVTLQDICLAPLSPYNTNCTILSVLNYFQNSHSVLDHKKGDDFFVYADYHTHFLYCVRAPASLNDTSLLHDPCLGTFGGPVFPWLVLGGYDDQNYNNATALVITFPVNNYYNDTEKLQRAQAWEKEFINFVKNYKNPNLTISFTAERSIEDELNRESDSDVFTVVISYAIMFLYISLALGHMKSCRRLLVDSKVSLGIAGILIVLSSVACSLGVFSYIGLPLTLIVIEVIPFLVLAVGVDNIFILVQAYQRDERLQGETLDQQLGRVLGEVAPSMFLSSFSETVAFFLGALSVMPAVHTFSLFAGLAVFIDFLLQITCFVSLLGLDIKRQEKNRLDIFCCVRGAEDGTSVQASESCLFRFFKNSYSPLLLKDWMRPIVIAIFVGVLSFSIAVLNKVDIGLDQSLSMPDDSYMVDYFKSISQYLHAGPPVYFVLEEGHDYTSSKGQNMVCGGMGCNNDSLVQQIFNAAQLDNYTRIGFAPSSWIDDYFDWVKPQSSCCRVDNITDQFCNASVVDPACVRCRPLTPEGKQRPQGGDFMRFLPMFLSDNPNPKCGKGGHAAYSSAVNILLGHGTRVGATYFMTYHTVLQTSADFIDALKKARLIASNVTETMGINGSAYRVFPYSVFYVFYEQYLTIIDDTIFNLGVSLGAIFLVTMVLLGCELWSAVIMCATIAMVLVNMFGVMWLWGISLNAVSLVNLVMSCGISVEFCSHITRAFTVSMKGSRVERAEEALAHMGSSVFSGITLTKFGGIVVLAFAKSQIFQIFYFRMYLAMVLLGATHGLIFLPVLLSYIGPSVNKAKSCATEERYKGTERERLLNF,0.890809269,1,-2.652776249510955
Y423N,MTARGLALGLLLLLLCPAQVFSQSCVWYGECGIAYGDKRYNCEYSGPPKPLPKDGYDLVQELCPGFFFGNVSLCCDVRQLQTLKDNLQLPLQFLSRCPSCFYNLLNLFCELTCSPRQSQFLNVTATEDYVDPVTNQTKTNVKELQYYVGQSFANAMYNACRDVEAPSSNDKALGLLCGKDADACNATNWIEYMFNKDNGQAPFTITPVFSDFPVHGMEPMNNATKGCDESVDEVTAPCSCQDCSIVCGPKPQPPPPPAPWTILGLDAMYVIMWITYMAFLLVFFGAFFAVWCYRKRYFVSEYTPIDSNIAFSVNASDKGEASCCDPVSAAFEGCLRRLFTRWGSFCVRNPGCVIFFSLVFITACSSGLVFVRVTTNPVDLWSAPSSQARLEKEYFDQHFGPFFRTEQLIIRAPLTDKHIYQPNPSGADVPFGPPLDIQILHQVLDLQIAIENITASYDNETVTLQDICLAPLSPYNTNCTILSVLNYFQNSHSVLDHKKGDDFFVYADYHTHFLYCVRAPASLNDTSLLHDPCLGTFGGPVFPWLVLGGYDDQNYNNATALVITFPVNNYYNDTEKLQRAQAWEKEFINFVKNYKNPNLTISFTAERSIEDELNRESDSDVFTVVISYAIMFLYISLALGHMKSCRRLLVDSKVSLGIAGILIVLSSVACSLGVFSYIGLPLTLIVIEVIPFLVLAVGVDNIFILVQAYQRDERLQGETLDQQLGRVLGEVAPSMFLSSFSETVAFFLGALSVMPAVHTFSLFAGLAVFIDFLLQITCFVSLLGLDIKRQEKNRLDIFCCVRGAEDGTSVQASESCLFRFFKNSYSPLLLKDWMRPIVIAIFVGVLSFSIAVLNKVDIGLDQSLSMPDDSYMVDYFKSISQYLHAGPPVYFVLEEGHDYTSSKGQNMVCGGMGCNNDSLVQQIFNAAQLDNYTRIGFAPSSWIDDYFDWVKPQSSCCRVDNITDQFCNASVVDPACVRCRPLTPEGKQRPQGGDFMRFLPMFLSDNPNPKCGKGGHAAYSSAVNILLGHGTRVGATYFMTYHTVLQTSADFIDALKKARLIASNVTETMGINGSAYRVFPYSVFYVFYEQYLTIIDDTIFNLGVSLGAIFLVTMVLLGCELWSAVIMCATIAMVLVNMFGVMWLWGISLNAVSLVNLVMSCGISVEFCSHITRAFTVSMKGSRVERAEEALAHMGSSVFSGITLTKFGGIVVLAFAKSQIFQIFYFRMYLAMVLLGATHGLIFLPVLLSYIGPSVNKAKSCATEERYKGTERERLLNF,0.875586307,1,-2.653067384340767
Y423S,MTARGLALGLLLLLLCPAQVFSQSCVWYGECGIAYGDKRYNCEYSGPPKPLPKDGYDLVQELCPGFFFGNVSLCCDVRQLQTLKDNLQLPLQFLSRCPSCFYNLLNLFCELTCSPRQSQFLNVTATEDYVDPVTNQTKTNVKELQYYVGQSFANAMYNACRDVEAPSSNDKALGLLCGKDADACNATNWIEYMFNKDNGQAPFTITPVFSDFPVHGMEPMNNATKGCDESVDEVTAPCSCQDCSIVCGPKPQPPPPPAPWTILGLDAMYVIMWITYMAFLLVFFGAFFAVWCYRKRYFVSEYTPIDSNIAFSVNASDKGEASCCDPVSAAFEGCLRRLFTRWGSFCVRNPGCVIFFSLVFITACSSGLVFVRVTTNPVDLWSAPSSQARLEKEYFDQHFGPFFRTEQLIIRAPLTDKHIYQPSPSGADVPFGPPLDIQILHQVLDLQIAIENITASYDNETVTLQDICLAPLSPYNTNCTILSVLNYFQNSHSVLDHKKGDDFFVYADYHTHFLYCVRAPASLNDTSLLHDPCLGTFGGPVFPWLVLGGYDDQNYNNATALVITFPVNNYYNDTEKLQRAQAWEKEFINFVKNYKNPNLTISFTAERSIEDELNRESDSDVFTVVISYAIMFLYISLALGHMKSCRRLLVDSKVSLGIAGILIVLSSVACSLGVFSYIGLPLTLIVIEVIPFLVLAVGVDNIFILVQAYQRDERLQGETLDQQLGRVLGEVAPSMFLSSFSETVAFFLGALSVMPAVHTFSLFAGLAVFIDFLLQITCFVSLLGLDIKRQEKNRLDIFCCVRGAEDGTSVQASESCLFRFFKNSYSPLLLKDWMRPIVIAIFVGVLSFSIAVLNKVDIGLDQSLSMPDDSYMVDYFKSISQYLHAGPPVYFVLEEGHDYTSSKGQNMVCGGMGCNNDSLVQQIFNAAQLDNYTRIGFAPSSWIDDYFDWVKPQSSCCRVDNITDQFCNASVVDPACVRCRPLTPEGKQRPQGGDFMRFLPMFLSDNPNPKCGKGGHAAYSSAVNILLGHGTRVGATYFMTYHTVLQTSADFIDALKKARLIASNVTETMGINGSAYRVFPYSVFYVFYEQYLTIIDDTIFNLGVSLGAIFLVTMVLLGCELWSAVIMCATIAMVLVNMFGVMWLWGISLNAVSLVNLVMSCGISVEFCSHITRAFTVSMKGSRVERAEEALAHMGSSVFSGITLTKFGGIVVLAFAKSQIFQIFYFRMYLAMVLLGATHGLIFLPVLLSYIGPSVNKAKSCATEERYKGTERERLLNF,0.954953895,1,-2.652625715228873
