mutated_sequence,avg_score_L_to_R,avg_score_R_to_L,avg_score,mutant
MTARGLALGLLLLLLCPAQVFSQSCVWYGECGIAYGDKRYNCEYSGPPKPLPKDGYDLVQELCPGFFFGNVSLCCDVRQLQTLKDNLQLPLQFLSRCPSCFYNLLNLFCELTCSPRQSQFLNVTATEDYVDPVTNQTKTNVKELQYYVGQSFANAMYNACRDVEAPSSNDKALGLLCGKDADACNATNWIEYMFNKDNGQAPFTITPVFSDFPVHGMEPMNNATKGCDESVDEVTAPCSCQDCSIVCGPKPQPPPPPAPWTILGLDAMYVIMWITYMAFLLVFFGAFFAVWCYRKRYFVSEYTPIDSNIAFSVNASDKGEASCCDPVSAAFEGCLRRLFTRWGSFCVRNPGCVIFFSLVFITACSSGLVFVRVTTNPVDLWSAPSSQARLEKEYFDQHFGPFFRTEQLIIRAPLTDKHIYQPYPSGADVPFGPPLDIQILHQVLDLQIAIENITASYDNETVTLQDICLAPLSPYNTNCTILSVLNYFQNSHSVLDHKKGDDFFVYADYHTHFLYCVRAPASLNDTSLLHDPCLGTFGGPVFPWLVLGGYDDQNYNNATALVITFPVNNYYNDTEKLQRAQAWEKEFINFVKNYKNPNLTISFTAERSIEDELNRESDSDVFTVVISYAIMFLYISLALGHMKSCRRLLVDSKVSLGIAGILIVLSSVACSLGVFSYIGLPLTLIVIEVIPFLVLAVGVDNIFILVQAYQRDERLQGETLDQQLGRVLGEVAPSMFLSSFSETVAFFLGALSVMPAVHTFSLFAGLAVFIDFLLQITCFVSLLGLDIKRQEKNRLDIFCCVRGAEDGTSVQASESCLFRFFKNSYSPLLLKDWMRPIVIAIFVGVLSFSIAVLNKVDIGLDQSLSMPDDSYMVDYFKSISQYLHAGPPVYFVLEEGHDYTSSKGQNMVCGGMGCNNASLVQQIFNAAQLDNYTRIGFAPSSWIDDYFDWVKPQSSCCRVDNITDQFCNASVVDPACVRCRPLTPEGKQRPQGGDFMRFLPMFLSDNPNPKCGKGGHAAYSSAVNILLGHGTRVGATYFMTYHTVLQTSADFIDALKKARLIASNVTETMGINGSAYRVFPYSVFYVFYEQYLTIIDDTIFNLGVSLGAIFLVTMVLLGCELWSAVIMCATIAMVLVNMFGVMWLWGISLNAVSLVNLVMSCGISVEFCSHITRAFTVSMKGSRVERAEEALAHMGSSVFSGITLTKFGGIVVLAFAKSQIFQIFYFRMYLAMVLLGATHGLIFLPVLLSYIGPSVNKAKSCATEERYKGTERERLLNF,-0.003473129630648497,-0.0031717745164563382,-0.0033224520735524177,D917A
MTARGLALGLLLLLLCPAQVFSQSCVWYGECGIAYGDKRYNCEYSGPPKPLPKDGYDLVQELCPGFFFGNVSLCCDVRQLQTLKDNLQLPLQFLSRCPSCFYNLLNLFCELTCSPRQSQFLNVTATEDYVDPVTNQTKTNVKELQYYVGQSFANAMYNACRDVEAPSSNDKALGLLCGKDADACNATNWIEYMFNKDNGQAPFTITPVFSDFPVHGMEPMNNATKGCDESVDEVTAPCSCQDCSIVCGPKPQPPPPPAPWTILGLDAMYVIMWITYMAFLLVFFGAFFAVWCYRKRYFVSEYTPIDSNIAFSVNASDKGEASCCDPVSAAFEGCLRRLFTRWGSFCVRNPGCVIFFSLVFITACSSGLVFVRVTTNPVDLWSAPSSQARLEKEYFDQHFGPFFRTEQLIIRAPLTDKHIYQPYPSGADVPFGPPLDIQILHQVLDLQIAIENITASYDNETVTLQDICLAPLSPYNTNCTILSVLNYFQNSHSVLDHKKGDDFFVYADYHTHFLYCVRAPASLNDTSLLHDPCLGTFGGPVFPWLVLGGYDDQNYNNATALVITFPVNNYYNDTEKLQRAQAWEKEFINFVKNYKNPNLTISFTAERSIEDELNRESDSDVFTVVISYAIMFLYISLALGHMKSCRRLLVDSKVSLGIAGILIVLSSVACSLGVFSYIGLPLTLIVIEVIPFLVLAVGVDNIFILVQAYQRDERLQGETLDQQLGRVLGEVAPSMFLSSFSETVAFFLGALSVMPAVHTFSLFAGLAVFIDFLLQITCFVSLLGLDIKRQEKNRLDIFCCVRGAEDGTSVQASESCLFRFFKNSYSPLLLKDWMRPIVIAIFVGVLSFSIAVLNKVDIGLDQSLSMPDDSYMVDYFKSISQYLHAGPPVYFVLEEGHDYTSSKGQNMVCGGMGCNNESLVQQIFNAAQLDNYTRIGFAPSSWIDDYFDWVKPQSSCCRVDNITDQFCNASVVDPACVRCRPLTPEGKQRPQGGDFMRFLPMFLSDNPNPKCGKGGHAAYSSAVNILLGHGTRVGATYFMTYHTVLQTSADFIDALKKARLIASNVTETMGINGSAYRVFPYSVFYVFYEQYLTIIDDTIFNLGVSLGAIFLVTMVLLGCELWSAVIMCATIAMVLVNMFGVMWLWGISLNAVSLVNLVMSCGISVEFCSHITRAFTVSMKGSRVERAEEALAHMGSSVFSGITLTKFGGIVVLAFAKSQIFQIFYFRMYLAMVLLGATHGLIFLPVLLSYIGPSVNKAKSCATEERYKGTERERLLNF,-0.002599199799491414,-0.0021320754933245034,-0.0023656376464079587,D917E
MTARGLALGLLLLLLCPAQVFSQSCVWYGECGIAYGDKRYNCEYSGPPKPLPKDGYDLVQELCPGFFFGNVSLCCDVRQLQTLKDNLQLPLQFLSRCPSCFYNLLNLFCELTCSPRQSQFLNVTATEDYVDPVTNQTKTNVKELQYYVGQSFANAMYNACRDVEAPSSNDKALGLLCGKDADACNATNWIEYMFNKDNGQAPFTITPVFSDFPVHGMEPMNNATKGCDESVDEVTAPCSCQDCSIVCGPKPQPPPPPAPWTILGLDAMYVIMWITYMAFLLVFFGAFFAVWCYRKRYFVSEYTPIDSNIAFSVNASDKGEASCCDPVSAAFEGCLRRLFTRWGSFCVRNPGCVIFFSLVFITACSSGLVFVRVTTNPVDLWSAPSSQARLEKEYFDQHFGPFFRTEQLIIRAPLTDKHIYQPYPSGADVPFGPPLDIQILHQVLDLQIAIENITASYDNETVTLQDICLAPLSPYNTNCTILSVLNYFQNSHSVLDHKKGDDFFVYADYHTHFLYCVRAPASLNDTSLLHDPCLGTFGGPVFPWLVLGGYDDQNYNNATALVITFPVNNYYNDTEKLQRAQAWEKEFINFVKNYKNPNLTISFTAERSIEDELNRESDSDVFTVVISYAIMFLYISLALGHMKSCRRLLVDSKVSLGIAGILIVLSSVACSLGVFSYIGLPLTLIVIEVIPFLVLAVGVDNIFILVQAYQRDERLQGETLDQQLGRVLGEVAPSMFLSSFSETVAFFLGALSVMPAVHTFSLFAGLAVFIDFLLQITCFVSLLGLDIKRQEKNRLDIFCCVRGAEDGTSVQASESCLFRFFKNSYSPLLLKDWMRPIVIAIFVGVLSFSIAVLNKVDIGLDQSLSMPDDSYMVDYFKSISQYLHAGPPVYFVLEEGHDYTSSKGQNMVCGGMGCNNGSLVQQIFNAAQLDNYTRIGFAPSSWIDDYFDWVKPQSSCCRVDNITDQFCNASVVDPACVRCRPLTPEGKQRPQGGDFMRFLPMFLSDNPNPKCGKGGHAAYSSAVNILLGHGTRVGATYFMTYHTVLQTSADFIDALKKARLIASNVTETMGINGSAYRVFPYSVFYVFYEQYLTIIDDTIFNLGVSLGAIFLVTMVLLGCELWSAVIMCATIAMVLVNMFGVMWLWGISLNAVSLVNLVMSCGISVEFCSHITRAFTVSMKGSRVERAEEALAHMGSSVFSGITLTKFGGIVVLAFAKSQIFQIFYFRMYLAMVLLGATHGLIFLPVLLSYIGPSVNKAKSCATEERYKGTERERLLNF,-0.0029717148376369185,-0.002949125143657083,-0.002960419990647001,D917G
MTARGLALGLLLLLLCPAQVFSQSCVWYGECGIAYGDKRYNCEYSGPPKPLPKDGYDLVQELCPGFFFGNVSLCCDVRQLQTLKDNLQLPLQFLSRCPSCFYNLLNLFCELTCSPRQSQFLNVTATEDYVDPVTNQTKTNVKELQYYVGQSFANAMYNACRDVEAPSSNDKALGLLCGKDADACNATNWIEYMFNKDNGQAPFTITPVFSDFPVHGMEPMNNATKGCDESVDEVTAPCSCQDCSIVCGPKPQPPPPPAPWTILGLDAMYVIMWITYMAFLLVFFGAFFAVWCYRKRYFVSEYTPIDSNIAFSVNASDKGEASCCDPVSAAFEGCLRRLFTRWGSFCVRNPGCVIFFSLVFITACSSGLVFVRVTTNPVDLWSAPSSQARLEKEYFDQHFGPFFRTEQLIIRAPLTDKHIYQPYPSGADVPFGPPLDIQILHQVLDLQIAIENITASYDNETVTLQDICLAPLSPYNTNCTILSVLNYFQNSHSVLDHKKGDDFFVYADYHTHFLYCVRAPASLNDTSLLHDPCLGTFGGPVFPWLVLGGYDDQNYNNATALVITFPVNNYYNDTEKLQRAQAWEKEFINFVKNYKNPNLTISFTAERSIEDELNRESDSDVFTVVISYAIMFLYISLALGHMKSCRRLLVDSKVSLGIAGILIVLSSVACSLGVFSYIGLPLTLIVIEVIPFLVLAVGVDNIFILVQAYQRDERLQGETLDQQLGRVLGEVAPSMFLSSFSETVAFFLGALSVMPAVHTFSLFAGLAVFIDFLLQITCFVSLLGLDIKRQEKNRLDIFCCVRGAEDGTSVQASESCLFRFFKNSYSPLLLKDWMRPIVIAIFVGVLSFSIAVLNKVDIGLDQSLSMPDDSYMVDYFKSISQYLHAGPPVYFVLEEGHDYTSSKGQNMVCGGMGCNNHSLVQQIFNAAQLDNYTRIGFAPSSWIDDYFDWVKPQSSCCRVDNITDQFCNASVVDPACVRCRPLTPEGKQRPQGGDFMRFLPMFLSDNPNPKCGKGGHAAYSSAVNILLGHGTRVGATYFMTYHTVLQTSADFIDALKKARLIASNVTETMGINGSAYRVFPYSVFYVFYEQYLTIIDDTIFNLGVSLGAIFLVTMVLLGCELWSAVIMCATIAMVLVNMFGVMWLWGISLNAVSLVNLVMSCGISVEFCSHITRAFTVSMKGSRVERAEEALAHMGSSVFSGITLTKFGGIVVLAFAKSQIFQIFYFRMYLAMVLLGATHGLIFLPVLLSYIGPSVNKAKSCATEERYKGTERERLLNF,-0.0026277592857492094,-0.0027172106532423745,-0.002672484969495792,D917H
MTARGLALGLLLLLLCPAQVFSQSCVWYGECGIAYGDKRYNCEYSGPPKPLPKDGYDLVQELCPGFFFGNVSLCCDVRQLQTLKDNLQLPLQFLSRCPSCFYNLLNLFCELTCSPRQSQFLNVTATEDYVDPVTNQTKTNVKELQYYVGQSFANAMYNACRDVEAPSSNDKALGLLCGKDADACNATNWIEYMFNKDNGQAPFTITPVFSDFPVHGMEPMNNATKGCDESVDEVTAPCSCQDCSIVCGPKPQPPPPPAPWTILGLDAMYVIMWITYMAFLLVFFGAFFAVWCYRKRYFVSEYTPIDSNIAFSVNASDKGEASCCDPVSAAFEGCLRRLFTRWGSFCVRNPGCVIFFSLVFITACSSGLVFVRVTTNPVDLWSAPSSQARLEKEYFDQHFGPFFRTEQLIIRAPLTDKHIYQPYPSGADVPFGPPLDIQILHQVLDLQIAIENITASYDNETVTLQDICLAPLSPYNTNCTILSVLNYFQNSHSVLDHKKGDDFFVYADYHTHFLYCVRAPASLNDTSLLHDPCLGTFGGPVFPWLVLGGYDDQNYNNATALVITFPVNNYYNDTEKLQRAQAWEKEFINFVKNYKNPNLTISFTAERSIEDELNRESDSDVFTVVISYAIMFLYISLALGHMKSCRRLLVDSKVSLGIAGILIVLSSVACSLGVFSYIGLPLTLIVIEVIPFLVLAVGVDNIFILVQAYQRDERLQGETLDQQLGRVLGEVAPSMFLSSFSETVAFFLGALSVMPAVHTFSLFAGLAVFIDFLLQITCFVSLLGLDIKRQEKNRLDIFCCVRGAEDGTSVQASESCLFRFFKNSYSPLLLKDWMRPIVIAIFVGVLSFSIAVLNKVDIGLDQSLSMPDDSYMVDYFKSISQYLHAGPPVYFVLEEGHDYTSSKGQNMVCGGMGCNNNSLVQQIFNAAQLDNYTRIGFAPSSWIDDYFDWVKPQSSCCRVDNITDQFCNASVVDPACVRCRPLTPEGKQRPQGGDFMRFLPMFLSDNPNPKCGKGGHAAYSSAVNILLGHGTRVGATYFMTYHTVLQTSADFIDALKKARLIASNVTETMGINGSAYRVFPYSVFYVFYEQYLTIIDDTIFNLGVSLGAIFLVTMVLLGCELWSAVIMCATIAMVLVNMFGVMWLWGISLNAVSLVNLVMSCGISVEFCSHITRAFTVSMKGSRVERAEEALAHMGSSVFSGITLTKFGGIVVLAFAKSQIFQIFYFRMYLAMVLLGATHGLIFLPVLLSYIGPSVNKAKSCATEERYKGTERERLLNF,6.729149855733141e-05,-2.5646227626130447e-05,2.082263546560048e-05,D917N
MTARGLALGLLLLLLCPAQVFSQSCVWYGECGIAYGDKRYNCEYSGPPKPLPKDGYDLVQELCPGFFFGNVSLCCDVRQLQTLKDNLQLPLQFLSRCPSCFYNLLNLFCELTCSPRQSQFLNVTATEDYVDPVTNQTKTNVKELQYYVGQSFANAMYNACRDVEAPSSNDKALGLLCGKDADACNATNWIEYMFNKDNGQAPFTITPVFSDFPVHGMEPMNNATKGCDESVDEVTAPCSCQDCSIVCGPKPQPPPPPAPWTILGLDAMYVIMWITYMAFLLVFFGAFFAVWCYRKRYFVSEYTPIDSNIAFSVNASDKGEASCCDPVSAAFEGCLRRLFTRWGSFCVRNPGCVIFFSLVFITACSSGLVFVRVTTNPVDLWSAPSSQARLEKEYFDQHFGPFFRTEQLIIRAPLTDKHIYQPYPSGADVPFGPPLDIQILHQVLDLQIAIENITASYDNETVTLQDICLAPLSPYNTNCTILSVLNYFQNSHSVLDHKKGDDFFVYADYHTHFLYCVRAPASLNDTSLLHDPCLGTFGGPVFPWLVLGGYDDQNYNNATALVITFPVNNYYNDTEKLQRAQAWEKEFINFVKNYKNPNLTISFTAERSIEDELNRESDSDVFTVVISYAIMFLYISLALGHMKSCRRLLVDSKVSLGIAGILIVLSSVACSLGVFSYIGLPLTLIVIEVIPFLVLAVGVDNIFILVQAYQRDERLQGETLDQQLGRVLGEVAPSMFLSSFSETVAFFLGALSVMPAVHTFSLFAGLAVFIDFLLQITCFVSLLGLDIKRQEKNRLDIFCCVRGAEDGTSVQASESCLFRFFKNSYSPLLLKDWMRPIVIAIFVGVLSFSIAVLNKVDIGLDQSLSMPDDSYMVDYFKSISQYLHAGPPVYFVLEEGHDYTSSKGQNMVCGGMGCNNVSLVQQIFNAAQLDNYTRIGFAPSSWIDDYFDWVKPQSSCCRVDNITDQFCNASVVDPACVRCRPLTPEGKQRPQGGDFMRFLPMFLSDNPNPKCGKGGHAAYSSAVNILLGHGTRVGATYFMTYHTVLQTSADFIDALKKARLIASNVTETMGINGSAYRVFPYSVFYVFYEQYLTIIDDTIFNLGVSLGAIFLVTMVLLGCELWSAVIMCATIAMVLVNMFGVMWLWGISLNAVSLVNLVMSCGISVEFCSHITRAFTVSMKGSRVERAEEALAHMGSSVFSGITLTKFGGIVVLAFAKSQIFQIFYFRMYLAMVLLGATHGLIFLPVLLSYIGPSVNKAKSCATEERYKGTERERLLNF,-0.004356706646126751,-0.003525138460974131,-0.003940922553550441,D917V
MTARGLALGLLLLLLCPAQVFSQSCVWYGECGIAYGDKRYNCEYSGPPKPLPKDGYDLVQELCPGFFFGNVSLCCDVRQLQTLKDNLQLPLQFLSRCPSCFYNLLNLFCELTCSPRQSQFLNVTATEDYVDPVTNQTKTNVKELQYYVGQSFANAMYNACRDVEAPSSNDKALGLLCGKDADACNATNWIEYMFNKDNGQAPFTITPVFSDFPVHGMEPMNNATKGCDESVDEVTAPCSCQDCSIVCGPKPQPPPPPAPWTILGLDAMYVIMWITYMAFLLVFFGAFFAVWCYRKRYFVSEYTPIDSNIAFSVNASDKGEASCCDPVSAAFEGCLRRLFTRWGSFCVRNPGCVIFFSLVFITACSSGLVFVRVTTNPVDLWSAPSSQARLEKEYFDQHFGPFFRTEQLIIRAPLTDKHIYQPYPSGADVPFGPPLDIQILHQVLDLQIAIENITASYDNETVTLQDICLAPLSPYNTNCTILSVLNYFQNSHSVLDHKKGDDFFVYADYHTHFLYCVRAPASLNDTSLLHDPCLGTFGGPVFPWLVLGGYDDQNYNNATALVITFPVNNYYNDTEKLQRAQAWEKEFINFVKNYKNPNLTISFTAERSIEDELNRESDSDVFTVVISYAIMFLYISLALGHMKSCRRLLVDSKVSLGIAGILIVLSSVACSLGVFSYIGLPLTLIVIEVIPFLVLAVGVDNIFILVQAYQRDERLQGETLDQQLGRVLGEVAPSMFLSSFSETVAFFLGALSVMPAVHTFSLFAGLAVFIDFLLQITCFVSLLGLDIKRQEKNRLDIFCCVRGAEDGTSVQASESCLFRFFKNSYSPLLLKDWMRPIVIAIFVGVLSFSIAVLNKVDIGLDQSLSMPDDSYMVDYFKSISQYLHAGPPVYFVLEEGHDYTSSKGQNMVCGGMGCNNYSLVQQIFNAAQLDNYTRIGFAPSSWIDDYFDWVKPQSSCCRVDNITDQFCNASVVDPACVRCRPLTPEGKQRPQGGDFMRFLPMFLSDNPNPKCGKGGHAAYSSAVNILLGHGTRVGATYFMTYHTVLQTSADFIDALKKARLIASNVTETMGINGSAYRVFPYSVFYVFYEQYLTIIDDTIFNLGVSLGAIFLVTMVLLGCELWSAVIMCATIAMVLVNMFGVMWLWGISLNAVSLVNLVMSCGISVEFCSHITRAFTVSMKGSRVERAEEALAHMGSSVFSGITLTKFGGIVVLAFAKSQIFQIFYFRMYLAMVLLGATHGLIFLPVLLSYIGPSVNKAKSCATEERYKGTERERLLNF,-0.0023362901475694198,-0.002046970134609749,-0.0021916301410895844,D917Y
MTARGLALGLLLLLLCPAQVFSQSCVWYGECGIAYGDKRYNCEYSGPPKPLPKDGYDLVQELCPGFFFGNVSLCCDVRQLQTLKDNLQLPLQFLSRCPSCFYNLLNLFCELTCSPRQSQFLNVTATEDYVDPVTNQTKTNVKELQYYVGQSFANAMYNACRDVEAPSSNDKALGLLCGKDADACNATNWIEYMFNKDNGQAPFTITPVFSDFPVHGMEPMNNATKGCDESVDEVTAPCSCQDCSIVCGPKPQPPPPPAPWTILGLDAMYVIMWITYMAFLLVFFGAFFAVWCYRKRYFVSEYTPIDSNIAFSVNASDKGEASCCDPVSAAFEGCLRRLFTRWGSFCVRNPGCVIFFSLVFITACSSGLVFVRVTTNPVDLWSAPSSQARLEKEYFDQHFGPFFRTEQLIIRAPLTDKHIYQPYPSGADVPFGPPLDIQILHQVLDLQIAIENITASYDNETVTLQDICLAPLSPYNTNCTILSVLNYFQNSHSVLDHKKGDDFFVYADYHTHFLYCVRAPASLNDTSLLHDPCLGTFGGPVFPWLVLGGYDDQNYNNATALVITFPVNNYYNDTEKLQRAQAWEKEFINFVKNYKNPNLTISFTAERSIEDELNRESDSDVFTVVISYAIMFLYISLALGHMKSCRRLLVDSKVSLGIAGILIVLSSVACSLGVFSYIGLPLTLIVIEVIPFLVLAVGVDNIFILVQAYQRDERLQGETLDQQLGRVLGEVAPSMFLSSFSETVAFFLGALSVMPAVHTFSLFAGLAVFIDFLLQITCFVSLLGLDIKRQEKNRLDIFCCVRGAEDGTSVQASESCLFRFFKNSYSPLLLKDWMRPIVIAIFVGVLSFSIAVLNKVDIGLDQSLSMPDDSYMVDYFKSISQYLHAGPPVYFVLEEGHDYTSSKGQNMVCGGMGCNNDSMVQQIFNAAQLDNYTRIGFAPSSWIDDYFDWVKPQSSCCRVDNITDQFCNASVVDPACVRCRPLTPEGKQRPQGGDFMRFLPMFLSDNPNPKCGKGGHAAYSSAVNILLGHGTRVGATYFMTYHTVLQTSADFIDALKKARLIASNVTETMGINGSAYRVFPYSVFYVFYEQYLTIIDDTIFNLGVSLGAIFLVTMVLLGCELWSAVIMCATIAMVLVNMFGVMWLWGISLNAVSLVNLVMSCGISVEFCSHITRAFTVSMKGSRVERAEEALAHMGSSVFSGITLTKFGGIVVLAFAKSQIFQIFYFRMYLAMVLLGATHGLIFLPVLLSYIGPSVNKAKSCATEERYKGTERERLLNF,-0.0027709387837441257,-0.0024542532429822073,-0.0026125960133631665,L919M
MTARGLALGLLLLLLCPAQVFSQSCVWYGECGIAYGDKRYNCEYSGPPKPLPKDGYDLVQELCPGFFFGNVSLCCDVRQLQTLKDNLQLPLQFLSRCPSCFYNLLNLFCELTCSPRQSQFLNVTATEDYVDPVTNQTKTNVKELQYYVGQSFANAMYNACRDVEAPSSNDKALGLLCGKDADACNATNWIEYMFNKDNGQAPFTITPVFSDFPVHGMEPMNNATKGCDESVDEVTAPCSCQDCSIVCGPKPQPPPPPAPWTILGLDAMYVIMWITYMAFLLVFFGAFFAVWCYRKRYFVSEYTPIDSNIAFSVNASDKGEASCCDPVSAAFEGCLRRLFTRWGSFCVRNPGCVIFFSLVFITACSSGLVFVRVTTNPVDLWSAPSSQARLEKEYFDQHFGPFFRTEQLIIRAPLTDKHIYQPYPSGADVPFGPPLDIQILHQVLDLQIAIENITASYDNETVTLQDICLAPLSPYNTNCTILSVLNYFQNSHSVLDHKKGDDFFVYADYHTHFLYCVRAPASLNDTSLLHDPCLGTFGGPVFPWLVLGGYDDQNYNNATALVITFPVNNYYNDTEKLQRAQAWEKEFINFVKNYKNPNLTISFTAERSIEDELNRESDSDVFTVVISYAIMFLYISLALGHMKSCRRLLVDSKVSLGIAGILIVLSSVACSLGVFSYIGLPLTLIVIEVIPFLVLAVGVDNIFILVQAYQRDERLQGETLDQQLGRVLGEVAPSMFLSSFSETVAFFLGALSVMPAVHTFSLFAGLAVFIDFLLQITCFVSLLGLDIKRQEKNRLDIFCCVRGAEDGTSVQASESCLFRFFKNSYSPLLLKDWMRPIVIAIFVGVLSFSIAVLNKVDIGLDQSLSMPDDSYMVDYFKSISQYLHAGPPVYFVLEEGHDYTSSKGQNMVCGGMGCNNDSPVQQIFNAAQLDNYTRIGFAPSSWIDDYFDWVKPQSSCCRVDNITDQFCNASVVDPACVRCRPLTPEGKQRPQGGDFMRFLPMFLSDNPNPKCGKGGHAAYSSAVNILLGHGTRVGATYFMTYHTVLQTSADFIDALKKARLIASNVTETMGINGSAYRVFPYSVFYVFYEQYLTIIDDTIFNLGVSLGAIFLVTMVLLGCELWSAVIMCATIAMVLVNMFGVMWLWGISLNAVSLVNLVMSCGISVEFCSHITRAFTVSMKGSRVERAEEALAHMGSSVFSGITLTKFGGIVVLAFAKSQIFQIFYFRMYLAMVLLGATHGLIFLPVLLSYIGPSVNKAKSCATEERYKGTERERLLNF,-0.008035053856122798,-0.005717389460460631,-0.006876221658291715,L919P
MTARGLALGLLLLLLCPAQVFSQSCVWYGECGIAYGDKRYNCEYSGPPKPLPKDGYDLVQELCPGFFFGNVSLCCDVRQLQTLKDNLQLPLQFLSRCPSCFYNLLNLFCELTCSPRQSQFLNVTATEDYVDPVTNQTKTNVKELQYYVGQSFANAMYNACRDVEAPSSNDKALGLLCGKDADACNATNWIEYMFNKDNGQAPFTITPVFSDFPVHGMEPMNNATKGCDESVDEVTAPCSCQDCSIVCGPKPQPPPPPAPWTILGLDAMYVIMWITYMAFLLVFFGAFFAVWCYRKRYFVSEYTPIDSNIAFSVNASDKGEASCCDPVSAAFEGCLRRLFTRWGSFCVRNPGCVIFFSLVFITACSSGLVFVRVTTNPVDLWSAPSSQARLEKEYFDQHFGPFFRTEQLIIRAPLTDKHIYQPYPSGADVPFGPPLDIQILHQVLDLQIAIENITASYDNETVTLQDICLAPLSPYNTNCTILSVLNYFQNSHSVLDHKKGDDFFVYADYHTHFLYCVRAPASLNDTSLLHDPCLGTFGGPVFPWLVLGGYDDQNYNNATALVITFPVNNYYNDTEKLQRAQAWEKEFINFVKNYKNPNLTISFTAERSIEDELNRESDSDVFTVVISYAIMFLYISLALGHMKSCRRLLVDSKVSLGIAGILIVLSSVACSLGVFSYIGLPLTLIVIEVIPFLVLAVGVDNIFILVQAYQRDERLQGETLDQQLGRVLGEVAPSMFLSSFSETVAFFLGALSVMPAVHTFSLFAGLAVFIDFLLQITCFVSLLGLDIKRQEKNRLDIFCCVRGAEDGTSVQASESCLFRFFKNSYSPLLLKDWMRPIVIAIFVGVLSFSIAVLNKVDIGLDQSLSMPDDSYMVDYFKSISQYLHAGPPVYFVLEEGHDYTSSKGQNMVCGGMGCNNDSQVQQIFNAAQLDNYTRIGFAPSSWIDDYFDWVKPQSSCCRVDNITDQFCNASVVDPACVRCRPLTPEGKQRPQGGDFMRFLPMFLSDNPNPKCGKGGHAAYSSAVNILLGHGTRVGATYFMTYHTVLQTSADFIDALKKARLIASNVTETMGINGSAYRVFPYSVFYVFYEQYLTIIDDTIFNLGVSLGAIFLVTMVLLGCELWSAVIMCATIAMVLVNMFGVMWLWGISLNAVSLVNLVMSCGISVEFCSHITRAFTVSMKGSRVERAEEALAHMGSSVFSGITLTKFGGIVVLAFAKSQIFQIFYFRMYLAMVLLGATHGLIFLPVLLSYIGPSVNKAKSCATEERYKGTERERLLNF,-0.006612762785480286,-0.0054176581297681325,-0.006015210457624209,L919Q
MTARGLALGLLLLLLCPAQVFSQSCVWYGECGIAYGDKRYNCEYSGPPKPLPKDGYDLVQELCPGFFFGNVSLCCDVRQLQTLKDNLQLPLQFLSRCPSCFYNLLNLFCELTCSPRQSQFLNVTATEDYVDPVTNQTKTNVKELQYYVGQSFANAMYNACRDVEAPSSNDKALGLLCGKDADACNATNWIEYMFNKDNGQAPFTITPVFSDFPVHGMEPMNNATKGCDESVDEVTAPCSCQDCSIVCGPKPQPPPPPAPWTILGLDAMYVIMWITYMAFLLVFFGAFFAVWCYRKRYFVSEYTPIDSNIAFSVNASDKGEASCCDPVSAAFEGCLRRLFTRWGSFCVRNPGCVIFFSLVFITACSSGLVFVRVTTNPVDLWSAPSSQARLEKEYFDQHFGPFFRTEQLIIRAPLTDKHIYQPYPSGADVPFGPPLDIQILHQVLDLQIAIENITASYDNETVTLQDICLAPLSPYNTNCTILSVLNYFQNSHSVLDHKKGDDFFVYADYHTHFLYCVRAPASLNDTSLLHDPCLGTFGGPVFPWLVLGGYDDQNYNNATALVITFPVNNYYNDTEKLQRAQAWEKEFINFVKNYKNPNLTISFTAERSIEDELNRESDSDVFTVVISYAIMFLYISLALGHMKSCRRLLVDSKVSLGIAGILIVLSSVACSLGVFSYIGLPLTLIVIEVIPFLVLAVGVDNIFILVQAYQRDERLQGETLDQQLGRVLGEVAPSMFLSSFSETVAFFLGALSVMPAVHTFSLFAGLAVFIDFLLQITCFVSLLGLDIKRQEKNRLDIFCCVRGAEDGTSVQASESCLFRFFKNSYSPLLLKDWMRPIVIAIFVGVLSFSIAVLNKVDIGLDQSLSMPDDSYMVDYFKSISQYLHAGPPVYFVLEEGHDYTSSKGQNMVCGGMGCNNDSRVQQIFNAAQLDNYTRIGFAPSSWIDDYFDWVKPQSSCCRVDNITDQFCNASVVDPACVRCRPLTPEGKQRPQGGDFMRFLPMFLSDNPNPKCGKGGHAAYSSAVNILLGHGTRVGATYFMTYHTVLQTSADFIDALKKARLIASNVTETMGINGSAYRVFPYSVFYVFYEQYLTIIDDTIFNLGVSLGAIFLVTMVLLGCELWSAVIMCATIAMVLVNMFGVMWLWGISLNAVSLVNLVMSCGISVEFCSHITRAFTVSMKGSRVERAEEALAHMGSSVFSGITLTKFGGIVVLAFAKSQIFQIFYFRMYLAMVLLGATHGLIFLPVLLSYIGPSVNKAKSCATEERYKGTERERLLNF,-0.006494369865023497,-0.005556157310617205,-0.006025263587820351,L919R
MTARGLALGLLLLLLCPAQVFSQSCVWYGECGIAYGDKRYNCEYSGPPKPLPKDGYDLVQELCPGFFFGNVSLCCDVRQLQTLKDNLQLPLQFLSRCPSCFYNLLNLFCELTCSPRQSQFLNVTATEDYVDPVTNQTKTNVKELQYYVGQSFANAMYNACRDVEAPSSNDKALGLLCGKDADACNATNWIEYMFNKDNGQAPFTITPVFSDFPVHGMEPMNNATKGCDESVDEVTAPCSCQDCSIVCGPKPQPPPPPAPWTILGLDAMYVIMWITYMAFLLVFFGAFFAVWCYRKRYFVSEYTPIDSNIAFSVNASDKGEASCCDPVSAAFEGCLRRLFTRWGSFCVRNPGCVIFFSLVFITACSSGLVFVRVTTNPVDLWSAPSSQARLEKEYFDQHFGPFFRTEQLIIRAPLTDKHIYQPYPSGADVPFGPPLDIQILHQVLDLQIAIENITASYDNETVTLQDICLAPLSPYNTNCTILSVLNYFQNSHSVLDHKKGDDFFVYADYHTHFLYCVRAPASLNDTSLLHDPCLGTFGGPVFPWLVLGGYDDQNYNNATALVITFPVNNYYNDTEKLQRAQAWEKEFINFVKNYKNPNLTISFTAERSIEDELNRESDSDVFTVVISYAIMFLYISLALGHMKSCRRLLVDSKVSLGIAGILIVLSSVACSLGVFSYIGLPLTLIVIEVIPFLVLAVGVDNIFILVQAYQRDERLQGETLDQQLGRVLGEVAPSMFLSSFSETVAFFLGALSVMPAVHTFSLFAGLAVFIDFLLQITCFVSLLGLDIKRQEKNRLDIFCCVRGAEDGTSVQASESCLFRFFKNSYSPLLLKDWMRPIVIAIFVGVLSFSIAVLNKVDIGLDQSLSMPDDSYMVDYFKSISQYLHAGPPVYFVLEEGHDYTSSKGQNMVCGGMGCNNDSVVQQIFNAAQLDNYTRIGFAPSSWIDDYFDWVKPQSSCCRVDNITDQFCNASVVDPACVRCRPLTPEGKQRPQGGDFMRFLPMFLSDNPNPKCGKGGHAAYSSAVNILLGHGTRVGATYFMTYHTVLQTSADFIDALKKARLIASNVTETMGINGSAYRVFPYSVFYVFYEQYLTIIDDTIFNLGVSLGAIFLVTMVLLGCELWSAVIMCATIAMVLVNMFGVMWLWGISLNAVSLVNLVMSCGISVEFCSHITRAFTVSMKGSRVERAEEALAHMGSSVFSGITLTKFGGIVVLAFAKSQIFQIFYFRMYLAMVLLGATHGLIFLPVLLSYIGPSVNKAKSCATEERYKGTERERLLNF,-0.0018145780608127549,-0.0016440330350155907,-0.0017293055479141728,L919V
MTARGLALGLLLLLLCPAQVFSQSCVWYGECGIAYGDKRYNCEYSGPPKPLPKDGYDLVQELCPGFFFGNVSLCCDVRQLQTLKDNLQLPLQFLSRCPSCFYNLLNLFCELTCSPRQSQFLNVTATEDYVDPVTNQTKTNVKELQYYVGQSFANAMYNACRDVEAPSSNDKALGLLCGKDADACNATNWIEYMFNKDNGQAPFTITPVFSDFPVHGMEPMNNATKGCDESVDEVTAPCSCQDCSIVCGPKPQPPPPPAPWTILGLDAMYVIMWITYMAFLLVFFGAFFAVWCYRKRYFVSEYTPIDSNIAFSVNASDKGEASCCDPVSAAFEGCLRRLFTRWGSFCVRNPGCVIFFSLVFITACSSGLVFVRVTTNPVDLWSAPSSQARLEKEYFDQHFGPFFRTEQLIIRAPLTDKHIYQPYPSGADVPFGPPLDIQILHQVLDLQIAIENITASYDNETVTLQDICLAPLSPYNTNCTILSVLNYFQNSHSVLDHKKGDDFFVYADYHTHFLYCVRAPASLNDTSLLHDPCLGTFGGPVFPWLVLGGYDDQNYNNATALVITFPVNNYYNDTEKLQRAQAWEKEFINFVKNYKNPNLTISFTAERSIEDELNRESDSDVFTVVISYAIMFLYISLALGHMKSCRRLLVDSKVSLGIAGILIVLSSVACSLGVFSYIGLPLTLIVIEVIPFLVLAVGVDNIFILVQAYQRDERLQGETLDQQLGRVLGEVAPSMFLSSFSETVAFFLGALSVMPAVHTFSLFAGLAVFIDFLLQITCFVSLLGLDIKRQEKNRLDIFCCVRGAEDGTSVQASESCLFRFFKNSYSPLLLKDWMRPIVIAIFVGVLSFSIAVLNKVDIGLDQSLSMPDDSYMVDYFKSISQYLHAGPPVYFVLEEGHDYTSSKGQNMVCGGMGCINDSLVQQIFNAAQLDNYTRIGFAPSSWIDDYFDWVKPQSSCCRVDNITDQFCNASVVDPACVRCRPLTPEGKQRPQGGDFMRFLPMFLSDNPNPKCGKGGHAAYSSAVNILLGHGTRVGATYFMTYHTVLQTSADFIDALKKARLIASNVTETMGINGSAYRVFPYSVFYVFYEQYLTIIDDTIFNLGVSLGAIFLVTMVLLGCELWSAVIMCATIAMVLVNMFGVMWLWGISLNAVSLVNLVMSCGISVEFCSHITRAFTVSMKGSRVERAEEALAHMGSSVFSGITLTKFGGIVVLAFAKSQIFQIFYFRMYLAMVLLGATHGLIFLPVLLSYIGPSVNKAKSCATEERYKGTERERLLNF,-0.006675947066950294,-0.0038590170034966675,-0.005267482035223481,N915I
MTARGLALGLLLLLLCPAQVFSQSCVWYGECGIAYGDKRYNCEYSGPPKPLPKDGYDLVQELCPGFFFGNVSLCCDVRQLQTLKDNLQLPLQFLSRCPSCFYNLLNLFCELTCSPRQSQFLNVTATEDYVDPVTNQTKTNVKELQYYVGQSFANAMYNACRDVEAPSSNDKALGLLCGKDADACNATNWIEYMFNKDNGQAPFTITPVFSDFPVHGMEPMNNATKGCDESVDEVTAPCSCQDCSIVCGPKPQPPPPPAPWTILGLDAMYVIMWITYMAFLLVFFGAFFAVWCYRKRYFVSEYTPIDSNIAFSVNASDKGEASCCDPVSAAFEGCLRRLFTRWGSFCVRNPGCVIFFSLVFITACSSGLVFVRVTTNPVDLWSAPSSQARLEKEYFDQHFGPFFRTEQLIIRAPLTDKHIYQPYPSGADVPFGPPLDIQILHQVLDLQIAIENITASYDNETVTLQDICLAPLSPYNTNCTILSVLNYFQNSHSVLDHKKGDDFFVYADYHTHFLYCVRAPASLNDTSLLHDPCLGTFGGPVFPWLVLGGYDDQNYNNATALVITFPVNNYYNDTEKLQRAQAWEKEFINFVKNYKNPNLTISFTAERSIEDELNRESDSDVFTVVISYAIMFLYISLALGHMKSCRRLLVDSKVSLGIAGILIVLSSVACSLGVFSYIGLPLTLIVIEVIPFLVLAVGVDNIFILVQAYQRDERLQGETLDQQLGRVLGEVAPSMFLSSFSETVAFFLGALSVMPAVHTFSLFAGLAVFIDFLLQITCFVSLLGLDIKRQEKNRLDIFCCVRGAEDGTSVQASESCLFRFFKNSYSPLLLKDWMRPIVIAIFVGVLSFSIAVLNKVDIGLDQSLSMPDDSYMVDYFKSISQYLHAGPPVYFVLEEGHDYTSSKGQNMVCGGMGCKNDSLVQQIFNAAQLDNYTRIGFAPSSWIDDYFDWVKPQSSCCRVDNITDQFCNASVVDPACVRCRPLTPEGKQRPQGGDFMRFLPMFLSDNPNPKCGKGGHAAYSSAVNILLGHGTRVGATYFMTYHTVLQTSADFIDALKKARLIASNVTETMGINGSAYRVFPYSVFYVFYEQYLTIIDDTIFNLGVSLGAIFLVTMVLLGCELWSAVIMCATIAMVLVNMFGVMWLWGISLNAVSLVNLVMSCGISVEFCSHITRAFTVSMKGSRVERAEEALAHMGSSVFSGITLTKFGGIVVLAFAKSQIFQIFYFRMYLAMVLLGATHGLIFLPVLLSYIGPSVNKAKSCATEERYKGTERERLLNF,-0.0037132107968994577,-0.002625944468896746,-0.003169577632898102,N915K
MTARGLALGLLLLLLCPAQVFSQSCVWYGECGIAYGDKRYNCEYSGPPKPLPKDGYDLVQELCPGFFFGNVSLCCDVRQLQTLKDNLQLPLQFLSRCPSCFYNLLNLFCELTCSPRQSQFLNVTATEDYVDPVTNQTKTNVKELQYYVGQSFANAMYNACRDVEAPSSNDKALGLLCGKDADACNATNWIEYMFNKDNGQAPFTITPVFSDFPVHGMEPMNNATKGCDESVDEVTAPCSCQDCSIVCGPKPQPPPPPAPWTILGLDAMYVIMWITYMAFLLVFFGAFFAVWCYRKRYFVSEYTPIDSNIAFSVNASDKGEASCCDPVSAAFEGCLRRLFTRWGSFCVRNPGCVIFFSLVFITACSSGLVFVRVTTNPVDLWSAPSSQARLEKEYFDQHFGPFFRTEQLIIRAPLTDKHIYQPYPSGADVPFGPPLDIQILHQVLDLQIAIENITASYDNETVTLQDICLAPLSPYNTNCTILSVLNYFQNSHSVLDHKKGDDFFVYADYHTHFLYCVRAPASLNDTSLLHDPCLGTFGGPVFPWLVLGGYDDQNYNNATALVITFPVNNYYNDTEKLQRAQAWEKEFINFVKNYKNPNLTISFTAERSIEDELNRESDSDVFTVVISYAIMFLYISLALGHMKSCRRLLVDSKVSLGIAGILIVLSSVACSLGVFSYIGLPLTLIVIEVIPFLVLAVGVDNIFILVQAYQRDERLQGETLDQQLGRVLGEVAPSMFLSSFSETVAFFLGALSVMPAVHTFSLFAGLAVFIDFLLQITCFVSLLGLDIKRQEKNRLDIFCCVRGAEDGTSVQASESCLFRFFKNSYSPLLLKDWMRPIVIAIFVGVLSFSIAVLNKVDIGLDQSLSMPDDSYMVDYFKSISQYLHAGPPVYFVLEEGHDYTSSKGQNMVCGGMGCSNDSLVQQIFNAAQLDNYTRIGFAPSSWIDDYFDWVKPQSSCCRVDNITDQFCNASVVDPACVRCRPLTPEGKQRPQGGDFMRFLPMFLSDNPNPKCGKGGHAAYSSAVNILLGHGTRVGATYFMTYHTVLQTSADFIDALKKARLIASNVTETMGINGSAYRVFPYSVFYVFYEQYLTIIDDTIFNLGVSLGAIFLVTMVLLGCELWSAVIMCATIAMVLVNMFGVMWLWGISLNAVSLVNLVMSCGISVEFCSHITRAFTVSMKGSRVERAEEALAHMGSSVFSGITLTKFGGIVVLAFAKSQIFQIFYFRMYLAMVLLGATHGLIFLPVLLSYIGPSVNKAKSCATEERYKGTERERLLNF,-0.002227735444786716,-0.0015834277038097033,-0.0019055815742982096,N915S
MTARGLALGLLLLLLCPAQVFSQSCVWYGECGIAYGDKRYNCEYSGPPKPLPKDGYDLVQELCPGFFFGNVSLCCDVRQLQTLKDNLQLPLQFLSRCPSCFYNLLNLFCELTCSPRQSQFLNVTATEDYVDPVTNQTKTNVKELQYYVGQSFANAMYNACRDVEAPSSNDKALGLLCGKDADACNATNWIEYMFNKDNGQAPFTITPVFSDFPVHGMEPMNNATKGCDESVDEVTAPCSCQDCSIVCGPKPQPPPPPAPWTILGLDAMYVIMWITYMAFLLVFFGAFFAVWCYRKRYFVSEYTPIDSNIAFSVNASDKGEASCCDPVSAAFEGCLRRLFTRWGSFCVRNPGCVIFFSLVFITACSSGLVFVRVTTNPVDLWSAPSSQARLEKEYFDQHFGPFFRTEQLIIRAPLTDKHIYQPYPSGADVPFGPPLDIQILHQVLDLQIAIENITASYDNETVTLQDICLAPLSPYNTNCTILSVLNYFQNSHSVLDHKKGDDFFVYADYHTHFLYCVRAPASLNDTSLLHDPCLGTFGGPVFPWLVLGGYDDQNYNNATALVITFPVNNYYNDTEKLQRAQAWEKEFINFVKNYKNPNLTISFTAERSIEDELNRESDSDVFTVVISYAIMFLYISLALGHMKSCRRLLVDSKVSLGIAGILIVLSSVACSLGVFSYIGLPLTLIVIEVIPFLVLAVGVDNIFILVQAYQRDERLQGETLDQQLGRVLGEVAPSMFLSSFSETVAFFLGALSVMPAVHTFSLFAGLAVFIDFLLQITCFVSLLGLDIKRQEKNRLDIFCCVRGAEDGTSVQASESCLFRFFKNSYSPLLLKDWMRPIVIAIFVGVLSFSIAVLNKVDIGLDQSLSMPDDSYMVDYFKSISQYLHAGPPVYFVLEEGHDYTSSKGQNMVCGGMGCNDDSLVQQIFNAAQLDNYTRIGFAPSSWIDDYFDWVKPQSSCCRVDNITDQFCNASVVDPACVRCRPLTPEGKQRPQGGDFMRFLPMFLSDNPNPKCGKGGHAAYSSAVNILLGHGTRVGATYFMTYHTVLQTSADFIDALKKARLIASNVTETMGINGSAYRVFPYSVFYVFYEQYLTIIDDTIFNLGVSLGAIFLVTMVLLGCELWSAVIMCATIAMVLVNMFGVMWLWGISLNAVSLVNLVMSCGISVEFCSHITRAFTVSMKGSRVERAEEALAHMGSSVFSGITLTKFGGIVVLAFAKSQIFQIFYFRMYLAMVLLGATHGLIFLPVLLSYIGPSVNKAKSCATEERYKGTERERLLNF,-0.0028497400418133756,-0.001998590937989042,-0.002424165489901209,N916D
MTARGLALGLLLLLLCPAQVFSQSCVWYGECGIAYGDKRYNCEYSGPPKPLPKDGYDLVQELCPGFFFGNVSLCCDVRQLQTLKDNLQLPLQFLSRCPSCFYNLLNLFCELTCSPRQSQFLNVTATEDYVDPVTNQTKTNVKELQYYVGQSFANAMYNACRDVEAPSSNDKALGLLCGKDADACNATNWIEYMFNKDNGQAPFTITPVFSDFPVHGMEPMNNATKGCDESVDEVTAPCSCQDCSIVCGPKPQPPPPPAPWTILGLDAMYVIMWITYMAFLLVFFGAFFAVWCYRKRYFVSEYTPIDSNIAFSVNASDKGEASCCDPVSAAFEGCLRRLFTRWGSFCVRNPGCVIFFSLVFITACSSGLVFVRVTTNPVDLWSAPSSQARLEKEYFDQHFGPFFRTEQLIIRAPLTDKHIYQPYPSGADVPFGPPLDIQILHQVLDLQIAIENITASYDNETVTLQDICLAPLSPYNTNCTILSVLNYFQNSHSVLDHKKGDDFFVYADYHTHFLYCVRAPASLNDTSLLHDPCLGTFGGPVFPWLVLGGYDDQNYNNATALVITFPVNNYYNDTEKLQRAQAWEKEFINFVKNYKNPNLTISFTAERSIEDELNRESDSDVFTVVISYAIMFLYISLALGHMKSCRRLLVDSKVSLGIAGILIVLSSVACSLGVFSYIGLPLTLIVIEVIPFLVLAVGVDNIFILVQAYQRDERLQGETLDQQLGRVLGEVAPSMFLSSFSETVAFFLGALSVMPAVHTFSLFAGLAVFIDFLLQITCFVSLLGLDIKRQEKNRLDIFCCVRGAEDGTSVQASESCLFRFFKNSYSPLLLKDWMRPIVIAIFVGVLSFSIAVLNKVDIGLDQSLSMPDDSYMVDYFKSISQYLHAGPPVYFVLEEGHDYTSSKGQNMVCGGMGCNHDSLVQQIFNAAQLDNYTRIGFAPSSWIDDYFDWVKPQSSCCRVDNITDQFCNASVVDPACVRCRPLTPEGKQRPQGGDFMRFLPMFLSDNPNPKCGKGGHAAYSSAVNILLGHGTRVGATYFMTYHTVLQTSADFIDALKKARLIASNVTETMGINGSAYRVFPYSVFYVFYEQYLTIIDDTIFNLGVSLGAIFLVTMVLLGCELWSAVIMCATIAMVLVNMFGVMWLWGISLNAVSLVNLVMSCGISVEFCSHITRAFTVSMKGSRVERAEEALAHMGSSVFSGITLTKFGGIVVLAFAKSQIFQIFYFRMYLAMVLLGATHGLIFLPVLLSYIGPSVNKAKSCATEERYKGTERERLLNF,-0.004216201615072412,-0.0033631899360573314,-0.003789695775564872,N916H
MTARGLALGLLLLLLCPAQVFSQSCVWYGECGIAYGDKRYNCEYSGPPKPLPKDGYDLVQELCPGFFFGNVSLCCDVRQLQTLKDNLQLPLQFLSRCPSCFYNLLNLFCELTCSPRQSQFLNVTATEDYVDPVTNQTKTNVKELQYYVGQSFANAMYNACRDVEAPSSNDKALGLLCGKDADACNATNWIEYMFNKDNGQAPFTITPVFSDFPVHGMEPMNNATKGCDESVDEVTAPCSCQDCSIVCGPKPQPPPPPAPWTILGLDAMYVIMWITYMAFLLVFFGAFFAVWCYRKRYFVSEYTPIDSNIAFSVNASDKGEASCCDPVSAAFEGCLRRLFTRWGSFCVRNPGCVIFFSLVFITACSSGLVFVRVTTNPVDLWSAPSSQARLEKEYFDQHFGPFFRTEQLIIRAPLTDKHIYQPYPSGADVPFGPPLDIQILHQVLDLQIAIENITASYDNETVTLQDICLAPLSPYNTNCTILSVLNYFQNSHSVLDHKKGDDFFVYADYHTHFLYCVRAPASLNDTSLLHDPCLGTFGGPVFPWLVLGGYDDQNYNNATALVITFPVNNYYNDTEKLQRAQAWEKEFINFVKNYKNPNLTISFTAERSIEDELNRESDSDVFTVVISYAIMFLYISLALGHMKSCRRLLVDSKVSLGIAGILIVLSSVACSLGVFSYIGLPLTLIVIEVIPFLVLAVGVDNIFILVQAYQRDERLQGETLDQQLGRVLGEVAPSMFLSSFSETVAFFLGALSVMPAVHTFSLFAGLAVFIDFLLQITCFVSLLGLDIKRQEKNRLDIFCCVRGAEDGTSVQASESCLFRFFKNSYSPLLLKDWMRPIVIAIFVGVLSFSIAVLNKVDIGLDQSLSMPDDSYMVDYFKSISQYLHAGPPVYFVLEEGHDYTSSKGQNMVCGGMGCNIDSLVQQIFNAAQLDNYTRIGFAPSSWIDDYFDWVKPQSSCCRVDNITDQFCNASVVDPACVRCRPLTPEGKQRPQGGDFMRFLPMFLSDNPNPKCGKGGHAAYSSAVNILLGHGTRVGATYFMTYHTVLQTSADFIDALKKARLIASNVTETMGINGSAYRVFPYSVFYVFYEQYLTIIDDTIFNLGVSLGAIFLVTMVLLGCELWSAVIMCATIAMVLVNMFGVMWLWGISLNAVSLVNLVMSCGISVEFCSHITRAFTVSMKGSRVERAEEALAHMGSSVFSGITLTKFGGIVVLAFAKSQIFQIFYFRMYLAMVLLGATHGLIFLPVLLSYIGPSVNKAKSCATEERYKGTERERLLNF,-0.006068747554773046,-0.003589182392532253,-0.00482896497365265,N916I
MTARGLALGLLLLLLCPAQVFSQSCVWYGECGIAYGDKRYNCEYSGPPKPLPKDGYDLVQELCPGFFFGNVSLCCDVRQLQTLKDNLQLPLQFLSRCPSCFYNLLNLFCELTCSPRQSQFLNVTATEDYVDPVTNQTKTNVKELQYYVGQSFANAMYNACRDVEAPSSNDKALGLLCGKDADACNATNWIEYMFNKDNGQAPFTITPVFSDFPVHGMEPMNNATKGCDESVDEVTAPCSCQDCSIVCGPKPQPPPPPAPWTILGLDAMYVIMWITYMAFLLVFFGAFFAVWCYRKRYFVSEYTPIDSNIAFSVNASDKGEASCCDPVSAAFEGCLRRLFTRWGSFCVRNPGCVIFFSLVFITACSSGLVFVRVTTNPVDLWSAPSSQARLEKEYFDQHFGPFFRTEQLIIRAPLTDKHIYQPYPSGADVPFGPPLDIQILHQVLDLQIAIENITASYDNETVTLQDICLAPLSPYNTNCTILSVLNYFQNSHSVLDHKKGDDFFVYADYHTHFLYCVRAPASLNDTSLLHDPCLGTFGGPVFPWLVLGGYDDQNYNNATALVITFPVNNYYNDTEKLQRAQAWEKEFINFVKNYKNPNLTISFTAERSIEDELNRESDSDVFTVVISYAIMFLYISLALGHMKSCRRLLVDSKVSLGIAGILIVLSSVACSLGVFSYIGLPLTLIVIEVIPFLVLAVGVDNIFILVQAYQRDERLQGETLDQQLGRVLGEVAPSMFLSSFSETVAFFLGALSVMPAVHTFSLFAGLAVFIDFLLQITCFVSLLGLDIKRQEKNRLDIFCCVRGAEDGTSVQASESCLFRFFKNSYSPLLLKDWMRPIVIAIFVGVLSFSIAVLNKVDIGLDQSLSMPDDSYMVDYFKSISQYLHAGPPVYFVLEEGHDYTSSKGQNMVCGGMGCNKDSLVQQIFNAAQLDNYTRIGFAPSSWIDDYFDWVKPQSSCCRVDNITDQFCNASVVDPACVRCRPLTPEGKQRPQGGDFMRFLPMFLSDNPNPKCGKGGHAAYSSAVNILLGHGTRVGATYFMTYHTVLQTSADFIDALKKARLIASNVTETMGINGSAYRVFPYSVFYVFYEQYLTIIDDTIFNLGVSLGAIFLVTMVLLGCELWSAVIMCATIAMVLVNMFGVMWLWGISLNAVSLVNLVMSCGISVEFCSHITRAFTVSMKGSRVERAEEALAHMGSSVFSGITLTKFGGIVVLAFAKSQIFQIFYFRMYLAMVLLGATHGLIFLPVLLSYIGPSVNKAKSCATEERYKGTERERLLNF,-0.0033915583889622125,-0.0024522473927768296,-0.002921902890869521,N916K
MTARGLALGLLLLLLCPAQVFSQSCVWYGECGIAYGDKRYNCEYSGPPKPLPKDGYDLVQELCPGFFFGNVSLCCDVRQLQTLKDNLQLPLQFLSRCPSCFYNLLNLFCELTCSPRQSQFLNVTATEDYVDPVTNQTKTNVKELQYYVGQSFANAMYNACRDVEAPSSNDKALGLLCGKDADACNATNWIEYMFNKDNGQAPFTITPVFSDFPVHGMEPMNNATKGCDESVDEVTAPCSCQDCSIVCGPKPQPPPPPAPWTILGLDAMYVIMWITYMAFLLVFFGAFFAVWCYRKRYFVSEYTPIDSNIAFSVNASDKGEASCCDPVSAAFEGCLRRLFTRWGSFCVRNPGCVIFFSLVFITACSSGLVFVRVTTNPVDLWSAPSSQARLEKEYFDQHFGPFFRTEQLIIRAPLTDKHIYQPYPSGADVPFGPPLDIQILHQVLDLQIAIENITASYDNETVTLQDICLAPLSPYNTNCTILSVLNYFQNSHSVLDHKKGDDFFVYADYHTHFLYCVRAPASLNDTSLLHDPCLGTFGGPVFPWLVLGGYDDQNYNNATALVITFPVNNYYNDTEKLQRAQAWEKEFINFVKNYKNPNLTISFTAERSIEDELNRESDSDVFTVVISYAIMFLYISLALGHMKSCRRLLVDSKVSLGIAGILIVLSSVACSLGVFSYIGLPLTLIVIEVIPFLVLAVGVDNIFILVQAYQRDERLQGETLDQQLGRVLGEVAPSMFLSSFSETVAFFLGALSVMPAVHTFSLFAGLAVFIDFLLQITCFVSLLGLDIKRQEKNRLDIFCCVRGAEDGTSVQASESCLFRFFKNSYSPLLLKDWMRPIVIAIFVGVLSFSIAVLNKVDIGLDQSLSMPDDSYMVDYFKSISQYLHAGPPVYFVLEEGHDYTSSKGQNMVCGGMGCNSDSLVQQIFNAAQLDNYTRIGFAPSSWIDDYFDWVKPQSSCCRVDNITDQFCNASVVDPACVRCRPLTPEGKQRPQGGDFMRFLPMFLSDNPNPKCGKGGHAAYSSAVNILLGHGTRVGATYFMTYHTVLQTSADFIDALKKARLIASNVTETMGINGSAYRVFPYSVFYVFYEQYLTIIDDTIFNLGVSLGAIFLVTMVLLGCELWSAVIMCATIAMVLVNMFGVMWLWGISLNAVSLVNLVMSCGISVEFCSHITRAFTVSMKGSRVERAEEALAHMGSSVFSGITLTKFGGIVVLAFAKSQIFQIFYFRMYLAMVLLGATHGLIFLPVLLSYIGPSVNKAKSCATEERYKGTERERLLNF,-0.0020352693417449164,-0.0014586829243691257,-0.001746976133057021,N916S
MTARGLALGLLLLLLCPAQVFSQSCVWYGECGIAYGDKRYNCEYSGPPKPLPKDGYDLVQELCPGFFFGNVSLCCDVRQLQTLKDNLQLPLQFLSRCPSCFYNLLNLFCELTCSPRQSQFLNVTATEDYVDPVTNQTKTNVKELQYYVGQSFANAMYNACRDVEAPSSNDKALGLLCGKDADACNATNWIEYMFNKDNGQAPFTITPVFSDFPVHGMEPMNNATKGCDESVDEVTAPCSCQDCSIVCGPKPQPPPPPAPWTILGLDAMYVIMWITYMAFLLVFFGAFFAVWCYRKRYFVSEYTPIDSNIAFSVNASDKGEASCCDPVSAAFEGCLRRLFTRWGSFCVRNPGCVIFFSLVFITACSSGLVFVRVTTNPVDLWSAPSSQARLEKEYFDQHFGPFFRTEQLIIRAPLTDKHIYQPYPSGADVPFGPPLDIQILHQVLDLQIAIENITASYDNETVTLQDICLAPLSPYNTNCTILSVLNYFQNSHSVLDHKKGDDFFVYADYHTHFLYCVRAPASLNDTSLLHDPCLGTFGGPVFPWLVLGGYDDQNYNNATALVITFPVNNYYNDTEKLQRAQAWEKEFINFVKNYKNPNLTISFTAERSIEDELNRESDSDVFTVVISYAIMFLYISLALGHMKSCRRLLVDSKVSLGIAGILIVLSSVACSLGVFSYIGLPLTLIVIEVIPFLVLAVGVDNIFILVQAYQRDERLQGETLDQQLGRVLGEVAPSMFLSSFSETVAFFLGALSVMPAVHTFSLFAGLAVFIDFLLQITCFVSLLGLDIKRQEKNRLDIFCCVRGAEDGTSVQASESCLFRFFKNSYSPLLLKDWMRPIVIAIFVGVLSFSIAVLNKVDIGLDQSLSMPDDSYMVDYFKSISQYLHAGPPVYFVLEEGHDYTSSKGQNMVCGGMGCNTDSLVQQIFNAAQLDNYTRIGFAPSSWIDDYFDWVKPQSSCCRVDNITDQFCNASVVDPACVRCRPLTPEGKQRPQGGDFMRFLPMFLSDNPNPKCGKGGHAAYSSAVNILLGHGTRVGATYFMTYHTVLQTSADFIDALKKARLIASNVTETMGINGSAYRVFPYSVFYVFYEQYLTIIDDTIFNLGVSLGAIFLVTMVLLGCELWSAVIMCATIAMVLVNMFGVMWLWGISLNAVSLVNLVMSCGISVEFCSHITRAFTVSMKGSRVERAEEALAHMGSSVFSGITLTKFGGIVVLAFAKSQIFQIFYFRMYLAMVLLGATHGLIFLPVLLSYIGPSVNKAKSCATEERYKGTERERLLNF,-0.003749316100596589,-0.002384048485793211,-0.0030666822931949,N916T
MTARGLALGLLLLLLCPAQVFSQSCVWYGECGIAYGDKRYNCEYSGPPKPLPKDGYDLVQELCPGFFFGNVSLCCDVRQLQTLKDNLQLPLQFLSRCPSCFYNLLNLFCELTCSPRQSQFLNVTATEDYVDPVTNQTKTNVKELQYYVGQSFANAMYNACRDVEAPSSNDKALGLLCGKDADACNATNWIEYMFNKDNGQAPFTITPVFSDFPVHGMEPMNNATKGCDESVDEVTAPCSCQDCSIVCGPKPQPPPPPAPWTILGLDAMYVIMWITYMAFLLVFFGAFFAVWCYRKRYFVSEYTPIDSNIAFSVNASDKGEASCCDPVSAAFEGCLRRLFTRWGSFCVRNPGCVIFFSLVFITACSSGLVFVRVTTNPVDLWSAPSSQARLEKEYFDQHFGPFFRTEQLIIRAPLTDKHIYQAYPSGADVPFGPPLDIQILHQVLDLQIAIENITASYDNETVTLQDICLAPLSPYNTNCTILSVLNYFQNSHSVLDHKKGDDFFVYADYHTHFLYCVRAPASLNDTSLLHDPCLGTFGGPVFPWLVLGGYDDQNYNNATALVITFPVNNYYNDTEKLQRAQAWEKEFINFVKNYKNPNLTISFTAERSIEDELNRESDSDVFTVVISYAIMFLYISLALGHMKSCRRLLVDSKVSLGIAGILIVLSSVACSLGVFSYIGLPLTLIVIEVIPFLVLAVGVDNIFILVQAYQRDERLQGETLDQQLGRVLGEVAPSMFLSSFSETVAFFLGALSVMPAVHTFSLFAGLAVFIDFLLQITCFVSLLGLDIKRQEKNRLDIFCCVRGAEDGTSVQASESCLFRFFKNSYSPLLLKDWMRPIVIAIFVGVLSFSIAVLNKVDIGLDQSLSMPDDSYMVDYFKSISQYLHAGPPVYFVLEEGHDYTSSKGQNMVCGGMGCNNDSLVQQIFNAAQLDNYTRIGFAPSSWIDDYFDWVKPQSSCCRVDNITDQFCNASVVDPACVRCRPLTPEGKQRPQGGDFMRFLPMFLSDNPNPKCGKGGHAAYSSAVNILLGHGTRVGATYFMTYHTVLQTSADFIDALKKARLIASNVTETMGINGSAYRVFPYSVFYVFYEQYLTIIDDTIFNLGVSLGAIFLVTMVLLGCELWSAVIMCATIAMVLVNMFGVMWLWGISLNAVSLVNLVMSCGISVEFCSHITRAFTVSMKGSRVERAEEALAHMGSSVFSGITLTKFGGIVVLAFAKSQIFQIFYFRMYLAMVLLGATHGLIFLPVLLSYIGPSVNKAKSCATEERYKGTERERLLNF,-0.002840952507580208,-0.0028825022618349516,-0.0028617273847075797,P422A
MTARGLALGLLLLLLCPAQVFSQSCVWYGECGIAYGDKRYNCEYSGPPKPLPKDGYDLVQELCPGFFFGNVSLCCDVRQLQTLKDNLQLPLQFLSRCPSCFYNLLNLFCELTCSPRQSQFLNVTATEDYVDPVTNQTKTNVKELQYYVGQSFANAMYNACRDVEAPSSNDKALGLLCGKDADACNATNWIEYMFNKDNGQAPFTITPVFSDFPVHGMEPMNNATKGCDESVDEVTAPCSCQDCSIVCGPKPQPPPPPAPWTILGLDAMYVIMWITYMAFLLVFFGAFFAVWCYRKRYFVSEYTPIDSNIAFSVNASDKGEASCCDPVSAAFEGCLRRLFTRWGSFCVRNPGCVIFFSLVFITACSSGLVFVRVTTNPVDLWSAPSSQARLEKEYFDQHFGPFFRTEQLIIRAPLTDKHIYQLYPSGADVPFGPPLDIQILHQVLDLQIAIENITASYDNETVTLQDICLAPLSPYNTNCTILSVLNYFQNSHSVLDHKKGDDFFVYADYHTHFLYCVRAPASLNDTSLLHDPCLGTFGGPVFPWLVLGGYDDQNYNNATALVITFPVNNYYNDTEKLQRAQAWEKEFINFVKNYKNPNLTISFTAERSIEDELNRESDSDVFTVVISYAIMFLYISLALGHMKSCRRLLVDSKVSLGIAGILIVLSSVACSLGVFSYIGLPLTLIVIEVIPFLVLAVGVDNIFILVQAYQRDERLQGETLDQQLGRVLGEVAPSMFLSSFSETVAFFLGALSVMPAVHTFSLFAGLAVFIDFLLQITCFVSLLGLDIKRQEKNRLDIFCCVRGAEDGTSVQASESCLFRFFKNSYSPLLLKDWMRPIVIAIFVGVLSFSIAVLNKVDIGLDQSLSMPDDSYMVDYFKSISQYLHAGPPVYFVLEEGHDYTSSKGQNMVCGGMGCNNDSLVQQIFNAAQLDNYTRIGFAPSSWIDDYFDWVKPQSSCCRVDNITDQFCNASVVDPACVRCRPLTPEGKQRPQGGDFMRFLPMFLSDNPNPKCGKGGHAAYSSAVNILLGHGTRVGATYFMTYHTVLQTSADFIDALKKARLIASNVTETMGINGSAYRVFPYSVFYVFYEQYLTIIDDTIFNLGVSLGAIFLVTMVLLGCELWSAVIMCATIAMVLVNMFGVMWLWGISLNAVSLVNLVMSCGISVEFCSHITRAFTVSMKGSRVERAEEALAHMGSSVFSGITLTKFGGIVVLAFAKSQIFQIFYFRMYLAMVLLGATHGLIFLPVLLSYIGPSVNKAKSCATEERYKGTERERLLNF,-0.002485917021224582,-0.0034601871209898327,-0.0029730520711072073,P422L
MTARGLALGLLLLLLCPAQVFSQSCVWYGECGIAYGDKRYNCEYSGPPKPLPKDGYDLVQELCPGFFFGNVSLCCDVRQLQTLKDNLQLPLQFLSRCPSCFYNLLNLFCELTCSPRQSQFLNVTATEDYVDPVTNQTKTNVKELQYYVGQSFANAMYNACRDVEAPSSNDKALGLLCGKDADACNATNWIEYMFNKDNGQAPFTITPVFSDFPVHGMEPMNNATKGCDESVDEVTAPCSCQDCSIVCGPKPQPPPPPAPWTILGLDAMYVIMWITYMAFLLVFFGAFFAVWCYRKRYFVSEYTPIDSNIAFSVNASDKGEASCCDPVSAAFEGCLRRLFTRWGSFCVRNPGCVIFFSLVFITACSSGLVFVRVTTNPVDLWSAPSSQARLEKEYFDQHFGPFFRTEQLIIRAPLTDKHIYQQYPSGADVPFGPPLDIQILHQVLDLQIAIENITASYDNETVTLQDICLAPLSPYNTNCTILSVLNYFQNSHSVLDHKKGDDFFVYADYHTHFLYCVRAPASLNDTSLLHDPCLGTFGGPVFPWLVLGGYDDQNYNNATALVITFPVNNYYNDTEKLQRAQAWEKEFINFVKNYKNPNLTISFTAERSIEDELNRESDSDVFTVVISYAIMFLYISLALGHMKSCRRLLVDSKVSLGIAGILIVLSSVACSLGVFSYIGLPLTLIVIEVIPFLVLAVGVDNIFILVQAYQRDERLQGETLDQQLGRVLGEVAPSMFLSSFSETVAFFLGALSVMPAVHTFSLFAGLAVFIDFLLQITCFVSLLGLDIKRQEKNRLDIFCCVRGAEDGTSVQASESCLFRFFKNSYSPLLLKDWMRPIVIAIFVGVLSFSIAVLNKVDIGLDQSLSMPDDSYMVDYFKSISQYLHAGPPVYFVLEEGHDYTSSKGQNMVCGGMGCNNDSLVQQIFNAAQLDNYTRIGFAPSSWIDDYFDWVKPQSSCCRVDNITDQFCNASVVDPACVRCRPLTPEGKQRPQGGDFMRFLPMFLSDNPNPKCGKGGHAAYSSAVNILLGHGTRVGATYFMTYHTVLQTSADFIDALKKARLIASNVTETMGINGSAYRVFPYSVFYVFYEQYLTIIDDTIFNLGVSLGAIFLVTMVLLGCELWSAVIMCATIAMVLVNMFGVMWLWGISLNAVSLVNLVMSCGISVEFCSHITRAFTVSMKGSRVERAEEALAHMGSSVFSGITLTKFGGIVVLAFAKSQIFQIFYFRMYLAMVLLGATHGLIFLPVLLSYIGPSVNKAKSCATEERYKGTERERLLNF,-0.0026347320031299137,-0.0026799113910895844,-0.002657321697109749,P422Q
MTARGLALGLLLLLLCPAQVFSQSCVWYGECGIAYGDKRYNCEYSGPPKPLPKDGYDLVQELCPGFFFGNVSLCCDVRQLQTLKDNLQLPLQFLSRCPSCFYNLLNLFCELTCSPRQSQFLNVTATEDYVDPVTNQTKTNVKELQYYVGQSFANAMYNACRDVEAPSSNDKALGLLCGKDADACNATNWIEYMFNKDNGQAPFTITPVFSDFPVHGMEPMNNATKGCDESVDEVTAPCSCQDCSIVCGPKPQPPPPPAPWTILGLDAMYVIMWITYMAFLLVFFGAFFAVWCYRKRYFVSEYTPIDSNIAFSVNASDKGEASCCDPVSAAFEGCLRRLFTRWGSFCVRNPGCVIFFSLVFITACSSGLVFVRVTTNPVDLWSAPSSQARLEKEYFDQHFGPFFRTEQLIIRAPLTDKHIYQRYPSGADVPFGPPLDIQILHQVLDLQIAIENITASYDNETVTLQDICLAPLSPYNTNCTILSVLNYFQNSHSVLDHKKGDDFFVYADYHTHFLYCVRAPASLNDTSLLHDPCLGTFGGPVFPWLVLGGYDDQNYNNATALVITFPVNNYYNDTEKLQRAQAWEKEFINFVKNYKNPNLTISFTAERSIEDELNRESDSDVFTVVISYAIMFLYISLALGHMKSCRRLLVDSKVSLGIAGILIVLSSVACSLGVFSYIGLPLTLIVIEVIPFLVLAVGVDNIFILVQAYQRDERLQGETLDQQLGRVLGEVAPSMFLSSFSETVAFFLGALSVMPAVHTFSLFAGLAVFIDFLLQITCFVSLLGLDIKRQEKNRLDIFCCVRGAEDGTSVQASESCLFRFFKNSYSPLLLKDWMRPIVIAIFVGVLSFSIAVLNKVDIGLDQSLSMPDDSYMVDYFKSISQYLHAGPPVYFVLEEGHDYTSSKGQNMVCGGMGCNNDSLVQQIFNAAQLDNYTRIGFAPSSWIDDYFDWVKPQSSCCRVDNITDQFCNASVVDPACVRCRPLTPEGKQRPQGGDFMRFLPMFLSDNPNPKCGKGGHAAYSSAVNILLGHGTRVGATYFMTYHTVLQTSADFIDALKKARLIASNVTETMGINGSAYRVFPYSVFYVFYEQYLTIIDDTIFNLGVSLGAIFLVTMVLLGCELWSAVIMCATIAMVLVNMFGVMWLWGISLNAVSLVNLVMSCGISVEFCSHITRAFTVSMKGSRVERAEEALAHMGSSVFSGITLTKFGGIVVLAFAKSQIFQIFYFRMYLAMVLLGATHGLIFLPVLLSYIGPSVNKAKSCATEERYKGTERERLLNF,-0.0028064709873826255,-0.003498202758215996,-0.0031523368727993106,P422R
MTARGLALGLLLLLLCPAQVFSQSCVWYGECGIAYGDKRYNCEYSGPPKPLPKDGYDLVQELCPGFFFGNVSLCCDVRQLQTLKDNLQLPLQFLSRCPSCFYNLLNLFCELTCSPRQSQFLNVTATEDYVDPVTNQTKTNVKELQYYVGQSFANAMYNACRDVEAPSSNDKALGLLCGKDADACNATNWIEYMFNKDNGQAPFTITPVFSDFPVHGMEPMNNATKGCDESVDEVTAPCSCQDCSIVCGPKPQPPPPPAPWTILGLDAMYVIMWITYMAFLLVFFGAFFAVWCYRKRYFVSEYTPIDSNIAFSVNASDKGEASCCDPVSAAFEGCLRRLFTRWGSFCVRNPGCVIFFSLVFITACSSGLVFVRVTTNPVDLWSAPSSQARLEKEYFDQHFGPFFRTEQLIIRAPLTDKHIYQSYPSGADVPFGPPLDIQILHQVLDLQIAIENITASYDNETVTLQDICLAPLSPYNTNCTILSVLNYFQNSHSVLDHKKGDDFFVYADYHTHFLYCVRAPASLNDTSLLHDPCLGTFGGPVFPWLVLGGYDDQNYNNATALVITFPVNNYYNDTEKLQRAQAWEKEFINFVKNYKNPNLTISFTAERSIEDELNRESDSDVFTVVISYAIMFLYISLALGHMKSCRRLLVDSKVSLGIAGILIVLSSVACSLGVFSYIGLPLTLIVIEVIPFLVLAVGVDNIFILVQAYQRDERLQGETLDQQLGRVLGEVAPSMFLSSFSETVAFFLGALSVMPAVHTFSLFAGLAVFIDFLLQITCFVSLLGLDIKRQEKNRLDIFCCVRGAEDGTSVQASESCLFRFFKNSYSPLLLKDWMRPIVIAIFVGVLSFSIAVLNKVDIGLDQSLSMPDDSYMVDYFKSISQYLHAGPPVYFVLEEGHDYTSSKGQNMVCGGMGCNNDSLVQQIFNAAQLDNYTRIGFAPSSWIDDYFDWVKPQSSCCRVDNITDQFCNASVVDPACVRCRPLTPEGKQRPQGGDFMRFLPMFLSDNPNPKCGKGGHAAYSSAVNILLGHGTRVGATYFMTYHTVLQTSADFIDALKKARLIASNVTETMGINGSAYRVFPYSVFYVFYEQYLTIIDDTIFNLGVSLGAIFLVTMVLLGCELWSAVIMCATIAMVLVNMFGVMWLWGISLNAVSLVNLVMSCGISVEFCSHITRAFTVSMKGSRVERAEEALAHMGSSVFSGITLTKFGGIVVLAFAKSQIFQIFYFRMYLAMVLLGATHGLIFLPVLLSYIGPSVNKAKSCATEERYKGTERERLLNF,-0.0018595186570813382,-0.001967261468114212,-0.0019133900625977751,P422S
MTARGLALGLLLLLLCPAQVFSQSCVWYGECGIAYGDKRYNCEYSGPPKPLPKDGYDLVQELCPGFFFGNVSLCCDVRQLQTLKDNLQLPLQFLSRCPSCFYNLLNLFCELTCSPRQSQFLNVTATEDYVDPVTNQTKTNVKELQYYVGQSFANAMYNACRDVEAPSSNDKALGLLCGKDADACNATNWIEYMFNKDNGQAPFTITPVFSDFPVHGMEPMNNATKGCDESVDEVTAPCSCQDCSIVCGPKPQPPPPPAPWTILGLDAMYVIMWITYMAFLLVFFGAFFAVWCYRKRYFVSEYTPIDSNIAFSVNASDKGEASCCDPVSAAFEGCLRRLFTRWGSFCVRNPGCVIFFSLVFITACSSGLVFVRVTTNPVDLWSAPSSQARLEKEYFDQHFGPFFRTEQLIIRAPLTDKHIYQTYPSGADVPFGPPLDIQILHQVLDLQIAIENITASYDNETVTLQDICLAPLSPYNTNCTILSVLNYFQNSHSVLDHKKGDDFFVYADYHTHFLYCVRAPASLNDTSLLHDPCLGTFGGPVFPWLVLGGYDDQNYNNATALVITFPVNNYYNDTEKLQRAQAWEKEFINFVKNYKNPNLTISFTAERSIEDELNRESDSDVFTVVISYAIMFLYISLALGHMKSCRRLLVDSKVSLGIAGILIVLSSVACSLGVFSYIGLPLTLIVIEVIPFLVLAVGVDNIFILVQAYQRDERLQGETLDQQLGRVLGEVAPSMFLSSFSETVAFFLGALSVMPAVHTFSLFAGLAVFIDFLLQITCFVSLLGLDIKRQEKNRLDIFCCVRGAEDGTSVQASESCLFRFFKNSYSPLLLKDWMRPIVIAIFVGVLSFSIAVLNKVDIGLDQSLSMPDDSYMVDYFKSISQYLHAGPPVYFVLEEGHDYTSSKGQNMVCGGMGCNNDSLVQQIFNAAQLDNYTRIGFAPSSWIDDYFDWVKPQSSCCRVDNITDQFCNASVVDPACVRCRPLTPEGKQRPQGGDFMRFLPMFLSDNPNPKCGKGGHAAYSSAVNILLGHGTRVGATYFMTYHTVLQTSADFIDALKKARLIASNVTETMGINGSAYRVFPYSVFYVFYEQYLTIIDDTIFNLGVSLGAIFLVTMVLLGCELWSAVIMCATIAMVLVNMFGVMWLWGISLNAVSLVNLVMSCGISVEFCSHITRAFTVSMKGSRVERAEEALAHMGSSVFSGITLTKFGGIVVLAFAKSQIFQIFYFRMYLAMVLLGATHGLIFLPVLLSYIGPSVNKAKSCATEERYKGTERERLLNF,-0.0019082321620697007,-0.002148265569982377,-0.002028248866026039,P422T
MTARGLALGLLLLLLCPAQVFSQSCVWYGECGIAYGDKRYNCEYSGPPKPLPKDGYDLVQELCPGFFFGNVSLCCDVRQLQTLKDNLQLPLQFLSRCPSCFYNLLNLFCELTCSPRQSQFLNVTATEDYVDPVTNQTKTNVKELQYYVGQSFANAMYNACRDVEAPSSNDKALGLLCGKDADACNATNWIEYMFNKDNGQAPFTITPVFSDFPVHGMEPMNNATKGCDESVDEVTAPCSCQDCSIVCGPKPQPPPPPAPWTILGLDAMYVIMWITYMAFLLVFFGAFFAVWCYRKRYFVSEYTPIDSNIAFSVNASDKGEASCCDPVSAAFEGCLRRLFTRWGSFCVRNPGCVIFFSLVFITACSSGLVFVRVTTNPVDLWSAPSSQARLEKEYFDQHFGPFFRTEQLIIRAPLTDKHIYQPYASGADVPFGPPLDIQILHQVLDLQIAIENITASYDNETVTLQDICLAPLSPYNTNCTILSVLNYFQNSHSVLDHKKGDDFFVYADYHTHFLYCVRAPASLNDTSLLHDPCLGTFGGPVFPWLVLGGYDDQNYNNATALVITFPVNNYYNDTEKLQRAQAWEKEFINFVKNYKNPNLTISFTAERSIEDELNRESDSDVFTVVISYAIMFLYISLALGHMKSCRRLLVDSKVSLGIAGILIVLSSVACSLGVFSYIGLPLTLIVIEVIPFLVLAVGVDNIFILVQAYQRDERLQGETLDQQLGRVLGEVAPSMFLSSFSETVAFFLGALSVMPAVHTFSLFAGLAVFIDFLLQITCFVSLLGLDIKRQEKNRLDIFCCVRGAEDGTSVQASESCLFRFFKNSYSPLLLKDWMRPIVIAIFVGVLSFSIAVLNKVDIGLDQSLSMPDDSYMVDYFKSISQYLHAGPPVYFVLEEGHDYTSSKGQNMVCGGMGCNNDSLVQQIFNAAQLDNYTRIGFAPSSWIDDYFDWVKPQSSCCRVDNITDQFCNASVVDPACVRCRPLTPEGKQRPQGGDFMRFLPMFLSDNPNPKCGKGGHAAYSSAVNILLGHGTRVGATYFMTYHTVLQTSADFIDALKKARLIASNVTETMGINGSAYRVFPYSVFYVFYEQYLTIIDDTIFNLGVSLGAIFLVTMVLLGCELWSAVIMCATIAMVLVNMFGVMWLWGISLNAVSLVNLVMSCGISVEFCSHITRAFTVSMKGSRVERAEEALAHMGSSVFSGITLTKFGGIVVLAFAKSQIFQIFYFRMYLAMVLLGATHGLIFLPVLLSYIGPSVNKAKSCATEERYKGTERERLLNF,-0.0020783473628227522,-0.0019551308502053777,-0.002016739106514065,P424A
MTARGLALGLLLLLLCPAQVFSQSCVWYGECGIAYGDKRYNCEYSGPPKPLPKDGYDLVQELCPGFFFGNVSLCCDVRQLQTLKDNLQLPLQFLSRCPSCFYNLLNLFCELTCSPRQSQFLNVTATEDYVDPVTNQTKTNVKELQYYVGQSFANAMYNACRDVEAPSSNDKALGLLCGKDADACNATNWIEYMFNKDNGQAPFTITPVFSDFPVHGMEPMNNATKGCDESVDEVTAPCSCQDCSIVCGPKPQPPPPPAPWTILGLDAMYVIMWITYMAFLLVFFGAFFAVWCYRKRYFVSEYTPIDSNIAFSVNASDKGEASCCDPVSAAFEGCLRRLFTRWGSFCVRNPGCVIFFSLVFITACSSGLVFVRVTTNPVDLWSAPSSQARLEKEYFDQHFGPFFRTEQLIIRAPLTDKHIYQPYHSGADVPFGPPLDIQILHQVLDLQIAIENITASYDNETVTLQDICLAPLSPYNTNCTILSVLNYFQNSHSVLDHKKGDDFFVYADYHTHFLYCVRAPASLNDTSLLHDPCLGTFGGPVFPWLVLGGYDDQNYNNATALVITFPVNNYYNDTEKLQRAQAWEKEFINFVKNYKNPNLTISFTAERSIEDELNRESDSDVFTVVISYAIMFLYISLALGHMKSCRRLLVDSKVSLGIAGILIVLSSVACSLGVFSYIGLPLTLIVIEVIPFLVLAVGVDNIFILVQAYQRDERLQGETLDQQLGRVLGEVAPSMFLSSFSETVAFFLGALSVMPAVHTFSLFAGLAVFIDFLLQITCFVSLLGLDIKRQEKNRLDIFCCVRGAEDGTSVQASESCLFRFFKNSYSPLLLKDWMRPIVIAIFVGVLSFSIAVLNKVDIGLDQSLSMPDDSYMVDYFKSISQYLHAGPPVYFVLEEGHDYTSSKGQNMVCGGMGCNNDSLVQQIFNAAQLDNYTRIGFAPSSWIDDYFDWVKPQSSCCRVDNITDQFCNASVVDPACVRCRPLTPEGKQRPQGGDFMRFLPMFLSDNPNPKCGKGGHAAYSSAVNILLGHGTRVGATYFMTYHTVLQTSADFIDALKKARLIASNVTETMGINGSAYRVFPYSVFYVFYEQYLTIIDDTIFNLGVSLGAIFLVTMVLLGCELWSAVIMCATIAMVLVNMFGVMWLWGISLNAVSLVNLVMSCGISVEFCSHITRAFTVSMKGSRVERAEEALAHMGSSVFSGITLTKFGGIVVLAFAKSQIFQIFYFRMYLAMVLLGATHGLIFLPVLLSYIGPSVNKAKSCATEERYKGTERERLLNF,-0.0032122258289318806,-0.003244414948894714,-0.003228320388913297,P424H
MTARGLALGLLLLLLCPAQVFSQSCVWYGECGIAYGDKRYNCEYSGPPKPLPKDGYDLVQELCPGFFFGNVSLCCDVRQLQTLKDNLQLPLQFLSRCPSCFYNLLNLFCELTCSPRQSQFLNVTATEDYVDPVTNQTKTNVKELQYYVGQSFANAMYNACRDVEAPSSNDKALGLLCGKDADACNATNWIEYMFNKDNGQAPFTITPVFSDFPVHGMEPMNNATKGCDESVDEVTAPCSCQDCSIVCGPKPQPPPPPAPWTILGLDAMYVIMWITYMAFLLVFFGAFFAVWCYRKRYFVSEYTPIDSNIAFSVNASDKGEASCCDPVSAAFEGCLRRLFTRWGSFCVRNPGCVIFFSLVFITACSSGLVFVRVTTNPVDLWSAPSSQARLEKEYFDQHFGPFFRTEQLIIRAPLTDKHIYQPYLSGADVPFGPPLDIQILHQVLDLQIAIENITASYDNETVTLQDICLAPLSPYNTNCTILSVLNYFQNSHSVLDHKKGDDFFVYADYHTHFLYCVRAPASLNDTSLLHDPCLGTFGGPVFPWLVLGGYDDQNYNNATALVITFPVNNYYNDTEKLQRAQAWEKEFINFVKNYKNPNLTISFTAERSIEDELNRESDSDVFTVVISYAIMFLYISLALGHMKSCRRLLVDSKVSLGIAGILIVLSSVACSLGVFSYIGLPLTLIVIEVIPFLVLAVGVDNIFILVQAYQRDERLQGETLDQQLGRVLGEVAPSMFLSSFSETVAFFLGALSVMPAVHTFSLFAGLAVFIDFLLQITCFVSLLGLDIKRQEKNRLDIFCCVRGAEDGTSVQASESCLFRFFKNSYSPLLLKDWMRPIVIAIFVGVLSFSIAVLNKVDIGLDQSLSMPDDSYMVDYFKSISQYLHAGPPVYFVLEEGHDYTSSKGQNMVCGGMGCNNDSLVQQIFNAAQLDNYTRIGFAPSSWIDDYFDWVKPQSSCCRVDNITDQFCNASVVDPACVRCRPLTPEGKQRPQGGDFMRFLPMFLSDNPNPKCGKGGHAAYSSAVNILLGHGTRVGATYFMTYHTVLQTSADFIDALKKARLIASNVTETMGINGSAYRVFPYSVFYVFYEQYLTIIDDTIFNLGVSLGAIFLVTMVLLGCELWSAVIMCATIAMVLVNMFGVMWLWGISLNAVSLVNLVMSCGISVEFCSHITRAFTVSMKGSRVERAEEALAHMGSSVFSGITLTKFGGIVVLAFAKSQIFQIFYFRMYLAMVLLGATHGLIFLPVLLSYIGPSVNKAKSCATEERYKGTERERLLNF,-0.0017981969508020779,-0.0018041189847417538,-0.0018011579677719158,P424L
MTARGLALGLLLLLLCPAQVFSQSCVWYGECGIAYGDKRYNCEYSGPPKPLPKDGYDLVQELCPGFFFGNVSLCCDVRQLQTLKDNLQLPLQFLSRCPSCFYNLLNLFCELTCSPRQSQFLNVTATEDYVDPVTNQTKTNVKELQYYVGQSFANAMYNACRDVEAPSSNDKALGLLCGKDADACNATNWIEYMFNKDNGQAPFTITPVFSDFPVHGMEPMNNATKGCDESVDEVTAPCSCQDCSIVCGPKPQPPPPPAPWTILGLDAMYVIMWITYMAFLLVFFGAFFAVWCYRKRYFVSEYTPIDSNIAFSVNASDKGEASCCDPVSAAFEGCLRRLFTRWGSFCVRNPGCVIFFSLVFITACSSGLVFVRVTTNPVDLWSAPSSQARLEKEYFDQHFGPFFRTEQLIIRAPLTDKHIYQPYRSGADVPFGPPLDIQILHQVLDLQIAIENITASYDNETVTLQDICLAPLSPYNTNCTILSVLNYFQNSHSVLDHKKGDDFFVYADYHTHFLYCVRAPASLNDTSLLHDPCLGTFGGPVFPWLVLGGYDDQNYNNATALVITFPVNNYYNDTEKLQRAQAWEKEFINFVKNYKNPNLTISFTAERSIEDELNRESDSDVFTVVISYAIMFLYISLALGHMKSCRRLLVDSKVSLGIAGILIVLSSVACSLGVFSYIGLPLTLIVIEVIPFLVLAVGVDNIFILVQAYQRDERLQGETLDQQLGRVLGEVAPSMFLSSFSETVAFFLGALSVMPAVHTFSLFAGLAVFIDFLLQITCFVSLLGLDIKRQEKNRLDIFCCVRGAEDGTSVQASESCLFRFFKNSYSPLLLKDWMRPIVIAIFVGVLSFSIAVLNKVDIGLDQSLSMPDDSYMVDYFKSISQYLHAGPPVYFVLEEGHDYTSSKGQNMVCGGMGCNNDSLVQQIFNAAQLDNYTRIGFAPSSWIDDYFDWVKPQSSCCRVDNITDQFCNASVVDPACVRCRPLTPEGKQRPQGGDFMRFLPMFLSDNPNPKCGKGGHAAYSSAVNILLGHGTRVGATYFMTYHTVLQTSADFIDALKKARLIASNVTETMGINGSAYRVFPYSVFYVFYEQYLTIIDDTIFNLGVSLGAIFLVTMVLLGCELWSAVIMCATIAMVLVNMFGVMWLWGISLNAVSLVNLVMSCGISVEFCSHITRAFTVSMKGSRVERAEEALAHMGSSVFSGITLTKFGGIVVLAFAKSQIFQIFYFRMYLAMVLLGATHGLIFLPVLLSYIGPSVNKAKSCATEERYKGTERERLLNF,-0.0029562411360524177,-0.0030671359974080437,-0.0030116885667302307,P424R
MTARGLALGLLLLLLCPAQVFSQSCVWYGECGIAYGDKRYNCEYSGPPKPLPKDGYDLVQELCPGFFFGNVSLCCDVRQLQTLKDNLQLPLQFLSRCPSCFYNLLNLFCELTCSPRQSQFLNVTATEDYVDPVTNQTKTNVKELQYYVGQSFANAMYNACRDVEAPSSNDKALGLLCGKDADACNATNWIEYMFNKDNGQAPFTITPVFSDFPVHGMEPMNNATKGCDESVDEVTAPCSCQDCSIVCGPKPQPPPPPAPWTILGLDAMYVIMWITYMAFLLVFFGAFFAVWCYRKRYFVSEYTPIDSNIAFSVNASDKGEASCCDPVSAAFEGCLRRLFTRWGSFCVRNPGCVIFFSLVFITACSSGLVFVRVTTNPVDLWSAPSSQARLEKEYFDQHFGPFFRTEQLIIRAPLTDKHIYQPYSSGADVPFGPPLDIQILHQVLDLQIAIENITASYDNETVTLQDICLAPLSPYNTNCTILSVLNYFQNSHSVLDHKKGDDFFVYADYHTHFLYCVRAPASLNDTSLLHDPCLGTFGGPVFPWLVLGGYDDQNYNNATALVITFPVNNYYNDTEKLQRAQAWEKEFINFVKNYKNPNLTISFTAERSIEDELNRESDSDVFTVVISYAIMFLYISLALGHMKSCRRLLVDSKVSLGIAGILIVLSSVACSLGVFSYIGLPLTLIVIEVIPFLVLAVGVDNIFILVQAYQRDERLQGETLDQQLGRVLGEVAPSMFLSSFSETVAFFLGALSVMPAVHTFSLFAGLAVFIDFLLQITCFVSLLGLDIKRQEKNRLDIFCCVRGAEDGTSVQASESCLFRFFKNSYSPLLLKDWMRPIVIAIFVGVLSFSIAVLNKVDIGLDQSLSMPDDSYMVDYFKSISQYLHAGPPVYFVLEEGHDYTSSKGQNMVCGGMGCNNDSLVQQIFNAAQLDNYTRIGFAPSSWIDDYFDWVKPQSSCCRVDNITDQFCNASVVDPACVRCRPLTPEGKQRPQGGDFMRFLPMFLSDNPNPKCGKGGHAAYSSAVNILLGHGTRVGATYFMTYHTVLQTSADFIDALKKARLIASNVTETMGINGSAYRVFPYSVFYVFYEQYLTIIDDTIFNLGVSLGAIFLVTMVLLGCELWSAVIMCATIAMVLVNMFGVMWLWGISLNAVSLVNLVMSCGISVEFCSHITRAFTVSMKGSRVERAEEALAHMGSSVFSGITLTKFGGIVVLAFAKSQIFQIFYFRMYLAMVLLGATHGLIFLPVLLSYIGPSVNKAKSCATEERYKGTERERLLNF,-0.001374771524109919,-0.0012054204567684135,-0.0012900959904391662,P424S
MTARGLALGLLLLLLCPAQVFSQSCVWYGECGIAYGDKRYNCEYSGPPKPLPKDGYDLVQELCPGFFFGNVSLCCDVRQLQTLKDNLQLPLQFLSRCPSCFYNLLNLFCELTCSPRQSQFLNVTATEDYVDPVTNQTKTNVKELQYYVGQSFANAMYNACRDVEAPSSNDKALGLLCGKDADACNATNWIEYMFNKDNGQAPFTITPVFSDFPVHGMEPMNNATKGCDESVDEVTAPCSCQDCSIVCGPKPQPPPPPAPWTILGLDAMYVIMWITYMAFLLVFFGAFFAVWCYRKRYFVSEYTPIDSNIAFSVNASDKGEASCCDPVSAAFEGCLRRLFTRWGSFCVRNPGCVIFFSLVFITACSSGLVFVRVTTNPVDLWSAPSSQARLEKEYFDQHFGPFFRTEQLIIRAPLTDKHIYQPYTSGADVPFGPPLDIQILHQVLDLQIAIENITASYDNETVTLQDICLAPLSPYNTNCTILSVLNYFQNSHSVLDHKKGDDFFVYADYHTHFLYCVRAPASLNDTSLLHDPCLGTFGGPVFPWLVLGGYDDQNYNNATALVITFPVNNYYNDTEKLQRAQAWEKEFINFVKNYKNPNLTISFTAERSIEDELNRESDSDVFTVVISYAIMFLYISLALGHMKSCRRLLVDSKVSLGIAGILIVLSSVACSLGVFSYIGLPLTLIVIEVIPFLVLAVGVDNIFILVQAYQRDERLQGETLDQQLGRVLGEVAPSMFLSSFSETVAFFLGALSVMPAVHTFSLFAGLAVFIDFLLQITCFVSLLGLDIKRQEKNRLDIFCCVRGAEDGTSVQASESCLFRFFKNSYSPLLLKDWMRPIVIAIFVGVLSFSIAVLNKVDIGLDQSLSMPDDSYMVDYFKSISQYLHAGPPVYFVLEEGHDYTSSKGQNMVCGGMGCNNDSLVQQIFNAAQLDNYTRIGFAPSSWIDDYFDWVKPQSSCCRVDNITDQFCNASVVDPACVRCRPLTPEGKQRPQGGDFMRFLPMFLSDNPNPKCGKGGHAAYSSAVNILLGHGTRVGATYFMTYHTVLQTSADFIDALKKARLIASNVTETMGINGSAYRVFPYSVFYVFYEQYLTIIDDTIFNLGVSLGAIFLVTMVLLGCELWSAVIMCATIAMVLVNMFGVMWLWGISLNAVSLVNLVMSCGISVEFCSHITRAFTVSMKGSRVERAEEALAHMGSSVFSGITLTKFGGIVVLAFAKSQIFQIFYFRMYLAMVLLGATHGLIFLPVLLSYIGPSVNKAKSCATEERYKGTERERLLNF,-0.0009582232981221184,-0.0009205897276017838,-0.0009394065128619511,P424T
MTARGLALGLLLLLLCPAQVFSQSCVWYGECGIAYGDKRYNCEYSGPPKPLPKDGYDLVQELCPGFFFGNVSLCCDVRQLQTLKDNLQLPLQFLSRCPSCFYNLLNLFCELTCSPRQSQFLNVTATEDYVDPVTNQTKTNVKELQYYVGQSFANAMYNACRDVEAPSSNDKALGLLCGKDADACNATNWIEYMFNKDNGQAPFTITPVFSDFPVHGMEPMNNATKGCDESVDEVTAPCSCQDCSIVCGPKPQPPPPPAPWTILGLDAMYVIMWITYMAFLLVFFGAFFAVWCYRKRYFVSEYTPIDSNIAFSVNASDKGEASCCDPVSAAFEGCLRRLFTRWGSFCVRNPGCVIFFSLVFITACSSGLVFVRVTTNPVDLWSAPSSQARLEKEYFDQHFGPFFRTEQLIIRAPLTDKHIYEPYPSGADVPFGPPLDIQILHQVLDLQIAIENITASYDNETVTLQDICLAPLSPYNTNCTILSVLNYFQNSHSVLDHKKGDDFFVYADYHTHFLYCVRAPASLNDTSLLHDPCLGTFGGPVFPWLVLGGYDDQNYNNATALVITFPVNNYYNDTEKLQRAQAWEKEFINFVKNYKNPNLTISFTAERSIEDELNRESDSDVFTVVISYAIMFLYISLALGHMKSCRRLLVDSKVSLGIAGILIVLSSVACSLGVFSYIGLPLTLIVIEVIPFLVLAVGVDNIFILVQAYQRDERLQGETLDQQLGRVLGEVAPSMFLSSFSETVAFFLGALSVMPAVHTFSLFAGLAVFIDFLLQITCFVSLLGLDIKRQEKNRLDIFCCVRGAEDGTSVQASESCLFRFFKNSYSPLLLKDWMRPIVIAIFVGVLSFSIAVLNKVDIGLDQSLSMPDDSYMVDYFKSISQYLHAGPPVYFVLEEGHDYTSSKGQNMVCGGMGCNNDSLVQQIFNAAQLDNYTRIGFAPSSWIDDYFDWVKPQSSCCRVDNITDQFCNASVVDPACVRCRPLTPEGKQRPQGGDFMRFLPMFLSDNPNPKCGKGGHAAYSSAVNILLGHGTRVGATYFMTYHTVLQTSADFIDALKKARLIASNVTETMGINGSAYRVFPYSVFYVFYEQYLTIIDDTIFNLGVSLGAIFLVTMVLLGCELWSAVIMCATIAMVLVNMFGVMWLWGISLNAVSLVNLVMSCGISVEFCSHITRAFTVSMKGSRVERAEEALAHMGSSVFSGITLTKFGGIVVLAFAKSQIFQIFYFRMYLAMVLLGATHGLIFLPVLLSYIGPSVNKAKSCATEERYKGTERERLLNF,0.0006616440177523719,0.0007982328650724124,0.0007299384414123922,Q421E
MTARGLALGLLLLLLCPAQVFSQSCVWYGECGIAYGDKRYNCEYSGPPKPLPKDGYDLVQELCPGFFFGNVSLCCDVRQLQTLKDNLQLPLQFLSRCPSCFYNLLNLFCELTCSPRQSQFLNVTATEDYVDPVTNQTKTNVKELQYYVGQSFANAMYNACRDVEAPSSNDKALGLLCGKDADACNATNWIEYMFNKDNGQAPFTITPVFSDFPVHGMEPMNNATKGCDESVDEVTAPCSCQDCSIVCGPKPQPPPPPAPWTILGLDAMYVIMWITYMAFLLVFFGAFFAVWCYRKRYFVSEYTPIDSNIAFSVNASDKGEASCCDPVSAAFEGCLRRLFTRWGSFCVRNPGCVIFFSLVFITACSSGLVFVRVTTNPVDLWSAPSSQARLEKEYFDQHFGPFFRTEQLIIRAPLTDKHIYHPYPSGADVPFGPPLDIQILHQVLDLQIAIENITASYDNETVTLQDICLAPLSPYNTNCTILSVLNYFQNSHSVLDHKKGDDFFVYADYHTHFLYCVRAPASLNDTSLLHDPCLGTFGGPVFPWLVLGGYDDQNYNNATALVITFPVNNYYNDTEKLQRAQAWEKEFINFVKNYKNPNLTISFTAERSIEDELNRESDSDVFTVVISYAIMFLYISLALGHMKSCRRLLVDSKVSLGIAGILIVLSSVACSLGVFSYIGLPLTLIVIEVIPFLVLAVGVDNIFILVQAYQRDERLQGETLDQQLGRVLGEVAPSMFLSSFSETVAFFLGALSVMPAVHTFSLFAGLAVFIDFLLQITCFVSLLGLDIKRQEKNRLDIFCCVRGAEDGTSVQASESCLFRFFKNSYSPLLLKDWMRPIVIAIFVGVLSFSIAVLNKVDIGLDQSLSMPDDSYMVDYFKSISQYLHAGPPVYFVLEEGHDYTSSKGQNMVCGGMGCNNDSLVQQIFNAAQLDNYTRIGFAPSSWIDDYFDWVKPQSSCCRVDNITDQFCNASVVDPACVRCRPLTPEGKQRPQGGDFMRFLPMFLSDNPNPKCGKGGHAAYSSAVNILLGHGTRVGATYFMTYHTVLQTSADFIDALKKARLIASNVTETMGINGSAYRVFPYSVFYVFYEQYLTIIDDTIFNLGVSLGAIFLVTMVLLGCELWSAVIMCATIAMVLVNMFGVMWLWGISLNAVSLVNLVMSCGISVEFCSHITRAFTVSMKGSRVERAEEALAHMGSSVFSGITLTKFGGIVVLAFAKSQIFQIFYFRMYLAMVLLGATHGLIFLPVLLSYIGPSVNKAKSCATEERYKGTERERLLNF,4.7758338223791164e-05,-3.562772031495687e-05,6.065308954417148e-06,Q421H
MTARGLALGLLLLLLCPAQVFSQSCVWYGECGIAYGDKRYNCEYSGPPKPLPKDGYDLVQELCPGFFFGNVSLCCDVRQLQTLKDNLQLPLQFLSRCPSCFYNLLNLFCELTCSPRQSQFLNVTATEDYVDPVTNQTKTNVKELQYYVGQSFANAMYNACRDVEAPSSNDKALGLLCGKDADACNATNWIEYMFNKDNGQAPFTITPVFSDFPVHGMEPMNNATKGCDESVDEVTAPCSCQDCSIVCGPKPQPPPPPAPWTILGLDAMYVIMWITYMAFLLVFFGAFFAVWCYRKRYFVSEYTPIDSNIAFSVNASDKGEASCCDPVSAAFEGCLRRLFTRWGSFCVRNPGCVIFFSLVFITACSSGLVFVRVTTNPVDLWSAPSSQARLEKEYFDQHFGPFFRTEQLIIRAPLTDKHIYKPYPSGADVPFGPPLDIQILHQVLDLQIAIENITASYDNETVTLQDICLAPLSPYNTNCTILSVLNYFQNSHSVLDHKKGDDFFVYADYHTHFLYCVRAPASLNDTSLLHDPCLGTFGGPVFPWLVLGGYDDQNYNNATALVITFPVNNYYNDTEKLQRAQAWEKEFINFVKNYKNPNLTISFTAERSIEDELNRESDSDVFTVVISYAIMFLYISLALGHMKSCRRLLVDSKVSLGIAGILIVLSSVACSLGVFSYIGLPLTLIVIEVIPFLVLAVGVDNIFILVQAYQRDERLQGETLDQQLGRVLGEVAPSMFLSSFSETVAFFLGALSVMPAVHTFSLFAGLAVFIDFLLQITCFVSLLGLDIKRQEKNRLDIFCCVRGAEDGTSVQASESCLFRFFKNSYSPLLLKDWMRPIVIAIFVGVLSFSIAVLNKVDIGLDQSLSMPDDSYMVDYFKSISQYLHAGPPVYFVLEEGHDYTSSKGQNMVCGGMGCNNDSLVQQIFNAAQLDNYTRIGFAPSSWIDDYFDWVKPQSSCCRVDNITDQFCNASVVDPACVRCRPLTPEGKQRPQGGDFMRFLPMFLSDNPNPKCGKGGHAAYSSAVNILLGHGTRVGATYFMTYHTVLQTSADFIDALKKARLIASNVTETMGINGSAYRVFPYSVFYVFYEQYLTIIDDTIFNLGVSLGAIFLVTMVLLGCELWSAVIMCATIAMVLVNMFGVMWLWGISLNAVSLVNLVMSCGISVEFCSHITRAFTVSMKGSRVERAEEALAHMGSSVFSGITLTKFGGIVVLAFAKSQIFQIFYFRMYLAMVLLGATHGLIFLPVLLSYIGPSVNKAKSCATEERYKGTERERLLNF,0.00026152466011342135,5.5017605633755906e-05,0.00015827113287358863,Q421K
MTARGLALGLLLLLLCPAQVFSQSCVWYGECGIAYGDKRYNCEYSGPPKPLPKDGYDLVQELCPGFFFGNVSLCCDVRQLQTLKDNLQLPLQFLSRCPSCFYNLLNLFCELTCSPRQSQFLNVTATEDYVDPVTNQTKTNVKELQYYVGQSFANAMYNACRDVEAPSSNDKALGLLCGKDADACNATNWIEYMFNKDNGQAPFTITPVFSDFPVHGMEPMNNATKGCDESVDEVTAPCSCQDCSIVCGPKPQPPPPPAPWTILGLDAMYVIMWITYMAFLLVFFGAFFAVWCYRKRYFVSEYTPIDSNIAFSVNASDKGEASCCDPVSAAFEGCLRRLFTRWGSFCVRNPGCVIFFSLVFITACSSGLVFVRVTTNPVDLWSAPSSQARLEKEYFDQHFGPFFRTEQLIIRAPLTDKHIYLPYPSGADVPFGPPLDIQILHQVLDLQIAIENITASYDNETVTLQDICLAPLSPYNTNCTILSVLNYFQNSHSVLDHKKGDDFFVYADYHTHFLYCVRAPASLNDTSLLHDPCLGTFGGPVFPWLVLGGYDDQNYNNATALVITFPVNNYYNDTEKLQRAQAWEKEFINFVKNYKNPNLTISFTAERSIEDELNRESDSDVFTVVISYAIMFLYISLALGHMKSCRRLLVDSKVSLGIAGILIVLSSVACSLGVFSYIGLPLTLIVIEVIPFLVLAVGVDNIFILVQAYQRDERLQGETLDQQLGRVLGEVAPSMFLSSFSETVAFFLGALSVMPAVHTFSLFAGLAVFIDFLLQITCFVSLLGLDIKRQEKNRLDIFCCVRGAEDGTSVQASESCLFRFFKNSYSPLLLKDWMRPIVIAIFVGVLSFSIAVLNKVDIGLDQSLSMPDDSYMVDYFKSISQYLHAGPPVYFVLEEGHDYTSSKGQNMVCGGMGCNNDSLVQQIFNAAQLDNYTRIGFAPSSWIDDYFDWVKPQSSCCRVDNITDQFCNASVVDPACVRCRPLTPEGKQRPQGGDFMRFLPMFLSDNPNPKCGKGGHAAYSSAVNILLGHGTRVGATYFMTYHTVLQTSADFIDALKKARLIASNVTETMGINGSAYRVFPYSVFYVFYEQYLTIIDDTIFNLGVSLGAIFLVTMVLLGCELWSAVIMCATIAMVLVNMFGVMWLWGISLNAVSLVNLVMSCGISVEFCSHITRAFTVSMKGSRVERAEEALAHMGSSVFSGITLTKFGGIVVLAFAKSQIFQIFYFRMYLAMVLLGATHGLIFLPVLLSYIGPSVNKAKSCATEERYKGTERERLLNF,-0.0015820427120011304,-0.0019254251638302078,-0.0017537339379156691,Q421L
MTARGLALGLLLLLLCPAQVFSQSCVWYGECGIAYGDKRYNCEYSGPPKPLPKDGYDLVQELCPGFFFGNVSLCCDVRQLQTLKDNLQLPLQFLSRCPSCFYNLLNLFCELTCSPRQSQFLNVTATEDYVDPVTNQTKTNVKELQYYVGQSFANAMYNACRDVEAPSSNDKALGLLCGKDADACNATNWIEYMFNKDNGQAPFTITPVFSDFPVHGMEPMNNATKGCDESVDEVTAPCSCQDCSIVCGPKPQPPPPPAPWTILGLDAMYVIMWITYMAFLLVFFGAFFAVWCYRKRYFVSEYTPIDSNIAFSVNASDKGEASCCDPVSAAFEGCLRRLFTRWGSFCVRNPGCVIFFSLVFITACSSGLVFVRVTTNPVDLWSAPSSQARLEKEYFDQHFGPFFRTEQLIIRAPLTDKHIYPPYPSGADVPFGPPLDIQILHQVLDLQIAIENITASYDNETVTLQDICLAPLSPYNTNCTILSVLNYFQNSHSVLDHKKGDDFFVYADYHTHFLYCVRAPASLNDTSLLHDPCLGTFGGPVFPWLVLGGYDDQNYNNATALVITFPVNNYYNDTEKLQRAQAWEKEFINFVKNYKNPNLTISFTAERSIEDELNRESDSDVFTVVISYAIMFLYISLALGHMKSCRRLLVDSKVSLGIAGILIVLSSVACSLGVFSYIGLPLTLIVIEVIPFLVLAVGVDNIFILVQAYQRDERLQGETLDQQLGRVLGEVAPSMFLSSFSETVAFFLGALSVMPAVHTFSLFAGLAVFIDFLLQITCFVSLLGLDIKRQEKNRLDIFCCVRGAEDGTSVQASESCLFRFFKNSYSPLLLKDWMRPIVIAIFVGVLSFSIAVLNKVDIGLDQSLSMPDDSYMVDYFKSISQYLHAGPPVYFVLEEGHDYTSSKGQNMVCGGMGCNNDSLVQQIFNAAQLDNYTRIGFAPSSWIDDYFDWVKPQSSCCRVDNITDQFCNASVVDPACVRCRPLTPEGKQRPQGGDFMRFLPMFLSDNPNPKCGKGGHAAYSSAVNILLGHGTRVGATYFMTYHTVLQTSADFIDALKKARLIASNVTETMGINGSAYRVFPYSVFYVFYEQYLTIIDDTIFNLGVSLGAIFLVTMVLLGCELWSAVIMCATIAMVLVNMFGVMWLWGISLNAVSLVNLVMSCGISVEFCSHITRAFTVSMKGSRVERAEEALAHMGSSVFSGITLTKFGGIVVLAFAKSQIFQIFYFRMYLAMVLLGATHGLIFLPVLLSYIGPSVNKAKSCATEERYKGTERERLLNF,-0.00022637452318075013,3.6009787020674366e-05,-9.518236808003788e-05,Q421P
MTARGLALGLLLLLLCPAQVFSQSCVWYGECGIAYGDKRYNCEYSGPPKPLPKDGYDLVQELCPGFFFGNVSLCCDVRQLQTLKDNLQLPLQFLSRCPSCFYNLLNLFCELTCSPRQSQFLNVTATEDYVDPVTNQTKTNVKELQYYVGQSFANAMYNACRDVEAPSSNDKALGLLCGKDADACNATNWIEYMFNKDNGQAPFTITPVFSDFPVHGMEPMNNATKGCDESVDEVTAPCSCQDCSIVCGPKPQPPPPPAPWTILGLDAMYVIMWITYMAFLLVFFGAFFAVWCYRKRYFVSEYTPIDSNIAFSVNASDKGEASCCDPVSAAFEGCLRRLFTRWGSFCVRNPGCVIFFSLVFITACSSGLVFVRVTTNPVDLWSAPSSQARLEKEYFDQHFGPFFRTEQLIIRAPLTDKHIYRPYPSGADVPFGPPLDIQILHQVLDLQIAIENITASYDNETVTLQDICLAPLSPYNTNCTILSVLNYFQNSHSVLDHKKGDDFFVYADYHTHFLYCVRAPASLNDTSLLHDPCLGTFGGPVFPWLVLGGYDDQNYNNATALVITFPVNNYYNDTEKLQRAQAWEKEFINFVKNYKNPNLTISFTAERSIEDELNRESDSDVFTVVISYAIMFLYISLALGHMKSCRRLLVDSKVSLGIAGILIVLSSVACSLGVFSYIGLPLTLIVIEVIPFLVLAVGVDNIFILVQAYQRDERLQGETLDQQLGRVLGEVAPSMFLSSFSETVAFFLGALSVMPAVHTFSLFAGLAVFIDFLLQITCFVSLLGLDIKRQEKNRLDIFCCVRGAEDGTSVQASESCLFRFFKNSYSPLLLKDWMRPIVIAIFVGVLSFSIAVLNKVDIGLDQSLSMPDDSYMVDYFKSISQYLHAGPPVYFVLEEGHDYTSSKGQNMVCGGMGCNNDSLVQQIFNAAQLDNYTRIGFAPSSWIDDYFDWVKPQSSCCRVDNITDQFCNASVVDPACVRCRPLTPEGKQRPQGGDFMRFLPMFLSDNPNPKCGKGGHAAYSSAVNILLGHGTRVGATYFMTYHTVLQTSADFIDALKKARLIASNVTETMGINGSAYRVFPYSVFYVFYEQYLTIIDDTIFNLGVSLGAIFLVTMVLLGCELWSAVIMCATIAMVLVNMFGVMWLWGISLNAVSLVNLVMSCGISVEFCSHITRAFTVSMKGSRVERAEEALAHMGSSVFSGITLTKFGGIVVLAFAKSQIFQIFYFRMYLAMVLLGATHGLIFLPVLLSYIGPSVNKAKSCATEERYKGTERERLLNF,-0.001002638552670243,-0.001182687487773837,-0.00109266302022204,Q421R
MTARGLALGLLLLLLCPAQVFSQSCVWYGECGIAYGDKRYNCEYSGPPKPLPKDGYDLVQELCPGFFFGNVSLCCDVRQLQTLKDNLQLPLQFLSRCPSCFYNLLNLFCELTCSPRQSQFLNVTATEDYVDPVTNQTKTNVKELQYYVGQSFANAMYNACRDVEAPSSNDKALGLLCGKDADACNATNWIEYMFNKDNGQAPFTITPVFSDFPVHGMEPMNNATKGCDESVDEVTAPCSCQDCSIVCGPKPQPPPPPAPWTILGLDAMYVIMWITYMAFLLVFFGAFFAVWCYRKRYFVSEYTPIDSNIAFSVNASDKGEASCCDPVSAAFEGCLRRLFTRWGSFCVRNPGCVIFFSLVFITACSSGLVFVRVTTNPVDLWSAPSSQARLEKEYFDQHFGPFFRTEQLIIRAPLTDKHIYQPYPAGADVPFGPPLDIQILHQVLDLQIAIENITASYDNETVTLQDICLAPLSPYNTNCTILSVLNYFQNSHSVLDHKKGDDFFVYADYHTHFLYCVRAPASLNDTSLLHDPCLGTFGGPVFPWLVLGGYDDQNYNNATALVITFPVNNYYNDTEKLQRAQAWEKEFINFVKNYKNPNLTISFTAERSIEDELNRESDSDVFTVVISYAIMFLYISLALGHMKSCRRLLVDSKVSLGIAGILIVLSSVACSLGVFSYIGLPLTLIVIEVIPFLVLAVGVDNIFILVQAYQRDERLQGETLDQQLGRVLGEVAPSMFLSSFSETVAFFLGALSVMPAVHTFSLFAGLAVFIDFLLQITCFVSLLGLDIKRQEKNRLDIFCCVRGAEDGTSVQASESCLFRFFKNSYSPLLLKDWMRPIVIAIFVGVLSFSIAVLNKVDIGLDQSLSMPDDSYMVDYFKSISQYLHAGPPVYFVLEEGHDYTSSKGQNMVCGGMGCNNDSLVQQIFNAAQLDNYTRIGFAPSSWIDDYFDWVKPQSSCCRVDNITDQFCNASVVDPACVRCRPLTPEGKQRPQGGDFMRFLPMFLSDNPNPKCGKGGHAAYSSAVNILLGHGTRVGATYFMTYHTVLQTSADFIDALKKARLIASNVTETMGINGSAYRVFPYSVFYVFYEQYLTIIDDTIFNLGVSLGAIFLVTMVLLGCELWSAVIMCATIAMVLVNMFGVMWLWGISLNAVSLVNLVMSCGISVEFCSHITRAFTVSMKGSRVERAEEALAHMGSSVFSGITLTKFGGIVVLAFAKSQIFQIFYFRMYLAMVLLGATHGLIFLPVLLSYIGPSVNKAKSCATEERYKGTERERLLNF,-0.0009693987492664924,-0.0009726463162657017,-0.0009710225327660971,S425A
MTARGLALGLLLLLLCPAQVFSQSCVWYGECGIAYGDKRYNCEYSGPPKPLPKDGYDLVQELCPGFFFGNVSLCCDVRQLQTLKDNLQLPLQFLSRCPSCFYNLLNLFCELTCSPRQSQFLNVTATEDYVDPVTNQTKTNVKELQYYVGQSFANAMYNACRDVEAPSSNDKALGLLCGKDADACNATNWIEYMFNKDNGQAPFTITPVFSDFPVHGMEPMNNATKGCDESVDEVTAPCSCQDCSIVCGPKPQPPPPPAPWTILGLDAMYVIMWITYMAFLLVFFGAFFAVWCYRKRYFVSEYTPIDSNIAFSVNASDKGEASCCDPVSAAFEGCLRRLFTRWGSFCVRNPGCVIFFSLVFITACSSGLVFVRVTTNPVDLWSAPSSQARLEKEYFDQHFGPFFRTEQLIIRAPLTDKHIYQPYPLGADVPFGPPLDIQILHQVLDLQIAIENITASYDNETVTLQDICLAPLSPYNTNCTILSVLNYFQNSHSVLDHKKGDDFFVYADYHTHFLYCVRAPASLNDTSLLHDPCLGTFGGPVFPWLVLGGYDDQNYNNATALVITFPVNNYYNDTEKLQRAQAWEKEFINFVKNYKNPNLTISFTAERSIEDELNRESDSDVFTVVISYAIMFLYISLALGHMKSCRRLLVDSKVSLGIAGILIVLSSVACSLGVFSYIGLPLTLIVIEVIPFLVLAVGVDNIFILVQAYQRDERLQGETLDQQLGRVLGEVAPSMFLSSFSETVAFFLGALSVMPAVHTFSLFAGLAVFIDFLLQITCFVSLLGLDIKRQEKNRLDIFCCVRGAEDGTSVQASESCLFRFFKNSYSPLLLKDWMRPIVIAIFVGVLSFSIAVLNKVDIGLDQSLSMPDDSYMVDYFKSISQYLHAGPPVYFVLEEGHDYTSSKGQNMVCGGMGCNNDSLVQQIFNAAQLDNYTRIGFAPSSWIDDYFDWVKPQSSCCRVDNITDQFCNASVVDPACVRCRPLTPEGKQRPQGGDFMRFLPMFLSDNPNPKCGKGGHAAYSSAVNILLGHGTRVGATYFMTYHTVLQTSADFIDALKKARLIASNVTETMGINGSAYRVFPYSVFYVFYEQYLTIIDDTIFNLGVSLGAIFLVTMVLLGCELWSAVIMCATIAMVLVNMFGVMWLWGISLNAVSLVNLVMSCGISVEFCSHITRAFTVSMKGSRVERAEEALAHMGSSVFSGITLTKFGGIVVLAFAKSQIFQIFYFRMYLAMVLLGATHGLIFLPVLLSYIGPSVNKAKSCATEERYKGTERERLLNF,-0.0018092768852699948,-0.0017005789074726607,-0.0017549278963713277,S425L
MTARGLALGLLLLLLCPAQVFSQSCVWYGECGIAYGDKRYNCEYSGPPKPLPKDGYDLVQELCPGFFFGNVSLCCDVRQLQTLKDNLQLPLQFLSRCPSCFYNLLNLFCELTCSPRQSQFLNVTATEDYVDPVTNQTKTNVKELQYYVGQSFANAMYNACRDVEAPSSNDKALGLLCGKDADACNATNWIEYMFNKDNGQAPFTITPVFSDFPVHGMEPMNNATKGCDESVDEVTAPCSCQDCSIVCGPKPQPPPPPAPWTILGLDAMYVIMWITYMAFLLVFFGAFFAVWCYRKRYFVSEYTPIDSNIAFSVNASDKGEASCCDPVSAAFEGCLRRLFTRWGSFCVRNPGCVIFFSLVFITACSSGLVFVRVTTNPVDLWSAPSSQARLEKEYFDQHFGPFFRTEQLIIRAPLTDKHIYQPYPPGADVPFGPPLDIQILHQVLDLQIAIENITASYDNETVTLQDICLAPLSPYNTNCTILSVLNYFQNSHSVLDHKKGDDFFVYADYHTHFLYCVRAPASLNDTSLLHDPCLGTFGGPVFPWLVLGGYDDQNYNNATALVITFPVNNYYNDTEKLQRAQAWEKEFINFVKNYKNPNLTISFTAERSIEDELNRESDSDVFTVVISYAIMFLYISLALGHMKSCRRLLVDSKVSLGIAGILIVLSSVACSLGVFSYIGLPLTLIVIEVIPFLVLAVGVDNIFILVQAYQRDERLQGETLDQQLGRVLGEVAPSMFLSSFSETVAFFLGALSVMPAVHTFSLFAGLAVFIDFLLQITCFVSLLGLDIKRQEKNRLDIFCCVRGAEDGTSVQASESCLFRFFKNSYSPLLLKDWMRPIVIAIFVGVLSFSIAVLNKVDIGLDQSLSMPDDSYMVDYFKSISQYLHAGPPVYFVLEEGHDYTSSKGQNMVCGGMGCNNDSLVQQIFNAAQLDNYTRIGFAPSSWIDDYFDWVKPQSSCCRVDNITDQFCNASVVDPACVRCRPLTPEGKQRPQGGDFMRFLPMFLSDNPNPKCGKGGHAAYSSAVNILLGHGTRVGATYFMTYHTVLQTSADFIDALKKARLIASNVTETMGINGSAYRVFPYSVFYVFYEQYLTIIDDTIFNLGVSLGAIFLVTMVLLGCELWSAVIMCATIAMVLVNMFGVMWLWGISLNAVSLVNLVMSCGISVEFCSHITRAFTVSMKGSRVERAEEALAHMGSSVFSGITLTKFGGIVVLAFAKSQIFQIFYFRMYLAMVLLGATHGLIFLPVLLSYIGPSVNKAKSCATEERYKGTERERLLNF,-0.0004580024635660873,-0.0007235388240903751,-0.0005907706438282312,S425P
MTARGLALGLLLLLLCPAQVFSQSCVWYGECGIAYGDKRYNCEYSGPPKPLPKDGYDLVQELCPGFFFGNVSLCCDVRQLQTLKDNLQLPLQFLSRCPSCFYNLLNLFCELTCSPRQSQFLNVTATEDYVDPVTNQTKTNVKELQYYVGQSFANAMYNACRDVEAPSSNDKALGLLCGKDADACNATNWIEYMFNKDNGQAPFTITPVFSDFPVHGMEPMNNATKGCDESVDEVTAPCSCQDCSIVCGPKPQPPPPPAPWTILGLDAMYVIMWITYMAFLLVFFGAFFAVWCYRKRYFVSEYTPIDSNIAFSVNASDKGEASCCDPVSAAFEGCLRRLFTRWGSFCVRNPGCVIFFSLVFITACSSGLVFVRVTTNPVDLWSAPSSQARLEKEYFDQHFGPFFRTEQLIIRAPLTDKHIYQPYPTGADVPFGPPLDIQILHQVLDLQIAIENITASYDNETVTLQDICLAPLSPYNTNCTILSVLNYFQNSHSVLDHKKGDDFFVYADYHTHFLYCVRAPASLNDTSLLHDPCLGTFGGPVFPWLVLGGYDDQNYNNATALVITFPVNNYYNDTEKLQRAQAWEKEFINFVKNYKNPNLTISFTAERSIEDELNRESDSDVFTVVISYAIMFLYISLALGHMKSCRRLLVDSKVSLGIAGILIVLSSVACSLGVFSYIGLPLTLIVIEVIPFLVLAVGVDNIFILVQAYQRDERLQGETLDQQLGRVLGEVAPSMFLSSFSETVAFFLGALSVMPAVHTFSLFAGLAVFIDFLLQITCFVSLLGLDIKRQEKNRLDIFCCVRGAEDGTSVQASESCLFRFFKNSYSPLLLKDWMRPIVIAIFVGVLSFSIAVLNKVDIGLDQSLSMPDDSYMVDYFKSISQYLHAGPPVYFVLEEGHDYTSSKGQNMVCGGMGCNNDSLVQQIFNAAQLDNYTRIGFAPSSWIDDYFDWVKPQSSCCRVDNITDQFCNASVVDPACVRCRPLTPEGKQRPQGGDFMRFLPMFLSDNPNPKCGKGGHAAYSSAVNILLGHGTRVGATYFMTYHTVLQTSADFIDALKKARLIASNVTETMGINGSAYRVFPYSVFYVFYEQYLTIIDDTIFNLGVSLGAIFLVTMVLLGCELWSAVIMCATIAMVLVNMFGVMWLWGISLNAVSLVNLVMSCGISVEFCSHITRAFTVSMKGSRVERAEEALAHMGSSVFSGITLTKFGGIVVLAFAKSQIFQIFYFRMYLAMVLLGATHGLIFLPVLLSYIGPSVNKAKSCATEERYKGTERERLLNF,-0.001518428605487121,-0.001549662558685494,-0.0015340455820863075,S425T
MTARGLALGLLLLLLCPAQVFSQSCVWYGECGIAYGDKRYNCEYSGPPKPLPKDGYDLVQELCPGFFFGNVSLCCDVRQLQTLKDNLQLPLQFLSRCPSCFYNLLNLFCELTCSPRQSQFLNVTATEDYVDPVTNQTKTNVKELQYYVGQSFANAMYNACRDVEAPSSNDKALGLLCGKDADACNATNWIEYMFNKDNGQAPFTITPVFSDFPVHGMEPMNNATKGCDESVDEVTAPCSCQDCSIVCGPKPQPPPPPAPWTILGLDAMYVIMWITYMAFLLVFFGAFFAVWCYRKRYFVSEYTPIDSNIAFSVNASDKGEASCCDPVSAAFEGCLRRLFTRWGSFCVRNPGCVIFFSLVFITACSSGLVFVRVTTNPVDLWSAPSSQARLEKEYFDQHFGPFFRTEQLIIRAPLTDKHIYQPYPWGADVPFGPPLDIQILHQVLDLQIAIENITASYDNETVTLQDICLAPLSPYNTNCTILSVLNYFQNSHSVLDHKKGDDFFVYADYHTHFLYCVRAPASLNDTSLLHDPCLGTFGGPVFPWLVLGGYDDQNYNNATALVITFPVNNYYNDTEKLQRAQAWEKEFINFVKNYKNPNLTISFTAERSIEDELNRESDSDVFTVVISYAIMFLYISLALGHMKSCRRLLVDSKVSLGIAGILIVLSSVACSLGVFSYIGLPLTLIVIEVIPFLVLAVGVDNIFILVQAYQRDERLQGETLDQQLGRVLGEVAPSMFLSSFSETVAFFLGALSVMPAVHTFSLFAGLAVFIDFLLQITCFVSLLGLDIKRQEKNRLDIFCCVRGAEDGTSVQASESCLFRFFKNSYSPLLLKDWMRPIVIAIFVGVLSFSIAVLNKVDIGLDQSLSMPDDSYMVDYFKSISQYLHAGPPVYFVLEEGHDYTSSKGQNMVCGGMGCNNDSLVQQIFNAAQLDNYTRIGFAPSSWIDDYFDWVKPQSSCCRVDNITDQFCNASVVDPACVRCRPLTPEGKQRPQGGDFMRFLPMFLSDNPNPKCGKGGHAAYSSAVNILLGHGTRVGATYFMTYHTVLQTSADFIDALKKARLIASNVTETMGINGSAYRVFPYSVFYVFYEQYLTIIDDTIFNLGVSLGAIFLVTMVLLGCELWSAVIMCATIAMVLVNMFGVMWLWGISLNAVSLVNLVMSCGISVEFCSHITRAFTVSMKGSRVERAEEALAHMGSSVFSGITLTKFGGIVVLAFAKSQIFQIFYFRMYLAMVLLGATHGLIFLPVLLSYIGPSVNKAKSCATEERYKGTERERLLNF,-0.0034710760221048353,-0.0035180702269170805,-0.003494573124510958,S425W
MTARGLALGLLLLLLCPAQVFSQSCVWYGECGIAYGDKRYNCEYSGPPKPLPKDGYDLVQELCPGFFFGNVSLCCDVRQLQTLKDNLQLPLQFLSRCPSCFYNLLNLFCELTCSPRQSQFLNVTATEDYVDPVTNQTKTNVKELQYYVGQSFANAMYNACRDVEAPSSNDKALGLLCGKDADACNATNWIEYMFNKDNGQAPFTITPVFSDFPVHGMEPMNNATKGCDESVDEVTAPCSCQDCSIVCGPKPQPPPPPAPWTILGLDAMYVIMWITYMAFLLVFFGAFFAVWCYRKRYFVSEYTPIDSNIAFSVNASDKGEASCCDPVSAAFEGCLRRLFTRWGSFCVRNPGCVIFFSLVFITACSSGLVFVRVTTNPVDLWSAPSSQARLEKEYFDQHFGPFFRTEQLIIRAPLTDKHIYQPYPSGADVPFGPPLDIQILHQVLDLQIAIENITASYDNETVTLQDICLAPLSPYNTNCTILSVLNYFQNSHSVLDHKKGDDFFVYADYHTHFLYCVRAPASLNDTSLLHDPCLGTFGGPVFPWLVLGGYDDQNYNNATALVITFPVNNYYNDTEKLQRAQAWEKEFINFVKNYKNPNLTISFTAERSIEDELNRESDSDVFTVVISYAIMFLYISLALGHMKSCRRLLVDSKVSLGIAGILIVLSSVACSLGVFSYIGLPLTLIVIEVIPFLVLAVGVDNIFILVQAYQRDERLQGETLDQQLGRVLGEVAPSMFLSSFSETVAFFLGALSVMPAVHTFSLFAGLAVFIDFLLQITCFVSLLGLDIKRQEKNRLDIFCCVRGAEDGTSVQASESCLFRFFKNSYSPLLLKDWMRPIVIAIFVGVLSFSIAVLNKVDIGLDQSLSMPDDSYMVDYFKSISQYLHAGPPVYFVLEEGHDYTSSKGQNMVCGGMGCNNDALVQQIFNAAQLDNYTRIGFAPSSWIDDYFDWVKPQSSCCRVDNITDQFCNASVVDPACVRCRPLTPEGKQRPQGGDFMRFLPMFLSDNPNPKCGKGGHAAYSSAVNILLGHGTRVGATYFMTYHTVLQTSADFIDALKKARLIASNVTETMGINGSAYRVFPYSVFYVFYEQYLTIIDDTIFNLGVSLGAIFLVTMVLLGCELWSAVIMCATIAMVLVNMFGVMWLWGISLNAVSLVNLVMSCGISVEFCSHITRAFTVSMKGSRVERAEEALAHMGSSVFSGITLTKFGGIVVLAFAKSQIFQIFYFRMYLAMVLLGATHGLIFLPVLLSYIGPSVNKAKSCATEERYKGTERERLLNF,-0.004770102821791911,-0.004258181194371047,-0.004514142008081479,S918A
MTARGLALGLLLLLLCPAQVFSQSCVWYGECGIAYGDKRYNCEYSGPPKPLPKDGYDLVQELCPGFFFGNVSLCCDVRQLQTLKDNLQLPLQFLSRCPSCFYNLLNLFCELTCSPRQSQFLNVTATEDYVDPVTNQTKTNVKELQYYVGQSFANAMYNACRDVEAPSSNDKALGLLCGKDADACNATNWIEYMFNKDNGQAPFTITPVFSDFPVHGMEPMNNATKGCDESVDEVTAPCSCQDCSIVCGPKPQPPPPPAPWTILGLDAMYVIMWITYMAFLLVFFGAFFAVWCYRKRYFVSEYTPIDSNIAFSVNASDKGEASCCDPVSAAFEGCLRRLFTRWGSFCVRNPGCVIFFSLVFITACSSGLVFVRVTTNPVDLWSAPSSQARLEKEYFDQHFGPFFRTEQLIIRAPLTDKHIYQPYPSGADVPFGPPLDIQILHQVLDLQIAIENITASYDNETVTLQDICLAPLSPYNTNCTILSVLNYFQNSHSVLDHKKGDDFFVYADYHTHFLYCVRAPASLNDTSLLHDPCLGTFGGPVFPWLVLGGYDDQNYNNATALVITFPVNNYYNDTEKLQRAQAWEKEFINFVKNYKNPNLTISFTAERSIEDELNRESDSDVFTVVISYAIMFLYISLALGHMKSCRRLLVDSKVSLGIAGILIVLSSVACSLGVFSYIGLPLTLIVIEVIPFLVLAVGVDNIFILVQAYQRDERLQGETLDQQLGRVLGEVAPSMFLSSFSETVAFFLGALSVMPAVHTFSLFAGLAVFIDFLLQITCFVSLLGLDIKRQEKNRLDIFCCVRGAEDGTSVQASESCLFRFFKNSYSPLLLKDWMRPIVIAIFVGVLSFSIAVLNKVDIGLDQSLSMPDDSYMVDYFKSISQYLHAGPPVYFVLEEGHDYTSSKGQNMVCGGMGCNNDCLVQQIFNAAQLDNYTRIGFAPSSWIDDYFDWVKPQSSCCRVDNITDQFCNASVVDPACVRCRPLTPEGKQRPQGGDFMRFLPMFLSDNPNPKCGKGGHAAYSSAVNILLGHGTRVGATYFMTYHTVLQTSADFIDALKKARLIASNVTETMGINGSAYRVFPYSVFYVFYEQYLTIIDDTIFNLGVSLGAIFLVTMVLLGCELWSAVIMCATIAMVLVNMFGVMWLWGISLNAVSLVNLVMSCGISVEFCSHITRAFTVSMKGSRVERAEEALAHMGSSVFSGITLTKFGGIVVLAFAKSQIFQIFYFRMYLAMVLLGATHGLIFLPVLLSYIGPSVNKAKSCATEERYKGTERERLLNF,-0.009070550145490963,-0.006758043650357037,-0.007914296897924,S918C
MTARGLALGLLLLLLCPAQVFSQSCVWYGECGIAYGDKRYNCEYSGPPKPLPKDGYDLVQELCPGFFFGNVSLCCDVRQLQTLKDNLQLPLQFLSRCPSCFYNLLNLFCELTCSPRQSQFLNVTATEDYVDPVTNQTKTNVKELQYYVGQSFANAMYNACRDVEAPSSNDKALGLLCGKDADACNATNWIEYMFNKDNGQAPFTITPVFSDFPVHGMEPMNNATKGCDESVDEVTAPCSCQDCSIVCGPKPQPPPPPAPWTILGLDAMYVIMWITYMAFLLVFFGAFFAVWCYRKRYFVSEYTPIDSNIAFSVNASDKGEASCCDPVSAAFEGCLRRLFTRWGSFCVRNPGCVIFFSLVFITACSSGLVFVRVTTNPVDLWSAPSSQARLEKEYFDQHFGPFFRTEQLIIRAPLTDKHIYQPYPSGADVPFGPPLDIQILHQVLDLQIAIENITASYDNETVTLQDICLAPLSPYNTNCTILSVLNYFQNSHSVLDHKKGDDFFVYADYHTHFLYCVRAPASLNDTSLLHDPCLGTFGGPVFPWLVLGGYDDQNYNNATALVITFPVNNYYNDTEKLQRAQAWEKEFINFVKNYKNPNLTISFTAERSIEDELNRESDSDVFTVVISYAIMFLYISLALGHMKSCRRLLVDSKVSLGIAGILIVLSSVACSLGVFSYIGLPLTLIVIEVIPFLVLAVGVDNIFILVQAYQRDERLQGETLDQQLGRVLGEVAPSMFLSSFSETVAFFLGALSVMPAVHTFSLFAGLAVFIDFLLQITCFVSLLGLDIKRQEKNRLDIFCCVRGAEDGTSVQASESCLFRFFKNSYSPLLLKDWMRPIVIAIFVGVLSFSIAVLNKVDIGLDQSLSMPDDSYMVDYFKSISQYLHAGPPVYFVLEEGHDYTSSKGQNMVCGGMGCNNDFLVQQIFNAAQLDNYTRIGFAPSSWIDDYFDWVKPQSSCCRVDNITDQFCNASVVDPACVRCRPLTPEGKQRPQGGDFMRFLPMFLSDNPNPKCGKGGHAAYSSAVNILLGHGTRVGATYFMTYHTVLQTSADFIDALKKARLIASNVTETMGINGSAYRVFPYSVFYVFYEQYLTIIDDTIFNLGVSLGAIFLVTMVLLGCELWSAVIMCATIAMVLVNMFGVMWLWGISLNAVSLVNLVMSCGISVEFCSHITRAFTVSMKGSRVERAEEALAHMGSSVFSGITLTKFGGIVVLAFAKSQIFQIFYFRMYLAMVLLGATHGLIFLPVLLSYIGPSVNKAKSCATEERYKGTERERLLNF,-0.008609252356587382,-0.006446754801814336,-0.007528003579200859,S918F
MTARGLALGLLLLLLCPAQVFSQSCVWYGECGIAYGDKRYNCEYSGPPKPLPKDGYDLVQELCPGFFFGNVSLCCDVRQLQTLKDNLQLPLQFLSRCPSCFYNLLNLFCELTCSPRQSQFLNVTATEDYVDPVTNQTKTNVKELQYYVGQSFANAMYNACRDVEAPSSNDKALGLLCGKDADACNATNWIEYMFNKDNGQAPFTITPVFSDFPVHGMEPMNNATKGCDESVDEVTAPCSCQDCSIVCGPKPQPPPPPAPWTILGLDAMYVIMWITYMAFLLVFFGAFFAVWCYRKRYFVSEYTPIDSNIAFSVNASDKGEASCCDPVSAAFEGCLRRLFTRWGSFCVRNPGCVIFFSLVFITACSSGLVFVRVTTNPVDLWSAPSSQARLEKEYFDQHFGPFFRTEQLIIRAPLTDKHIYQPYPSGADVPFGPPLDIQILHQVLDLQIAIENITASYDNETVTLQDICLAPLSPYNTNCTILSVLNYFQNSHSVLDHKKGDDFFVYADYHTHFLYCVRAPASLNDTSLLHDPCLGTFGGPVFPWLVLGGYDDQNYNNATALVITFPVNNYYNDTEKLQRAQAWEKEFINFVKNYKNPNLTISFTAERSIEDELNRESDSDVFTVVISYAIMFLYISLALGHMKSCRRLLVDSKVSLGIAGILIVLSSVACSLGVFSYIGLPLTLIVIEVIPFLVLAVGVDNIFILVQAYQRDERLQGETLDQQLGRVLGEVAPSMFLSSFSETVAFFLGALSVMPAVHTFSLFAGLAVFIDFLLQITCFVSLLGLDIKRQEKNRLDIFCCVRGAEDGTSVQASESCLFRFFKNSYSPLLLKDWMRPIVIAIFVGVLSFSIAVLNKVDIGLDQSLSMPDDSYMVDYFKSISQYLHAGPPVYFVLEEGHDYTSSKGQNMVCGGMGCNNDPLVQQIFNAAQLDNYTRIGFAPSSWIDDYFDWVKPQSSCCRVDNITDQFCNASVVDPACVRCRPLTPEGKQRPQGGDFMRFLPMFLSDNPNPKCGKGGHAAYSSAVNILLGHGTRVGATYFMTYHTVLQTSADFIDALKKARLIASNVTETMGINGSAYRVFPYSVFYVFYEQYLTIIDDTIFNLGVSLGAIFLVTMVLLGCELWSAVIMCATIAMVLVNMFGVMWLWGISLNAVSLVNLVMSCGISVEFCSHITRAFTVSMKGSRVERAEEALAHMGSSVFSGITLTKFGGIVVLAFAKSQIFQIFYFRMYLAMVLLGATHGLIFLPVLLSYIGPSVNKAKSCATEERYKGTERERLLNF,-0.007697879988262879,-0.006235280880159455,-0.006966580434211167,S918P
MTARGLALGLLLLLLCPAQVFSQSCVWYGECGIAYGDKRYNCEYSGPPKPLPKDGYDLVQELCPGFFFGNVSLCCDVRQLQTLKDNLQLPLQFLSRCPSCFYNLLNLFCELTCSPRQSQFLNVTATEDYVDPVTNQTKTNVKELQYYVGQSFANAMYNACRDVEAPSSNDKALGLLCGKDADACNATNWIEYMFNKDNGQAPFTITPVFSDFPVHGMEPMNNATKGCDESVDEVTAPCSCQDCSIVCGPKPQPPPPPAPWTILGLDAMYVIMWITYMAFLLVFFGAFFAVWCYRKRYFVSEYTPIDSNIAFSVNASDKGEASCCDPVSAAFEGCLRRLFTRWGSFCVRNPGCVIFFSLVFITACSSGLVFVRVTTNPVDLWSAPSSQARLEKEYFDQHFGPFFRTEQLIIRAPLTDKHIYQPYPSGADVPFGPPLDIQILHQVLDLQIAIENITASYDNETVTLQDICLAPLSPYNTNCTILSVLNYFQNSHSVLDHKKGDDFFVYADYHTHFLYCVRAPASLNDTSLLHDPCLGTFGGPVFPWLVLGGYDDQNYNNATALVITFPVNNYYNDTEKLQRAQAWEKEFINFVKNYKNPNLTISFTAERSIEDELNRESDSDVFTVVISYAIMFLYISLALGHMKSCRRLLVDSKVSLGIAGILIVLSSVACSLGVFSYIGLPLTLIVIEVIPFLVLAVGVDNIFILVQAYQRDERLQGETLDQQLGRVLGEVAPSMFLSSFSETVAFFLGALSVMPAVHTFSLFAGLAVFIDFLLQITCFVSLLGLDIKRQEKNRLDIFCCVRGAEDGTSVQASESCLFRFFKNSYSPLLLKDWMRPIVIAIFVGVLSFSIAVLNKVDIGLDQSLSMPDDSYMVDYFKSISQYLHAGPPVYFVLEEGHDYTSSKGQNMVCGGMGCNNDTLVQQIFNAAQLDNYTRIGFAPSSWIDDYFDWVKPQSSCCRVDNITDQFCNASVVDPACVRCRPLTPEGKQRPQGGDFMRFLPMFLSDNPNPKCGKGGHAAYSSAVNILLGHGTRVGATYFMTYHTVLQTSADFIDALKKARLIASNVTETMGINGSAYRVFPYSVFYVFYEQYLTIIDDTIFNLGVSLGAIFLVTMVLLGCELWSAVIMCATIAMVLVNMFGVMWLWGISLNAVSLVNLVMSCGISVEFCSHITRAFTVSMKGSRVERAEEALAHMGSSVFSGITLTKFGGIVVLAFAKSQIFQIFYFRMYLAMVLLGATHGLIFLPVLLSYIGPSVNKAKSCATEERYKGTERERLLNF,-0.004938212172339584,-0.004812559984472831,-0.0048753860784062075,S918T
MTARGLALGLLLLLLCPAQVFSQSCVWYGECGIAYGDKRYNCEYSGPPKPLPKDGYDLVQELCPGFFFGNVSLCCDVRQLQTLKDNLQLPLQFLSRCPSCFYNLLNLFCELTCSPRQSQFLNVTATEDYVDPVTNQTKTNVKELQYYVGQSFANAMYNACRDVEAPSSNDKALGLLCGKDADACNATNWIEYMFNKDNGQAPFTITPVFSDFPVHGMEPMNNATKGCDESVDEVTAPCSCQDCSIVCGPKPQPPPPPAPWTILGLDAMYVIMWITYMAFLLVFFGAFFAVWCYRKRYFVSEYTPIDSNIAFSVNASDKGEASCCDPVSAAFEGCLRRLFTRWGSFCVRNPGCVIFFSLVFITACSSGLVFVRVTTNPVDLWSAPSSQARLEKEYFDQHFGPFFRTEQLIIRAPLTDKHIYQPYPSGADVPFGPPLDIQILHQVLDLQIAIENITASYDNETVTLQDICLAPLSPYNTNCTILSVLNYFQNSHSVLDHKKGDDFFVYADYHTHFLYCVRAPASLNDTSLLHDPCLGTFGGPVFPWLVLGGYDDQNYNNATALVITFPVNNYYNDTEKLQRAQAWEKEFINFVKNYKNPNLTISFTAERSIEDELNRESDSDVFTVVISYAIMFLYISLALGHMKSCRRLLVDSKVSLGIAGILIVLSSVACSLGVFSYIGLPLTLIVIEVIPFLVLAVGVDNIFILVQAYQRDERLQGETLDQQLGRVLGEVAPSMFLSSFSETVAFFLGALSVMPAVHTFSLFAGLAVFIDFLLQITCFVSLLGLDIKRQEKNRLDIFCCVRGAEDGTSVQASESCLFRFFKNSYSPLLLKDWMRPIVIAIFVGVLSFSIAVLNKVDIGLDQSLSMPDDSYMVDYFKSISQYLHAGPPVYFVLEEGHDYTSSKGQNMVCGGMGCNNDYLVQQIFNAAQLDNYTRIGFAPSSWIDDYFDWVKPQSSCCRVDNITDQFCNASVVDPACVRCRPLTPEGKQRPQGGDFMRFLPMFLSDNPNPKCGKGGHAAYSSAVNILLGHGTRVGATYFMTYHTVLQTSADFIDALKKARLIASNVTETMGINGSAYRVFPYSVFYVFYEQYLTIIDDTIFNLGVSLGAIFLVTMVLLGCELWSAVIMCATIAMVLVNMFGVMWLWGISLNAVSLVNLVMSCGISVEFCSHITRAFTVSMKGSRVERAEEALAHMGSSVFSGITLTKFGGIVVLAFAKSQIFQIFYFRMYLAMVLLGATHGLIFLPVLLSYIGPSVNKAKSCATEERYKGTERERLLNF,-0.00812961536580592,-0.006374974019463964,-0.007252294692634942,S918Y
MTARGLALGLLLLLLCPAQVFSQSCVWYGECGIAYGDKRYNCEYSGPPKPLPKDGYDLVQELCPGFFFGNVSLCCDVRQLQTLKDNLQLPLQFLSRCPSCFYNLLNLFCELTCSPRQSQFLNVTATEDYVDPVTNQTKTNVKELQYYVGQSFANAMYNACRDVEAPSSNDKALGLLCGKDADACNATNWIEYMFNKDNGQAPFTITPVFSDFPVHGMEPMNNATKGCDESVDEVTAPCSCQDCSIVCGPKPQPPPPPAPWTILGLDAMYVIMWITYMAFLLVFFGAFFAVWCYRKRYFVSEYTPIDSNIAFSVNASDKGEASCCDPVSAAFEGCLRRLFTRWGSFCVRNPGCVIFFSLVFITACSSGLVFVRVTTNPVDLWSAPSSQARLEKEYFDQHFGPFFRTEQLIIRAPLTDKHIYQPYPSGADVPFGPPLDIQILHQVLDLQIAIENITASYDNETVTLQDICLAPLSPYNTNCTILSVLNYFQNSHSVLDHKKGDDFFVYADYHTHFLYCVRAPASLNDTSLLHDPCLGTFGGPVFPWLVLGGYDDQNYNNATALVITFPVNNYYNDTEKLQRAQAWEKEFINFVKNYKNPNLTISFTAERSIEDELNRESDSDVFTVVISYAIMFLYISLALGHMKSCRRLLVDSKVSLGIAGILIVLSSVACSLGVFSYIGLPLTLIVIEVIPFLVLAVGVDNIFILVQAYQRDERLQGETLDQQLGRVLGEVAPSMFLSSFSETVAFFLGALSVMPAVHTFSLFAGLAVFIDFLLQITCFVSLLGLDIKRQEKNRLDIFCCVRGAEDGTSVQASESCLFRFFKNSYSPLLLKDWMRPIVIAIFVGVLSFSIAVLNKVDIGLDQSLSMPDDSYMVDYFKSISQYLHAGPPVYFVLEEGHDYTSSKGQNMVCGGMGCNNDSLLQQIFNAAQLDNYTRIGFAPSSWIDDYFDWVKPQSSCCRVDNITDQFCNASVVDPACVRCRPLTPEGKQRPQGGDFMRFLPMFLSDNPNPKCGKGGHAAYSSAVNILLGHGTRVGATYFMTYHTVLQTSADFIDALKKARLIASNVTETMGINGSAYRVFPYSVFYVFYEQYLTIIDDTIFNLGVSLGAIFLVTMVLLGCELWSAVIMCATIAMVLVNMFGVMWLWGISLNAVSLVNLVMSCGISVEFCSHITRAFTVSMKGSRVERAEEALAHMGSSVFSGITLTKFGGIVVLAFAKSQIFQIFYFRMYLAMVLLGATHGLIFLPVLLSYIGPSVNKAKSCATEERYKGTERERLLNF,-0.0020986924149061226,-0.001607020322892172,-0.0018528563688991473,V920L
MTARGLALGLLLLLLCPAQVFSQSCVWYGECGIAYGDKRYNCEYSGPPKPLPKDGYDLVQELCPGFFFGNVSLCCDVRQLQTLKDNLQLPLQFLSRCPSCFYNLLNLFCELTCSPRQSQFLNVTATEDYVDPVTNQTKTNVKELQYYVGQSFANAMYNACRDVEAPSSNDKALGLLCGKDADACNATNWIEYMFNKDNGQAPFTITPVFSDFPVHGMEPMNNATKGCDESVDEVTAPCSCQDCSIVCGPKPQPPPPPAPWTILGLDAMYVIMWITYMAFLLVFFGAFFAVWCYRKRYFVSEYTPIDSNIAFSVNASDKGEASCCDPVSAAFEGCLRRLFTRWGSFCVRNPGCVIFFSLVFITACSSGLVFVRVTTNPVDLWSAPSSQARLEKEYFDQHFGPFFRTEQLIIRAPLTDKHICQPYPSGADVPFGPPLDIQILHQVLDLQIAIENITASYDNETVTLQDICLAPLSPYNTNCTILSVLNYFQNSHSVLDHKKGDDFFVYADYHTHFLYCVRAPASLNDTSLLHDPCLGTFGGPVFPWLVLGGYDDQNYNNATALVITFPVNNYYNDTEKLQRAQAWEKEFINFVKNYKNPNLTISFTAERSIEDELNRESDSDVFTVVISYAIMFLYISLALGHMKSCRRLLVDSKVSLGIAGILIVLSSVACSLGVFSYIGLPLTLIVIEVIPFLVLAVGVDNIFILVQAYQRDERLQGETLDQQLGRVLGEVAPSMFLSSFSETVAFFLGALSVMPAVHTFSLFAGLAVFIDFLLQITCFVSLLGLDIKRQEKNRLDIFCCVRGAEDGTSVQASESCLFRFFKNSYSPLLLKDWMRPIVIAIFVGVLSFSIAVLNKVDIGLDQSLSMPDDSYMVDYFKSISQYLHAGPPVYFVLEEGHDYTSSKGQNMVCGGMGCNNDSLVQQIFNAAQLDNYTRIGFAPSSWIDDYFDWVKPQSSCCRVDNITDQFCNASVVDPACVRCRPLTPEGKQRPQGGDFMRFLPMFLSDNPNPKCGKGGHAAYSSAVNILLGHGTRVGATYFMTYHTVLQTSADFIDALKKARLIASNVTETMGINGSAYRVFPYSVFYVFYEQYLTIIDDTIFNLGVSLGAIFLVTMVLLGCELWSAVIMCATIAMVLVNMFGVMWLWGISLNAVSLVNLVMSCGISVEFCSHITRAFTVSMKGSRVERAEEALAHMGSSVFSGITLTKFGGIVVLAFAKSQIFQIFYFRMYLAMVLLGATHGLIFLPVLLSYIGPSVNKAKSCATEERYKGTERERLLNF,-0.00462577712367962,-0.0055783649378912115,-0.005102071030785416,Y420C
MTARGLALGLLLLLLCPAQVFSQSCVWYGECGIAYGDKRYNCEYSGPPKPLPKDGYDLVQELCPGFFFGNVSLCCDVRQLQTLKDNLQLPLQFLSRCPSCFYNLLNLFCELTCSPRQSQFLNVTATEDYVDPVTNQTKTNVKELQYYVGQSFANAMYNACRDVEAPSSNDKALGLLCGKDADACNATNWIEYMFNKDNGQAPFTITPVFSDFPVHGMEPMNNATKGCDESVDEVTAPCSCQDCSIVCGPKPQPPPPPAPWTILGLDAMYVIMWITYMAFLLVFFGAFFAVWCYRKRYFVSEYTPIDSNIAFSVNASDKGEASCCDPVSAAFEGCLRRLFTRWGSFCVRNPGCVIFFSLVFITACSSGLVFVRVTTNPVDLWSAPSSQARLEKEYFDQHFGPFFRTEQLIIRAPLTDKHIDQPYPSGADVPFGPPLDIQILHQVLDLQIAIENITASYDNETVTLQDICLAPLSPYNTNCTILSVLNYFQNSHSVLDHKKGDDFFVYADYHTHFLYCVRAPASLNDTSLLHDPCLGTFGGPVFPWLVLGGYDDQNYNNATALVITFPVNNYYNDTEKLQRAQAWEKEFINFVKNYKNPNLTISFTAERSIEDELNRESDSDVFTVVISYAIMFLYISLALGHMKSCRRLLVDSKVSLGIAGILIVLSSVACSLGVFSYIGLPLTLIVIEVIPFLVLAVGVDNIFILVQAYQRDERLQGETLDQQLGRVLGEVAPSMFLSSFSETVAFFLGALSVMPAVHTFSLFAGLAVFIDFLLQITCFVSLLGLDIKRQEKNRLDIFCCVRGAEDGTSVQASESCLFRFFKNSYSPLLLKDWMRPIVIAIFVGVLSFSIAVLNKVDIGLDQSLSMPDDSYMVDYFKSISQYLHAGPPVYFVLEEGHDYTSSKGQNMVCGGMGCNNDSLVQQIFNAAQLDNYTRIGFAPSSWIDDYFDWVKPQSSCCRVDNITDQFCNASVVDPACVRCRPLTPEGKQRPQGGDFMRFLPMFLSDNPNPKCGKGGHAAYSSAVNILLGHGTRVGATYFMTYHTVLQTSADFIDALKKARLIASNVTETMGINGSAYRVFPYSVFYVFYEQYLTIIDDTIFNLGVSLGAIFLVTMVLLGCELWSAVIMCATIAMVLVNMFGVMWLWGISLNAVSLVNLVMSCGISVEFCSHITRAFTVSMKGSRVERAEEALAHMGSSVFSGITLTKFGGIVVLAFAKSQIFQIFYFRMYLAMVLLGATHGLIFLPVLLSYIGPSVNKAKSCATEERYKGTERERLLNF,-0.0032450835656299137,-0.003030171043622909,-0.0031376273046264114,Y420D
MTARGLALGLLLLLLCPAQVFSQSCVWYGECGIAYGDKRYNCEYSGPPKPLPKDGYDLVQELCPGFFFGNVSLCCDVRQLQTLKDNLQLPLQFLSRCPSCFYNLLNLFCELTCSPRQSQFLNVTATEDYVDPVTNQTKTNVKELQYYVGQSFANAMYNACRDVEAPSSNDKALGLLCGKDADACNATNWIEYMFNKDNGQAPFTITPVFSDFPVHGMEPMNNATKGCDESVDEVTAPCSCQDCSIVCGPKPQPPPPPAPWTILGLDAMYVIMWITYMAFLLVFFGAFFAVWCYRKRYFVSEYTPIDSNIAFSVNASDKGEASCCDPVSAAFEGCLRRLFTRWGSFCVRNPGCVIFFSLVFITACSSGLVFVRVTTNPVDLWSAPSSQARLEKEYFDQHFGPFFRTEQLIIRAPLTDKHIFQPYPSGADVPFGPPLDIQILHQVLDLQIAIENITASYDNETVTLQDICLAPLSPYNTNCTILSVLNYFQNSHSVLDHKKGDDFFVYADYHTHFLYCVRAPASLNDTSLLHDPCLGTFGGPVFPWLVLGGYDDQNYNNATALVITFPVNNYYNDTEKLQRAQAWEKEFINFVKNYKNPNLTISFTAERSIEDELNRESDSDVFTVVISYAIMFLYISLALGHMKSCRRLLVDSKVSLGIAGILIVLSSVACSLGVFSYIGLPLTLIVIEVIPFLVLAVGVDNIFILVQAYQRDERLQGETLDQQLGRVLGEVAPSMFLSSFSETVAFFLGALSVMPAVHTFSLFAGLAVFIDFLLQITCFVSLLGLDIKRQEKNRLDIFCCVRGAEDGTSVQASESCLFRFFKNSYSPLLLKDWMRPIVIAIFVGVLSFSIAVLNKVDIGLDQSLSMPDDSYMVDYFKSISQYLHAGPPVYFVLEEGHDYTSSKGQNMVCGGMGCNNDSLVQQIFNAAQLDNYTRIGFAPSSWIDDYFDWVKPQSSCCRVDNITDQFCNASVVDPACVRCRPLTPEGKQRPQGGDFMRFLPMFLSDNPNPKCGKGGHAAYSSAVNILLGHGTRVGATYFMTYHTVLQTSADFIDALKKARLIASNVTETMGINGSAYRVFPYSVFYVFYEQYLTIIDDTIFNLGVSLGAIFLVTMVLLGCELWSAVIMCATIAMVLVNMFGVMWLWGISLNAVSLVNLVMSCGISVEFCSHITRAFTVSMKGSRVERAEEALAHMGSSVFSGITLTKFGGIVVLAFAKSQIFQIFYFRMYLAMVLLGATHGLIFLPVLLSYIGPSVNKAKSCATEERYKGTERERLLNF,-0.0011443853005184135,-0.0011741865035700405,-0.001159285902044227,Y420F
MTARGLALGLLLLLLCPAQVFSQSCVWYGECGIAYGDKRYNCEYSGPPKPLPKDGYDLVQELCPGFFFGNVSLCCDVRQLQTLKDNLQLPLQFLSRCPSCFYNLLNLFCELTCSPRQSQFLNVTATEDYVDPVTNQTKTNVKELQYYVGQSFANAMYNACRDVEAPSSNDKALGLLCGKDADACNATNWIEYMFNKDNGQAPFTITPVFSDFPVHGMEPMNNATKGCDESVDEVTAPCSCQDCSIVCGPKPQPPPPPAPWTILGLDAMYVIMWITYMAFLLVFFGAFFAVWCYRKRYFVSEYTPIDSNIAFSVNASDKGEASCCDPVSAAFEGCLRRLFTRWGSFCVRNPGCVIFFSLVFITACSSGLVFVRVTTNPVDLWSAPSSQARLEKEYFDQHFGPFFRTEQLIIRAPLTDKHIHQPYPSGADVPFGPPLDIQILHQVLDLQIAIENITASYDNETVTLQDICLAPLSPYNTNCTILSVLNYFQNSHSVLDHKKGDDFFVYADYHTHFLYCVRAPASLNDTSLLHDPCLGTFGGPVFPWLVLGGYDDQNYNNATALVITFPVNNYYNDTEKLQRAQAWEKEFINFVKNYKNPNLTISFTAERSIEDELNRESDSDVFTVVISYAIMFLYISLALGHMKSCRRLLVDSKVSLGIAGILIVLSSVACSLGVFSYIGLPLTLIVIEVIPFLVLAVGVDNIFILVQAYQRDERLQGETLDQQLGRVLGEVAPSMFLSSFSETVAFFLGALSVMPAVHTFSLFAGLAVFIDFLLQITCFVSLLGLDIKRQEKNRLDIFCCVRGAEDGTSVQASESCLFRFFKNSYSPLLLKDWMRPIVIAIFVGVLSFSIAVLNKVDIGLDQSLSMPDDSYMVDYFKSISQYLHAGPPVYFVLEEGHDYTSSKGQNMVCGGMGCNNDSLVQQIFNAAQLDNYTRIGFAPSSWIDDYFDWVKPQSSCCRVDNITDQFCNASVVDPACVRCRPLTPEGKQRPQGGDFMRFLPMFLSDNPNPKCGKGGHAAYSSAVNILLGHGTRVGATYFMTYHTVLQTSADFIDALKKARLIASNVTETMGINGSAYRVFPYSVFYVFYEQYLTIIDDTIFNLGVSLGAIFLVTMVLLGCELWSAVIMCATIAMVLVNMFGVMWLWGISLNAVSLVNLVMSCGISVEFCSHITRAFTVSMKGSRVERAEEALAHMGSSVFSGITLTKFGGIVVLAFAKSQIFQIFYFRMYLAMVLLGATHGLIFLPVLLSYIGPSVNKAKSCATEERYKGTERERLLNF,-0.0017287563270246276,-0.001645752335191708,-0.0016872543311081678,Y420H
MTARGLALGLLLLLLCPAQVFSQSCVWYGECGIAYGDKRYNCEYSGPPKPLPKDGYDLVQELCPGFFFGNVSLCCDVRQLQTLKDNLQLPLQFLSRCPSCFYNLLNLFCELTCSPRQSQFLNVTATEDYVDPVTNQTKTNVKELQYYVGQSFANAMYNACRDVEAPSSNDKALGLLCGKDADACNATNWIEYMFNKDNGQAPFTITPVFSDFPVHGMEPMNNATKGCDESVDEVTAPCSCQDCSIVCGPKPQPPPPPAPWTILGLDAMYVIMWITYMAFLLVFFGAFFAVWCYRKRYFVSEYTPIDSNIAFSVNASDKGEASCCDPVSAAFEGCLRRLFTRWGSFCVRNPGCVIFFSLVFITACSSGLVFVRVTTNPVDLWSAPSSQARLEKEYFDQHFGPFFRTEQLIIRAPLTDKHINQPYPSGADVPFGPPLDIQILHQVLDLQIAIENITASYDNETVTLQDICLAPLSPYNTNCTILSVLNYFQNSHSVLDHKKGDDFFVYADYHTHFLYCVRAPASLNDTSLLHDPCLGTFGGPVFPWLVLGGYDDQNYNNATALVITFPVNNYYNDTEKLQRAQAWEKEFINFVKNYKNPNLTISFTAERSIEDELNRESDSDVFTVVISYAIMFLYISLALGHMKSCRRLLVDSKVSLGIAGILIVLSSVACSLGVFSYIGLPLTLIVIEVIPFLVLAVGVDNIFILVQAYQRDERLQGETLDQQLGRVLGEVAPSMFLSSFSETVAFFLGALSVMPAVHTFSLFAGLAVFIDFLLQITCFVSLLGLDIKRQEKNRLDIFCCVRGAEDGTSVQASESCLFRFFKNSYSPLLLKDWMRPIVIAIFVGVLSFSIAVLNKVDIGLDQSLSMPDDSYMVDYFKSISQYLHAGPPVYFVLEEGHDYTSSKGQNMVCGGMGCNNDSLVQQIFNAAQLDNYTRIGFAPSSWIDDYFDWVKPQSSCCRVDNITDQFCNASVVDPACVRCRPLTPEGKQRPQGGDFMRFLPMFLSDNPNPKCGKGGHAAYSSAVNILLGHGTRVGATYFMTYHTVLQTSADFIDALKKARLIASNVTETMGINGSAYRVFPYSVFYVFYEQYLTIIDDTIFNLGVSLGAIFLVTMVLLGCELWSAVIMCATIAMVLVNMFGVMWLWGISLNAVSLVNLVMSCGISVEFCSHITRAFTVSMKGSRVERAEEALAHMGSSVFSGITLTKFGGIVVLAFAKSQIFQIFYFRMYLAMVLLGATHGLIFLPVLLSYIGPSVNKAKSCATEERYKGTERERLLNF,-0.0027758101342429953,-0.0026607125391235886,-0.002718261336683292,Y420N
MTARGLALGLLLLLLCPAQVFSQSCVWYGECGIAYGDKRYNCEYSGPPKPLPKDGYDLVQELCPGFFFGNVSLCCDVRQLQTLKDNLQLPLQFLSRCPSCFYNLLNLFCELTCSPRQSQFLNVTATEDYVDPVTNQTKTNVKELQYYVGQSFANAMYNACRDVEAPSSNDKALGLLCGKDADACNATNWIEYMFNKDNGQAPFTITPVFSDFPVHGMEPMNNATKGCDESVDEVTAPCSCQDCSIVCGPKPQPPPPPAPWTILGLDAMYVIMWITYMAFLLVFFGAFFAVWCYRKRYFVSEYTPIDSNIAFSVNASDKGEASCCDPVSAAFEGCLRRLFTRWGSFCVRNPGCVIFFSLVFITACSSGLVFVRVTTNPVDLWSAPSSQARLEKEYFDQHFGPFFRTEQLIIRAPLTDKHISQPYPSGADVPFGPPLDIQILHQVLDLQIAIENITASYDNETVTLQDICLAPLSPYNTNCTILSVLNYFQNSHSVLDHKKGDDFFVYADYHTHFLYCVRAPASLNDTSLLHDPCLGTFGGPVFPWLVLGGYDDQNYNNATALVITFPVNNYYNDTEKLQRAQAWEKEFINFVKNYKNPNLTISFTAERSIEDELNRESDSDVFTVVISYAIMFLYISLALGHMKSCRRLLVDSKVSLGIAGILIVLSSVACSLGVFSYIGLPLTLIVIEVIPFLVLAVGVDNIFILVQAYQRDERLQGETLDQQLGRVLGEVAPSMFLSSFSETVAFFLGALSVMPAVHTFSLFAGLAVFIDFLLQITCFVSLLGLDIKRQEKNRLDIFCCVRGAEDGTSVQASESCLFRFFKNSYSPLLLKDWMRPIVIAIFVGVLSFSIAVLNKVDIGLDQSLSMPDDSYMVDYFKSISQYLHAGPPVYFVLEEGHDYTSSKGQNMVCGGMGCNNDSLVQQIFNAAQLDNYTRIGFAPSSWIDDYFDWVKPQSSCCRVDNITDQFCNASVVDPACVRCRPLTPEGKQRPQGGDFMRFLPMFLSDNPNPKCGKGGHAAYSSAVNILLGHGTRVGATYFMTYHTVLQTSADFIDALKKARLIASNVTETMGINGSAYRVFPYSVFYVFYEQYLTIIDDTIFNLGVSLGAIFLVTMVLLGCELWSAVIMCATIAMVLVNMFGVMWLWGISLNAVSLVNLVMSCGISVEFCSHITRAFTVSMKGSRVERAEEALAHMGSSVFSGITLTKFGGIVVLAFAKSQIFQIFYFRMYLAMVLLGATHGLIFLPVLLSYIGPSVNKAKSCATEERYKGTERERLLNF,-0.0027869855853873693,-0.002760622982687755,-0.002773804284037562,Y420S
MTARGLALGLLLLLLCPAQVFSQSCVWYGECGIAYGDKRYNCEYSGPPKPLPKDGYDLVQELCPGFFFGNVSLCCDVRQLQTLKDNLQLPLQFLSRCPSCFYNLLNLFCELTCSPRQSQFLNVTATEDYVDPVTNQTKTNVKELQYYVGQSFANAMYNACRDVEAPSSNDKALGLLCGKDADACNATNWIEYMFNKDNGQAPFTITPVFSDFPVHGMEPMNNATKGCDESVDEVTAPCSCQDCSIVCGPKPQPPPPPAPWTILGLDAMYVIMWITYMAFLLVFFGAFFAVWCYRKRYFVSEYTPIDSNIAFSVNASDKGEASCCDPVSAAFEGCLRRLFTRWGSFCVRNPGCVIFFSLVFITACSSGLVFVRVTTNPVDLWSAPSSQARLEKEYFDQHFGPFFRTEQLIIRAPLTDKHIYQPCPSGADVPFGPPLDIQILHQVLDLQIAIENITASYDNETVTLQDICLAPLSPYNTNCTILSVLNYFQNSHSVLDHKKGDDFFVYADYHTHFLYCVRAPASLNDTSLLHDPCLGTFGGPVFPWLVLGGYDDQNYNNATALVITFPVNNYYNDTEKLQRAQAWEKEFINFVKNYKNPNLTISFTAERSIEDELNRESDSDVFTVVISYAIMFLYISLALGHMKSCRRLLVDSKVSLGIAGILIVLSSVACSLGVFSYIGLPLTLIVIEVIPFLVLAVGVDNIFILVQAYQRDERLQGETLDQQLGRVLGEVAPSMFLSSFSETVAFFLGALSVMPAVHTFSLFAGLAVFIDFLLQITCFVSLLGLDIKRQEKNRLDIFCCVRGAEDGTSVQASESCLFRFFKNSYSPLLLKDWMRPIVIAIFVGVLSFSIAVLNKVDIGLDQSLSMPDDSYMVDYFKSISQYLHAGPPVYFVLEEGHDYTSSKGQNMVCGGMGCNNDSLVQQIFNAAQLDNYTRIGFAPSSWIDDYFDWVKPQSSCCRVDNITDQFCNASVVDPACVRCRPLTPEGKQRPQGGDFMRFLPMFLSDNPNPKCGKGGHAAYSSAVNILLGHGTRVGATYFMTYHTVLQTSADFIDALKKARLIASNVTETMGINGSAYRVFPYSVFYVFYEQYLTIIDDTIFNLGVSLGAIFLVTMVLLGCELWSAVIMCATIAMVLVNMFGVMWLWGISLNAVSLVNLVMSCGISVEFCSHITRAFTVSMKGSRVERAEEALAHMGSSVFSGITLTKFGGIVVLAFAKSQIFQIFYFRMYLAMVLLGATHGLIFLPVLLSYIGPSVNKAKSCATEERYKGTERERLLNF,-0.004871350498826255,-0.004910321302816878,-0.004890835900821566,Y423C
MTARGLALGLLLLLLCPAQVFSQSCVWYGECGIAYGDKRYNCEYSGPPKPLPKDGYDLVQELCPGFFFGNVSLCCDVRQLQTLKDNLQLPLQFLSRCPSCFYNLLNLFCELTCSPRQSQFLNVTATEDYVDPVTNQTKTNVKELQYYVGQSFANAMYNACRDVEAPSSNDKALGLLCGKDADACNATNWIEYMFNKDNGQAPFTITPVFSDFPVHGMEPMNNATKGCDESVDEVTAPCSCQDCSIVCGPKPQPPPPPAPWTILGLDAMYVIMWITYMAFLLVFFGAFFAVWCYRKRYFVSEYTPIDSNIAFSVNASDKGEASCCDPVSAAFEGCLRRLFTRWGSFCVRNPGCVIFFSLVFITACSSGLVFVRVTTNPVDLWSAPSSQARLEKEYFDQHFGPFFRTEQLIIRAPLTDKHIYQPDPSGADVPFGPPLDIQILHQVLDLQIAIENITASYDNETVTLQDICLAPLSPYNTNCTILSVLNYFQNSHSVLDHKKGDDFFVYADYHTHFLYCVRAPASLNDTSLLHDPCLGTFGGPVFPWLVLGGYDDQNYNNATALVITFPVNNYYNDTEKLQRAQAWEKEFINFVKNYKNPNLTISFTAERSIEDELNRESDSDVFTVVISYAIMFLYISLALGHMKSCRRLLVDSKVSLGIAGILIVLSSVACSLGVFSYIGLPLTLIVIEVIPFLVLAVGVDNIFILVQAYQRDERLQGETLDQQLGRVLGEVAPSMFLSSFSETVAFFLGALSVMPAVHTFSLFAGLAVFIDFLLQITCFVSLLGLDIKRQEKNRLDIFCCVRGAEDGTSVQASESCLFRFFKNSYSPLLLKDWMRPIVIAIFVGVLSFSIAVLNKVDIGLDQSLSMPDDSYMVDYFKSISQYLHAGPPVYFVLEEGHDYTSSKGQNMVCGGMGCNNDSLVQQIFNAAQLDNYTRIGFAPSSWIDDYFDWVKPQSSCCRVDNITDQFCNASVVDPACVRCRPLTPEGKQRPQGGDFMRFLPMFLSDNPNPKCGKGGHAAYSSAVNILLGHGTRVGATYFMTYHTVLQTSADFIDALKKARLIASNVTETMGINGSAYRVFPYSVFYVFYEQYLTIIDDTIFNLGVSLGAIFLVTMVLLGCELWSAVIMCATIAMVLVNMFGVMWLWGISLNAVSLVNLVMSCGISVEFCSHITRAFTVSMKGSRVERAEEALAHMGSSVFSGITLTKFGGIVVLAFAKSQIFQIFYFRMYLAMVLLGATHGLIFLPVLLSYIGPSVNKAKSCATEERYKGTERERLLNF,-0.002857476892605626,-0.002538260159917871,-0.0026978685262617486,Y423D
MTARGLALGLLLLLLCPAQVFSQSCVWYGECGIAYGDKRYNCEYSGPPKPLPKDGYDLVQELCPGFFFGNVSLCCDVRQLQTLKDNLQLPLQFLSRCPSCFYNLLNLFCELTCSPRQSQFLNVTATEDYVDPVTNQTKTNVKELQYYVGQSFANAMYNACRDVEAPSSNDKALGLLCGKDADACNATNWIEYMFNKDNGQAPFTITPVFSDFPVHGMEPMNNATKGCDESVDEVTAPCSCQDCSIVCGPKPQPPPPPAPWTILGLDAMYVIMWITYMAFLLVFFGAFFAVWCYRKRYFVSEYTPIDSNIAFSVNASDKGEASCCDPVSAAFEGCLRRLFTRWGSFCVRNPGCVIFFSLVFITACSSGLVFVRVTTNPVDLWSAPSSQARLEKEYFDQHFGPFFRTEQLIIRAPLTDKHIYQPFPSGADVPFGPPLDIQILHQVLDLQIAIENITASYDNETVTLQDICLAPLSPYNTNCTILSVLNYFQNSHSVLDHKKGDDFFVYADYHTHFLYCVRAPASLNDTSLLHDPCLGTFGGPVFPWLVLGGYDDQNYNNATALVITFPVNNYYNDTEKLQRAQAWEKEFINFVKNYKNPNLTISFTAERSIEDELNRESDSDVFTVVISYAIMFLYISLALGHMKSCRRLLVDSKVSLGIAGILIVLSSVACSLGVFSYIGLPLTLIVIEVIPFLVLAVGVDNIFILVQAYQRDERLQGETLDQQLGRVLGEVAPSMFLSSFSETVAFFLGALSVMPAVHTFSLFAGLAVFIDFLLQITCFVSLLGLDIKRQEKNRLDIFCCVRGAEDGTSVQASESCLFRFFKNSYSPLLLKDWMRPIVIAIFVGVLSFSIAVLNKVDIGLDQSLSMPDDSYMVDYFKSISQYLHAGPPVYFVLEEGHDYTSSKGQNMVCGGMGCNNDSLVQQIFNAAQLDNYTRIGFAPSSWIDDYFDWVKPQSSCCRVDNITDQFCNASVVDPACVRCRPLTPEGKQRPQGGDFMRFLPMFLSDNPNPKCGKGGHAAYSSAVNILLGHGTRVGATYFMTYHTVLQTSADFIDALKKARLIASNVTETMGINGSAYRVFPYSVFYVFYEQYLTIIDDTIFNLGVSLGAIFLVTMVLLGCELWSAVIMCATIAMVLVNMFGVMWLWGISLNAVSLVNLVMSCGISVEFCSHITRAFTVSMKGSRVERAEEALAHMGSSVFSGITLTKFGGIVVLAFAKSQIFQIFYFRMYLAMVLLGATHGLIFLPVLLSYIGPSVNKAKSCATEERYKGTERERLLNF,-0.0018986804944248759,-0.0020042264218994577,-0.0019514534581621668,Y423F
MTARGLALGLLLLLLCPAQVFSQSCVWYGECGIAYGDKRYNCEYSGPPKPLPKDGYDLVQELCPGFFFGNVSLCCDVRQLQTLKDNLQLPLQFLSRCPSCFYNLLNLFCELTCSPRQSQFLNVTATEDYVDPVTNQTKTNVKELQYYVGQSFANAMYNACRDVEAPSSNDKALGLLCGKDADACNATNWIEYMFNKDNGQAPFTITPVFSDFPVHGMEPMNNATKGCDESVDEVTAPCSCQDCSIVCGPKPQPPPPPAPWTILGLDAMYVIMWITYMAFLLVFFGAFFAVWCYRKRYFVSEYTPIDSNIAFSVNASDKGEASCCDPVSAAFEGCLRRLFTRWGSFCVRNPGCVIFFSLVFITACSSGLVFVRVTTNPVDLWSAPSSQARLEKEYFDQHFGPFFRTEQLIIRAPLTDKHIYQPHPSGADVPFGPPLDIQILHQVLDLQIAIENITASYDNETVTLQDICLAPLSPYNTNCTILSVLNYFQNSHSVLDHKKGDDFFVYADYHTHFLYCVRAPASLNDTSLLHDPCLGTFGGPVFPWLVLGGYDDQNYNNATALVITFPVNNYYNDTEKLQRAQAWEKEFINFVKNYKNPNLTISFTAERSIEDELNRESDSDVFTVVISYAIMFLYISLALGHMKSCRRLLVDSKVSLGIAGILIVLSSVACSLGVFSYIGLPLTLIVIEVIPFLVLAVGVDNIFILVQAYQRDERLQGETLDQQLGRVLGEVAPSMFLSSFSETVAFFLGALSVMPAVHTFSLFAGLAVFIDFLLQITCFVSLLGLDIKRQEKNRLDIFCCVRGAEDGTSVQASESCLFRFFKNSYSPLLLKDWMRPIVIAIFVGVLSFSIAVLNKVDIGLDQSLSMPDDSYMVDYFKSISQYLHAGPPVYFVLEEGHDYTSSKGQNMVCGGMGCNNDSLVQQIFNAAQLDNYTRIGFAPSSWIDDYFDWVKPQSSCCRVDNITDQFCNASVVDPACVRCRPLTPEGKQRPQGGDFMRFLPMFLSDNPNPKCGKGGHAAYSSAVNILLGHGTRVGATYFMTYHTVLQTSADFIDALKKARLIASNVTETMGINGSAYRVFPYSVFYVFYEQYLTIIDDTIFNLGVSLGAIFLVTMVLLGCELWSAVIMCATIAMVLVNMFGVMWLWGISLNAVSLVNLVMSCGISVEFCSHITRAFTVSMKGSRVERAEEALAHMGSSVFSGITLTKFGGIVVLAFAKSQIFQIFYFRMYLAMVLLGATHGLIFLPVLLSYIGPSVNKAKSCATEERYKGTERERLLNF,-0.00319159422681925,-0.0031973252274061226,-0.0031944597271126862,Y423H
MTARGLALGLLLLLLCPAQVFSQSCVWYGECGIAYGDKRYNCEYSGPPKPLPKDGYDLVQELCPGFFFGNVSLCCDVRQLQTLKDNLQLPLQFLSRCPSCFYNLLNLFCELTCSPRQSQFLNVTATEDYVDPVTNQTKTNVKELQYYVGQSFANAMYNACRDVEAPSSNDKALGLLCGKDADACNATNWIEYMFNKDNGQAPFTITPVFSDFPVHGMEPMNNATKGCDESVDEVTAPCSCQDCSIVCGPKPQPPPPPAPWTILGLDAMYVIMWITYMAFLLVFFGAFFAVWCYRKRYFVSEYTPIDSNIAFSVNASDKGEASCCDPVSAAFEGCLRRLFTRWGSFCVRNPGCVIFFSLVFITACSSGLVFVRVTTNPVDLWSAPSSQARLEKEYFDQHFGPFFRTEQLIIRAPLTDKHIYQPNPSGADVPFGPPLDIQILHQVLDLQIAIENITASYDNETVTLQDICLAPLSPYNTNCTILSVLNYFQNSHSVLDHKKGDDFFVYADYHTHFLYCVRAPASLNDTSLLHDPCLGTFGGPVFPWLVLGGYDDQNYNNATALVITFPVNNYYNDTEKLQRAQAWEKEFINFVKNYKNPNLTISFTAERSIEDELNRESDSDVFTVVISYAIMFLYISLALGHMKSCRRLLVDSKVSLGIAGILIVLSSVACSLGVFSYIGLPLTLIVIEVIPFLVLAVGVDNIFILVQAYQRDERLQGETLDQQLGRVLGEVAPSMFLSSFSETVAFFLGALSVMPAVHTFSLFAGLAVFIDFLLQITCFVSLLGLDIKRQEKNRLDIFCCVRGAEDGTSVQASESCLFRFFKNSYSPLLLKDWMRPIVIAIFVGVLSFSIAVLNKVDIGLDQSLSMPDDSYMVDYFKSISQYLHAGPPVYFVLEEGHDYTSSKGQNMVCGGMGCNNDSLVQQIFNAAQLDNYTRIGFAPSSWIDDYFDWVKPQSSCCRVDNITDQFCNASVVDPACVRCRPLTPEGKQRPQGGDFMRFLPMFLSDNPNPKCGKGGHAAYSSAVNILLGHGTRVGATYFMTYHTVLQTSADFIDALKKARLIASNVTETMGINGSAYRVFPYSVFYVFYEQYLTIIDDTIFNLGVSLGAIFLVTMVLLGCELWSAVIMCATIAMVLVNMFGVMWLWGISLNAVSLVNLVMSCGISVEFCSHITRAFTVSMKGSRVERAEEALAHMGSSVFSGITLTKFGGIVVLAFAKSQIFQIFYFRMYLAMVLLGATHGLIFLPVLLSYIGPSVNKAKSCATEERYKGTERERLLNF,-0.002210733476379123,-0.002120565733812585,-0.002165649605095854,Y423N
MTARGLALGLLLLLLCPAQVFSQSCVWYGECGIAYGDKRYNCEYSGPPKPLPKDGYDLVQELCPGFFFGNVSLCCDVRQLQTLKDNLQLPLQFLSRCPSCFYNLLNLFCELTCSPRQSQFLNVTATEDYVDPVTNQTKTNVKELQYYVGQSFANAMYNACRDVEAPSSNDKALGLLCGKDADACNATNWIEYMFNKDNGQAPFTITPVFSDFPVHGMEPMNNATKGCDESVDEVTAPCSCQDCSIVCGPKPQPPPPPAPWTILGLDAMYVIMWITYMAFLLVFFGAFFAVWCYRKRYFVSEYTPIDSNIAFSVNASDKGEASCCDPVSAAFEGCLRRLFTRWGSFCVRNPGCVIFFSLVFITACSSGLVFVRVTTNPVDLWSAPSSQARLEKEYFDQHFGPFFRTEQLIIRAPLTDKHIYQPSPSGADVPFGPPLDIQILHQVLDLQIAIENITASYDNETVTLQDICLAPLSPYNTNCTILSVLNYFQNSHSVLDHKKGDDFFVYADYHTHFLYCVRAPASLNDTSLLHDPCLGTFGGPVFPWLVLGGYDDQNYNNATALVITFPVNNYYNDTEKLQRAQAWEKEFINFVKNYKNPNLTISFTAERSIEDELNRESDSDVFTVVISYAIMFLYISLALGHMKSCRRLLVDSKVSLGIAGILIVLSSVACSLGVFSYIGLPLTLIVIEVIPFLVLAVGVDNIFILVQAYQRDERLQGETLDQQLGRVLGEVAPSMFLSSFSETVAFFLGALSVMPAVHTFSLFAGLAVFIDFLLQITCFVSLLGLDIKRQEKNRLDIFCCVRGAEDGTSVQASESCLFRFFKNSYSPLLLKDWMRPIVIAIFVGVLSFSIAVLNKVDIGLDQSLSMPDDSYMVDYFKSISQYLHAGPPVYFVLEEGHDYTSSKGQNMVCGGMGCNNDSLVQQIFNAAQLDNYTRIGFAPSSWIDDYFDWVKPQSSCCRVDNITDQFCNASVVDPACVRCRPLTPEGKQRPQGGDFMRFLPMFLSDNPNPKCGKGGHAAYSSAVNILLGHGTRVGATYFMTYHTVLQTSADFIDALKKARLIASNVTETMGINGSAYRVFPYSVFYVFYEQYLTIIDDTIFNLGVSLGAIFLVTMVLLGCELWSAVIMCATIAMVLVNMFGVMWLWGISLNAVSLVNLVMSCGISVEFCSHITRAFTVSMKGSRVERAEEALAHMGSSVFSGITLTKFGGIVVLAFAKSQIFQIFYFRMYLAMVLLGATHGLIFLPVLLSYIGPSVNKAKSCATEERYKGTERERLLNF,-0.0014947404697280842,-0.0013339859032668322,-0.0014143631864974582,Y423S
