fold_variable_name,assay_id,model_name,MSE,Spearman
fold_contiguous_5,A0A1I9GEU1_NEIME_Kennouche_2019,kermut_ProteinMPNN_TranceptEVE_MSAT,2.3379930734634398,0.18045614672439092
fold_contiguous_5,A0A247D711_LISMN_Stadelmann_2021,kermut_ProteinMPNN_TranceptEVE_MSAT,1.353287971019745,0.4528817528303485
fold_contiguous_5,A0A2Z5U3Z0_9INFA_Wu_2014,kermut_ProteinMPNN_TranceptEVE_MSAT,0.9479776501655579,0.43107262482120745
fold_contiguous_5,A4GRB6_PSEAI_Chen_2020,kermut_ProteinMPNN_TranceptEVE_MSAT,1.6430490255355834,0.7313386015287705
fold_contiguous_5,AACC1_PSEAI_Dandage_2018,kermut_ProteinMPNN_TranceptEVE_MSAT,2.6383845090866087,0.5012294118677836
fold_contiguous_5,AICDA_HUMAN_Gajula_2014_3cycles,kermut_ProteinMPNN_TranceptEVE_MSAT,3.6957665920257567,0.33678329039951566
fold_contiguous_5,AMFR_HUMAN_Rocklin_2023_4G3O,kermut_ProteinMPNN_TranceptEVE_MSAT,0.3605076730251312,0.7562972412838914
fold_contiguous_5,ARGR_ECOLI_Rocklin_2023_1AOY,kermut_ProteinMPNN_TranceptEVE_MSAT,0.45479490160942077,0.6832648390796947
fold_contiguous_5,B2L11_HUMAN_Dutta_2010_binding-Mcl-1,kermut_ProteinMPNN_TranceptEVE_MSAT,535887461797068.8,-0.1523300229182582
fold_contiguous_5,BBC1_YEAST_Rocklin_2023_1TG0,kermut_ProteinMPNN_TranceptEVE_MSAT,0.674141013622284,0.6977576121930059
fold_contiguous_5,BCHB_CHLTE_Rocklin_2023_2KRU,kermut_ProteinMPNN_TranceptEVE_MSAT,1.064547097682953,0.6008689966397197
fold_contiguous_5,BLAT_ECOLX_Deng_2012,kermut_ProteinMPNN_TranceptEVE_MSAT,1.6522924423217773,0.5450757812364004
fold_contiguous_5,BLAT_ECOLX_Firnberg_2014,kermut_ProteinMPNN_TranceptEVE_MSAT,0.08433549255132672,0.7919032235449265
fold_contiguous_5,BLAT_ECOLX_Jacquier_2013,kermut_ProteinMPNN_TranceptEVE_MSAT,1.5452335476875305,0.7433006035478394
fold_contiguous_5,BLAT_ECOLX_Stiffler_2015,kermut_ProteinMPNN_TranceptEVE_MSAT,0.46769592761993406,0.8094249551201621
fold_contiguous_5,CALM1_HUMAN_Weile_2017,kermut_ProteinMPNN_TranceptEVE_MSAT,0.12034774720668788,0.31282197952905094
fold_contiguous_5,CASP3_HUMAN_Roychowdhury_2020,kermut_ProteinMPNN_TranceptEVE_MSAT,0.2777488619089126,0.6332408618299346
fold_contiguous_5,CASP7_HUMAN_Roychowdhury_2020,kermut_ProteinMPNN_TranceptEVE_MSAT,0.40748412609100343,0.6253598796057791
fold_contiguous_5,CATR_CHLRE_Rocklin_2023_2AMI,kermut_ProteinMPNN_TranceptEVE_MSAT,0.26443763077259064,0.7380911050659587
fold_contiguous_5,CBPA2_HUMAN_Rocklin_2023_1O6X,kermut_ProteinMPNN_TranceptEVE_MSAT,0.5158886432647705,0.6019892796673477
fold_contiguous_5,CBX4_HUMAN_Rocklin_2023_2K28,kermut_ProteinMPNN_TranceptEVE_MSAT,0.37959829568862913,0.7522554383627836
fold_contiguous_5,CCDB_ECOLI_Adkar_2012,kermut_ProteinMPNN_TranceptEVE_MSAT,596.2661315917969,0.23543376372076716
fold_contiguous_5,CCDB_ECOLI_Tripathi_2016,kermut_ProteinMPNN_TranceptEVE_MSAT,2.0900724649429323,0.5322377059687067
fold_contiguous_5,CSN4_MOUSE_Rocklin_2023_1UFM,kermut_ProteinMPNN_TranceptEVE_MSAT,0.4302137315273285,0.7115242270658386
fold_contiguous_5,CUE1_YEAST_Rocklin_2023_2MYX,kermut_ProteinMPNN_TranceptEVE_MSAT,0.45107723474502565,0.7403172028713023
fold_contiguous_5,DN7A_SACS2_Rocklin_2023_1JIC,kermut_ProteinMPNN_TranceptEVE_MSAT,0.5183024108409882,0.6067880622519507
fold_contiguous_5,DNJA1_HUMAN_Rocklin_2023_2LO1,kermut_ProteinMPNN_TranceptEVE_MSAT,0.6134126484394073,0.6692038764538765
fold_contiguous_5,DOCK1_MOUSE_Rocklin_2023_2M0Y,kermut_ProteinMPNN_TranceptEVE_MSAT,0.6009661793708801,0.5887508350254862
fold_contiguous_5,DYR_ECOLI_Nguyen_2023,kermut_ProteinMPNN_TranceptEVE_MSAT,0.054996967315673786,0.4411067007093948
fold_contiguous_5,DYR_ECOLI_Thompson_2019,kermut_ProteinMPNN_TranceptEVE_MSAT,0.4286239445209503,0.4771395183372726
fold_contiguous_5,ENVZ_ECOLI_Ghose_2023,kermut_ProteinMPNN_TranceptEVE_MSAT,1.2116193771362305,0.1799496068029316
fold_contiguous_5,EPHB2_HUMAN_Rocklin_2023_1F0M,kermut_ProteinMPNN_TranceptEVE_MSAT,0.42674553096294404,0.7628374745765362
fold_contiguous_5,ESTA_BACSU_Nutschel_2020,kermut_ProteinMPNN_TranceptEVE_MSAT,4.6799060821533205,0.5306977136751253
fold_contiguous_5,FECA_ECOLI_Rocklin_2023_2D1U,kermut_ProteinMPNN_TranceptEVE_MSAT,0.46514698266983034,0.658152463443783
fold_contiguous_5,FKBP3_HUMAN_Rocklin_2023_2KFV,kermut_ProteinMPNN_TranceptEVE_MSAT,0.32953714132308953,0.6729431326091506
fold_contiguous_5,GCN4_YEAST_Staller_2018,kermut_ProteinMPNN_TranceptEVE_MSAT,0.0690325389616191,0.6679653679653679
fold_contiguous_5,GLPA_HUMAN_Elazar_2016,kermut_ProteinMPNN_TranceptEVE_MSAT,1.2846188426017762,0.5490957433174223
fold_contiguous_5,HCP_LAMBD_Rocklin_2023_2L6Q,kermut_ProteinMPNN_TranceptEVE_MSAT,0.3223719835281372,0.6846013508238297
fold_contiguous_5,HECD1_HUMAN_Rocklin_2023_3DKM,kermut_ProteinMPNN_TranceptEVE_MSAT,0.40996565818786623,0.760947055034487
fold_contiguous_5,HEM3_HUMAN_Loggerenberg_2023,kermut_ProteinMPNN_TranceptEVE_MSAT,0.14812907278537749,0.4714259701697955
fold_contiguous_5,IF1_ECOLI_Kelsic_2016,kermut_ProteinMPNN_TranceptEVE_MSAT,0.05335210934281346,0.40686907870413186
fold_contiguous_5,ILF3_HUMAN_Rocklin_2023_2L33,kermut_ProteinMPNN_TranceptEVE_MSAT,0.2665907561779022,0.6541564160110426
fold_contiguous_5,ISDH_STAAW_Rocklin_2023_2LHR,kermut_ProteinMPNN_TranceptEVE_MSAT,0.33787479996681213,0.6233029876381467
fold_contiguous_5,KCNE1_HUMAN_Muhammad_2023_expression,kermut_ProteinMPNN_TranceptEVE_MSAT,0.1302107378840446,0.347715416658707
fold_contiguous_5,KCNE1_HUMAN_Muhammad_2023_function,kermut_ProteinMPNN_TranceptEVE_MSAT,0.08925751149654385,0.6339068161362637
fold_contiguous_5,KCNH2_HUMAN_Kozek_2020,kermut_ProteinMPNN_TranceptEVE_MSAT,1314.0451293945312,0.4120253493008911
fold_contiguous_5,KKA2_KLEPN_Melnikov_2014,kermut_ProteinMPNN_TranceptEVE_MSAT,0.5429946660995484,0.6691135575785108
fold_contiguous_5,LYAM1_HUMAN_Elazar_2016,kermut_ProteinMPNN_TranceptEVE_MSAT,3.0539267539978026,0.49869613504656674
fold_contiguous_5,MAFG_MOUSE_Rocklin_2023_1K1V,kermut_ProteinMPNN_TranceptEVE_MSAT,0.2892324239015579,0.6307664666465911
fold_contiguous_5,MBD11_ARATH_Rocklin_2023_6ACV,kermut_ProteinMPNN_TranceptEVE_MSAT,0.4916417419910431,0.7082629562741987
fold_contiguous_5,MET_HUMAN_Estevam_2023,kermut_ProteinMPNN_TranceptEVE_MSAT,5.599223995208741,0.5688957540985712
fold_contiguous_5,MLAC_ECOLI_MacRae_2023,kermut_ProteinMPNN_TranceptEVE_MSAT,0.07335205897688861,0.5464919063610314
fold_contiguous_5,MTH3_HAEAE_RockahShmuel_2015,kermut_ProteinMPNN_TranceptEVE_MSAT,0.061374370008707005,0.7400982399448235
fold_contiguous_5,MYO3_YEAST_Rocklin_2023_2BTT,kermut_ProteinMPNN_TranceptEVE_MSAT,0.7230993151664734,0.576486922263822
fold_contiguous_5,NKX31_HUMAN_Rocklin_2023_2L9R,kermut_ProteinMPNN_TranceptEVE_MSAT,0.09218024164438246,0.7278558280439157
fold_contiguous_5,NPC1_HUMAN_Erwood_2022_RPE1,kermut_ProteinMPNN_TranceptEVE_MSAT,0.1737358272075653,0.5162313898691607
fold_contiguous_5,NUD15_HUMAN_Suiter_2020,kermut_ProteinMPNN_TranceptEVE_MSAT,0.07272100448608394,0.6562220646006206
fold_contiguous_5,NUSA_ECOLI_Rocklin_2023_1WCL,kermut_ProteinMPNN_TranceptEVE_MSAT,0.4147342324256897,0.6987842096190013
fold_contiguous_5,NUSG_MYCTU_Rocklin_2023_2MI6,kermut_ProteinMPNN_TranceptEVE_MSAT,0.8085883498191834,0.6835804583351719
fold_contiguous_5,OBSCN_HUMAN_Rocklin_2023_1V1C,kermut_ProteinMPNN_TranceptEVE_MSAT,0.5025706350803375,0.6872084747622117
fold_contiguous_5,ODP2_GEOSE_Rocklin_2023_1W4G,kermut_ProteinMPNN_TranceptEVE_MSAT,0.39771385192871095,0.657485551099302
fold_contiguous_5,OPSD_HUMAN_Wan_2019,kermut_ProteinMPNN_TranceptEVE_MSAT,1.5243651747703553,0.5583151142981553
fold_contiguous_5,OTU7A_HUMAN_Rocklin_2023_2L2D,kermut_ProteinMPNN_TranceptEVE_MSAT,0.5364239335060119,0.568555822045686
fold_contiguous_5,P53_HUMAN_Kotler_2018,kermut_ProteinMPNN_TranceptEVE_MSAT,0.8909874320030212,0.6310288040305798
fold_contiguous_5,P84126_THETH_Chan_2017,kermut_ProteinMPNN_TranceptEVE_MSAT,0.23159809410572046,0.6226420394289415
fold_contiguous_5,PAI1_HUMAN_Huttinger_2021,kermut_ProteinMPNN_TranceptEVE_MSAT,1.0310378670692444,0.5212719682660815
fold_contiguous_5,PA_I34A1_Wu_2015,kermut_ProteinMPNN_TranceptEVE_MSAT,0.23194462060928345,0.39466241271875047
fold_contiguous_5,PIN1_HUMAN_Rocklin_2023_1I6C,kermut_ProteinMPNN_TranceptEVE_MSAT,0.22799760699272156,0.7381194076320208
fold_contiguous_5,PITX2_HUMAN_Rocklin_2023_2L7M,kermut_ProteinMPNN_TranceptEVE_MSAT,0.46397497057914733,0.7124911206666561
fold_contiguous_5,PKN1_HUMAN_Rocklin_2023_1URF,kermut_ProteinMPNN_TranceptEVE_MSAT,0.2580359846353531,0.5948722268354389
fold_contiguous_5,POLG_PESV_Rocklin_2023_2MXD,kermut_ProteinMPNN_TranceptEVE_MSAT,0.6064082264900208,0.6030198685869598
fold_contiguous_5,PR40A_HUMAN_Rocklin_2023_1UZC,kermut_ProteinMPNN_TranceptEVE_MSAT,0.2309236377477646,0.7229708333801083
fold_contiguous_5,PSAE_SYNP2_Rocklin_2023_1PSE,kermut_ProteinMPNN_TranceptEVE_MSAT,0.36081530451774596,0.43511433846396164
fold_contiguous_5,PTEN_HUMAN_Matreyek_2021,kermut_ProteinMPNN_TranceptEVE_MSAT,0.06911417767405503,0.5336472427876655
fold_contiguous_5,Q53Z42_HUMAN_McShan_2019_binding-TAPBPR,kermut_ProteinMPNN_TranceptEVE_MSAT,0.9753565311431884,0.4145024581907782
fold_contiguous_5,Q53Z42_HUMAN_McShan_2019_expression,kermut_ProteinMPNN_TranceptEVE_MSAT,2.101116394996643,0.6339758823549222
fold_contiguous_5,RAD_ANTMA_Rocklin_2023_2CJJ,kermut_ProteinMPNN_TranceptEVE_MSAT,0.27420161962509154,0.5862741328165904
fold_contiguous_5,RAF1_HUMAN_Zinkus-Boltz_2019,kermut_ProteinMPNN_TranceptEVE_MSAT,0.04963609725236888,0.4260227167915354
fold_contiguous_5,RASH_HUMAN_Bandaru_2017,kermut_ProteinMPNN_TranceptEVE_MSAT,0.06680861487984655,0.5179969948246764
fold_contiguous_5,RBP1_HUMAN_Rocklin_2023_2KWH,kermut_ProteinMPNN_TranceptEVE_MSAT,0.21877192407846446,0.7225356075807797
fold_contiguous_5,RCD1_ARATH_Rocklin_2023_5OAO,kermut_ProteinMPNN_TranceptEVE_MSAT,0.1757651537656784,0.6810289180421303
fold_contiguous_5,RCRO_LAMBD_Rocklin_2023_1ORC,kermut_ProteinMPNN_TranceptEVE_MSAT,0.8589340448379517,0.5166421252952674
fold_contiguous_5,RD23A_HUMAN_Rocklin_2023_1IFY,kermut_ProteinMPNN_TranceptEVE_MSAT,0.27118134200572963,0.7989995305266816
fold_contiguous_5,REV_HV1H2_Fernandes_2016,kermut_ProteinMPNN_TranceptEVE_MSAT,0.04156903550028794,0.23883848451857043
fold_contiguous_5,RFAH_ECOLI_Rocklin_2023_2LCL,kermut_ProteinMPNN_TranceptEVE_MSAT,0.24295219480991365,0.6511877855713293
fold_contiguous_5,RL20_AQUAE_Rocklin_2023_1GYZ,kermut_ProteinMPNN_TranceptEVE_MSAT,0.35278995633125304,0.39490631499015316
fold_contiguous_5,RL40A_YEAST_Mavor_2016,kermut_ProteinMPNN_TranceptEVE_MSAT,0.030408072471618596,0.3950104423827129
fold_contiguous_5,RL40A_YEAST_Roscoe_2013,kermut_ProteinMPNN_TranceptEVE_MSAT,0.09801171571016308,0.4179688928025211
fold_contiguous_5,RL40A_YEAST_Roscoe_2014,kermut_ProteinMPNN_TranceptEVE_MSAT,0.13125294297933576,0.5411956849275734
fold_contiguous_5,RNC_ECOLI_Weeks_2023,kermut_ProteinMPNN_TranceptEVE_MSAT,0.21296787112951274,0.5938354760434617
fold_contiguous_5,RPC1_BP434_Rocklin_2023_1R69,kermut_ProteinMPNN_TranceptEVE_MSAT,0.49262088537216187,0.7782347643346036
fold_contiguous_5,RPC1_LAMBD_Li_2019_high-expression,kermut_ProteinMPNN_TranceptEVE_MSAT,3.889813470840454,0.4510340365391851
fold_contiguous_5,RPC1_LAMBD_Li_2019_low-expression,kermut_ProteinMPNN_TranceptEVE_MSAT,1.37725772857666,0.5704470493286792
fold_contiguous_5,RS15_GEOSE_Rocklin_2023_1A32,kermut_ProteinMPNN_TranceptEVE_MSAT,0.1779248774051666,0.6980260982490559
fold_contiguous_5,SAV1_MOUSE_Rocklin_2023_2YSB,kermut_ProteinMPNN_TranceptEVE_MSAT,0.4836184918880463,0.5209676105778793
fold_contiguous_5,SBI_STAAM_Rocklin_2023_2JVG,kermut_ProteinMPNN_TranceptEVE_MSAT,0.20418813526630403,0.7567365808697314
fold_contiguous_5,SCIN_STAAR_Rocklin_2023_2QFF,kermut_ProteinMPNN_TranceptEVE_MSAT,0.3913586854934692,0.6714961188285036
fold_contiguous_5,SCN5A_HUMAN_Glazer_2019,kermut_ProteinMPNN_TranceptEVE_MSAT,1893.2544189453124,-0.03266714955439061
fold_contiguous_5,SDA_BACSU_Rocklin_2023_1PV0,kermut_ProteinMPNN_TranceptEVE_MSAT,0.4619594216346741,0.7044654543623403
fold_contiguous_5,SERC_HUMAN_Xie_2023,kermut_ProteinMPNN_TranceptEVE_MSAT,0.055185192078351916,0.5187057671177754
fold_contiguous_5,SOX30_HUMAN_Rocklin_2023_7JJK,kermut_ProteinMPNN_TranceptEVE_MSAT,0.423365581035614,0.5918942163502099
fold_contiguous_5,SPA_STAAU_Rocklin_2023_1LP1,kermut_ProteinMPNN_TranceptEVE_MSAT,0.2774868875741958,0.6554204684511351
fold_contiguous_5,SPG2_STRSG_Rocklin_2023_5UBS,kermut_ProteinMPNN_TranceptEVE_MSAT,0.7152858018875122,0.5995417018482471
fold_contiguous_5,SPTN1_CHICK_Rocklin_2023_1TUD,kermut_ProteinMPNN_TranceptEVE_MSAT,0.8780068516731262,0.6790560875677457
fold_contiguous_5,SQSTM_MOUSE_Rocklin_2023_2RRU,kermut_ProteinMPNN_TranceptEVE_MSAT,0.18939446508884425,0.7855806280207589
fold_contiguous_5,SR43C_ARATH_Rocklin_2023_2N88,kermut_ProteinMPNN_TranceptEVE_MSAT,0.45152175426483154,0.6764894976236855
fold_contiguous_5,SRBS1_HUMAN_Rocklin_2023_2O2W,kermut_ProteinMPNN_TranceptEVE_MSAT,0.7052291631698608,0.731165880769933
fold_contiguous_5,SUMO1_HUMAN_Weile_2017,kermut_ProteinMPNN_TranceptEVE_MSAT,0.09798417538404461,0.4625911478282321
fold_contiguous_5,SYUA_HUMAN_Newberry_2020,kermut_ProteinMPNN_TranceptEVE_MSAT,0.011538530886173199,0.484276461996153
fold_contiguous_5,TAT_HV1BR_Fernandes_2016,kermut_ProteinMPNN_TranceptEVE_MSAT,0.03363480791449542,0.27026724432778876
fold_contiguous_5,TCRG1_MOUSE_Rocklin_2023_1E0L,kermut_ProteinMPNN_TranceptEVE_MSAT,0.35209742188453674,0.633935944744047
fold_contiguous_5,TNKS2_HUMAN_Rocklin_2023_5JRT,kermut_ProteinMPNN_TranceptEVE_MSAT,0.36519219875335696,0.697270885633115
fold_contiguous_5,TPK1_HUMAN_Weile_2017,kermut_ProteinMPNN_TranceptEVE_MSAT,0.25867986977100366,0.35935863833766407
fold_contiguous_5,TPMT_HUMAN_Matreyek_2018,kermut_ProteinMPNN_TranceptEVE_MSAT,0.07927984446287151,0.5318959112968908
fold_contiguous_5,TRPC_SACS2_Chan_2017,kermut_ProteinMPNN_TranceptEVE_MSAT,0.21582427024841305,0.6202906164542268
fold_contiguous_5,TRPC_THEMA_Chan_2017,kermut_ProteinMPNN_TranceptEVE_MSAT,0.3694558382034302,0.29011595699595205
fold_contiguous_5,UBC9_HUMAN_Weile_2017,kermut_ProteinMPNN_TranceptEVE_MSAT,0.20951569676399226,0.504309067485375
fold_contiguous_5,UBE4B_HUMAN_Rocklin_2023_3L1X,kermut_ProteinMPNN_TranceptEVE_MSAT,0.6699138164520264,0.6185248936876037
fold_contiguous_5,UBR5_HUMAN_Rocklin_2023_1I2T,kermut_ProteinMPNN_TranceptEVE_MSAT,0.2855044364929199,0.662742536604364
fold_contiguous_5,VG08_BPP22_Rocklin_2023_2GP8,kermut_ProteinMPNN_TranceptEVE_MSAT,0.12918711155652993,0.6719344037289879
fold_contiguous_5,VILI_CHICK_Rocklin_2023_1YU5,kermut_ProteinMPNN_TranceptEVE_MSAT,0.42189274430274964,0.6606102354757213
fold_contiguous_5,VKOR1_HUMAN_Chiasson_2020_abundance,kermut_ProteinMPNN_TranceptEVE_MSAT,0.0794723108410835,0.5922408556635892
fold_contiguous_5,VKOR1_HUMAN_Chiasson_2020_activity,kermut_ProteinMPNN_TranceptEVE_MSAT,0.16722963750362393,0.4014604447324098
fold_contiguous_5,YAIA_ECOLI_Rocklin_2023_2KVT,kermut_ProteinMPNN_TranceptEVE_MSAT,0.867241644859314,0.6021104780283596
fold_contiguous_5,YNZC_BACSU_Rocklin_2023_2JVD,kermut_ProteinMPNN_TranceptEVE_MSAT,0.4948683351278305,0.5573253514996475
fold_modulo_5,A0A1I9GEU1_NEIME_Kennouche_2019,kermut_ProteinMPNN_TranceptEVE_MSAT,2.3528912544250487,0.15831877608024253
fold_modulo_5,A0A247D711_LISMN_Stadelmann_2021,kermut_ProteinMPNN_TranceptEVE_MSAT,1.1370802998542786,0.5545103846901288
fold_modulo_5,A0A2Z5U3Z0_9INFA_Wu_2014,kermut_ProteinMPNN_TranceptEVE_MSAT,0.9347325623035431,0.4626686231982463
fold_modulo_5,A4GRB6_PSEAI_Chen_2020,kermut_ProteinMPNN_TranceptEVE_MSAT,1.4862098932266234,0.800590578958072
fold_modulo_5,AACC1_PSEAI_Dandage_2018,kermut_ProteinMPNN_TranceptEVE_MSAT,2.5683469772338867,0.5400806539724445
fold_modulo_5,AICDA_HUMAN_Gajula_2014_3cycles,kermut_ProteinMPNN_TranceptEVE_MSAT,3.6902793884277343,0.3494917445236186
fold_modulo_5,AMFR_HUMAN_Rocklin_2023_4G3O,kermut_ProteinMPNN_TranceptEVE_MSAT,0.3078135073184967,0.8044221850063531
fold_modulo_5,ARGR_ECOLI_Rocklin_2023_1AOY,kermut_ProteinMPNN_TranceptEVE_MSAT,0.3624195456504821,0.7485404504720926
fold_modulo_5,B2L11_HUMAN_Dutta_2010_binding-Mcl-1,kermut_ProteinMPNN_TranceptEVE_MSAT,568922028271206.4,0.315894419306184
fold_modulo_5,BBC1_YEAST_Rocklin_2023_1TG0,kermut_ProteinMPNN_TranceptEVE_MSAT,0.6308242082595825,0.717018040389742
fold_modulo_5,BCHB_CHLTE_Rocklin_2023_2KRU,kermut_ProteinMPNN_TranceptEVE_MSAT,0.8965506911277771,0.6447335748121956
fold_modulo_5,BLAT_ECOLX_Deng_2012,kermut_ProteinMPNN_TranceptEVE_MSAT,1.558141541481018,0.567368606124002
fold_modulo_5,BLAT_ECOLX_Firnberg_2014,kermut_ProteinMPNN_TranceptEVE_MSAT,0.08116701617836945,0.7999964069129509
fold_modulo_5,BLAT_ECOLX_Jacquier_2013,kermut_ProteinMPNN_TranceptEVE_MSAT,1.454274845123291,0.7427231994167788
fold_modulo_5,BLAT_ECOLX_Stiffler_2015,kermut_ProteinMPNN_TranceptEVE_MSAT,0.4317257523536682,0.823254294728509
fold_modulo_5,CALM1_HUMAN_Weile_2017,kermut_ProteinMPNN_TranceptEVE_MSAT,0.12049173563718792,0.287848795566155
fold_modulo_5,CASP3_HUMAN_Roychowdhury_2020,kermut_ProteinMPNN_TranceptEVE_MSAT,0.2713004857301712,0.6362648044422591
fold_modulo_5,CASP7_HUMAN_Roychowdhury_2020,kermut_ProteinMPNN_TranceptEVE_MSAT,0.3793422222137451,0.6695426054508622
fold_modulo_5,CATR_CHLRE_Rocklin_2023_2AMI,kermut_ProteinMPNN_TranceptEVE_MSAT,0.2605838298797607,0.7578008148427975
fold_modulo_5,CBPA2_HUMAN_Rocklin_2023_1O6X,kermut_ProteinMPNN_TranceptEVE_MSAT,0.48373425006866455,0.6849548652710544
fold_modulo_5,CBX4_HUMAN_Rocklin_2023_2K28,kermut_ProteinMPNN_TranceptEVE_MSAT,0.3761829733848572,0.7447063223627952
fold_modulo_5,CCDB_ECOLI_Adkar_2012,kermut_ProteinMPNN_TranceptEVE_MSAT,538.6271545410157,0.1779965314530118
fold_modulo_5,CCDB_ECOLI_Tripathi_2016,kermut_ProteinMPNN_TranceptEVE_MSAT,1.9066600561141969,0.5704427469251396
fold_modulo_5,CSN4_MOUSE_Rocklin_2023_1UFM,kermut_ProteinMPNN_TranceptEVE_MSAT,0.3833743393421173,0.7501022903166381
fold_modulo_5,CUE1_YEAST_Rocklin_2023_2MYX,kermut_ProteinMPNN_TranceptEVE_MSAT,0.47932338118553164,0.7537673746737676
fold_modulo_5,DN7A_SACS2_Rocklin_2023_1JIC,kermut_ProteinMPNN_TranceptEVE_MSAT,0.5722371637821198,0.697537621319073
fold_modulo_5,DNJA1_HUMAN_Rocklin_2023_2LO1,kermut_ProteinMPNN_TranceptEVE_MSAT,0.5382283687591553,0.709952876666571
fold_modulo_5,DOCK1_MOUSE_Rocklin_2023_2M0Y,kermut_ProteinMPNN_TranceptEVE_MSAT,0.537855738401413,0.6929627195799524
fold_modulo_5,DYR_ECOLI_Nguyen_2023,kermut_ProteinMPNN_TranceptEVE_MSAT,0.0494857527315616,0.4844095570244332
fold_modulo_5,DYR_ECOLI_Thompson_2019,kermut_ProteinMPNN_TranceptEVE_MSAT,0.3712162792682647,0.5336948344136743
fold_modulo_5,ENVZ_ECOLI_Ghose_2023,kermut_ProteinMPNN_TranceptEVE_MSAT,1.1582865715026855,0.16021105039236183
fold_modulo_5,EPHB2_HUMAN_Rocklin_2023_1F0M,kermut_ProteinMPNN_TranceptEVE_MSAT,0.406956148147583,0.7882340180525265
fold_modulo_5,ESTA_BACSU_Nutschel_2020,kermut_ProteinMPNN_TranceptEVE_MSAT,4.296702337265015,0.5487184385244166
fold_modulo_5,FECA_ECOLI_Rocklin_2023_2D1U,kermut_ProteinMPNN_TranceptEVE_MSAT,0.4183603286743164,0.7197074991502973
fold_modulo_5,FKBP3_HUMAN_Rocklin_2023_2KFV,kermut_ProteinMPNN_TranceptEVE_MSAT,0.3602861225605011,0.6345022898665971
fold_modulo_5,GCN4_YEAST_Staller_2018,kermut_ProteinMPNN_TranceptEVE_MSAT,0.06663453392684454,0.4888744588744589
fold_modulo_5,GLPA_HUMAN_Elazar_2016,kermut_ProteinMPNN_TranceptEVE_MSAT,1.2302374958992004,0.6257754158643064
fold_modulo_5,HCP_LAMBD_Rocklin_2023_2L6Q,kermut_ProteinMPNN_TranceptEVE_MSAT,0.268693408370018,0.7541650243959679
fold_modulo_5,HECD1_HUMAN_Rocklin_2023_3DKM,kermut_ProteinMPNN_TranceptEVE_MSAT,0.44308571219444276,0.7773645183358522
fold_modulo_5,HEM3_HUMAN_Loggerenberg_2023,kermut_ProteinMPNN_TranceptEVE_MSAT,0.14408394694328303,0.49208087737807105
fold_modulo_5,IF1_ECOLI_Kelsic_2016,kermut_ProteinMPNN_TranceptEVE_MSAT,0.04968789964914318,0.4397391108039475
fold_modulo_5,ILF3_HUMAN_Rocklin_2023_2L33,kermut_ProteinMPNN_TranceptEVE_MSAT,0.18678949475288387,0.6744619419062351
fold_modulo_5,ISDH_STAAW_Rocklin_2023_2LHR,kermut_ProteinMPNN_TranceptEVE_MSAT,0.32993225455284114,0.6333427974295704
fold_modulo_5,KCNE1_HUMAN_Muhammad_2023_expression,kermut_ProteinMPNN_TranceptEVE_MSAT,0.136689293384552,0.3694444832519518
fold_modulo_5,KCNE1_HUMAN_Muhammad_2023_function,kermut_ProteinMPNN_TranceptEVE_MSAT,0.0860450446605682,0.6373790944699476
fold_modulo_5,KCNH2_HUMAN_Kozek_2020,kermut_ProteinMPNN_TranceptEVE_MSAT,1263.0196655273437,0.3169694583994484
fold_modulo_5,KKA2_KLEPN_Melnikov_2014,kermut_ProteinMPNN_TranceptEVE_MSAT,0.5107824444770813,0.7126819488813423
fold_modulo_5,LYAM1_HUMAN_Elazar_2016,kermut_ProteinMPNN_TranceptEVE_MSAT,2.5797048091888426,0.5561913412448624
fold_modulo_5,MAFG_MOUSE_Rocklin_2023_1K1V,kermut_ProteinMPNN_TranceptEVE_MSAT,0.28280263841152187,0.6195315715133419
fold_modulo_5,MBD11_ARATH_Rocklin_2023_6ACV,kermut_ProteinMPNN_TranceptEVE_MSAT,0.5234959363937378,0.6943008841027268
fold_modulo_5,MET_HUMAN_Estevam_2023,kermut_ProteinMPNN_TranceptEVE_MSAT,5.3472696304321286,0.5818386423749495
fold_modulo_5,MLAC_ECOLI_MacRae_2023,kermut_ProteinMPNN_TranceptEVE_MSAT,0.07017792165279382,0.5398284981499805
fold_modulo_5,MTH3_HAEAE_RockahShmuel_2015,kermut_ProteinMPNN_TranceptEVE_MSAT,0.05758065208792682,0.7658761558160547
fold_modulo_5,MYO3_YEAST_Rocklin_2023_2BTT,kermut_ProteinMPNN_TranceptEVE_MSAT,0.6926989436149598,0.623909530591034
fold_modulo_5,NKX31_HUMAN_Rocklin_2023_2L9R,kermut_ProteinMPNN_TranceptEVE_MSAT,0.08842162936925883,0.7707510318861298
fold_modulo_5,NPC1_HUMAN_Erwood_2022_RPE1,kermut_ProteinMPNN_TranceptEVE_MSAT,0.10793227106332774,0.4034665334665335
fold_modulo_5,NUD15_HUMAN_Suiter_2020,kermut_ProteinMPNN_TranceptEVE_MSAT,0.0650026105344295,0.7207291823605632
fold_modulo_5,NUSA_ECOLI_Rocklin_2023_1WCL,kermut_ProteinMPNN_TranceptEVE_MSAT,0.35658740997314453,0.789475599005935
fold_modulo_5,NUSG_MYCTU_Rocklin_2023_2MI6,kermut_ProteinMPNN_TranceptEVE_MSAT,0.7211504220962525,0.7616436940841449
fold_modulo_5,OBSCN_HUMAN_Rocklin_2023_1V1C,kermut_ProteinMPNN_TranceptEVE_MSAT,0.5219235837459564,0.7440038782890834
fold_modulo_5,ODP2_GEOSE_Rocklin_2023_1W4G,kermut_ProteinMPNN_TranceptEVE_MSAT,0.3210059642791748,0.7232003127524071
fold_modulo_5,OPSD_HUMAN_Wan_2019,kermut_ProteinMPNN_TranceptEVE_MSAT,1.1875476241111755,0.6425080923576214
fold_modulo_5,OTU7A_HUMAN_Rocklin_2023_2L2D,kermut_ProteinMPNN_TranceptEVE_MSAT,0.5966777265071869,0.4988584490480818
fold_modulo_5,P53_HUMAN_Kotler_2018,kermut_ProteinMPNN_TranceptEVE_MSAT,0.7902895212173462,0.6615648728580912
fold_modulo_5,P84126_THETH_Chan_2017,kermut_ProteinMPNN_TranceptEVE_MSAT,0.20509110689163207,0.6400029311194628
fold_modulo_5,PAI1_HUMAN_Huttinger_2021,kermut_ProteinMPNN_TranceptEVE_MSAT,0.8736505150794983,0.58634350123228
fold_modulo_5,PA_I34A1_Wu_2015,kermut_ProteinMPNN_TranceptEVE_MSAT,0.22825694978237152,0.4179194098108705
fold_modulo_5,PIN1_HUMAN_Rocklin_2023_1I6C,kermut_ProteinMPNN_TranceptEVE_MSAT,0.21421551108360287,0.8153857705393259
fold_modulo_5,PITX2_HUMAN_Rocklin_2023_2L7M,kermut_ProteinMPNN_TranceptEVE_MSAT,0.4148849546909332,0.7298733276662955
fold_modulo_5,PKN1_HUMAN_Rocklin_2023_1URF,kermut_ProteinMPNN_TranceptEVE_MSAT,0.22266635596752163,0.6373596033163414
fold_modulo_5,POLG_PESV_Rocklin_2023_2MXD,kermut_ProteinMPNN_TranceptEVE_MSAT,0.5471801042556763,0.6696749360766757
fold_modulo_5,PR40A_HUMAN_Rocklin_2023_1UZC,kermut_ProteinMPNN_TranceptEVE_MSAT,0.21947147250175472,0.7774432364709662
fold_modulo_5,PSAE_SYNP2_Rocklin_2023_1PSE,kermut_ProteinMPNN_TranceptEVE_MSAT,0.33616496622562403,0.5021216759933924
fold_modulo_5,PTEN_HUMAN_Matreyek_2021,kermut_ProteinMPNN_TranceptEVE_MSAT,0.06300813481211658,0.5782024455568769
fold_modulo_5,Q53Z42_HUMAN_McShan_2019_binding-TAPBPR,kermut_ProteinMPNN_TranceptEVE_MSAT,0.8736202001571656,0.46021101116266444
fold_modulo_5,Q53Z42_HUMAN_McShan_2019_expression,kermut_ProteinMPNN_TranceptEVE_MSAT,2.075182390213013,0.642871654122815
fold_modulo_5,RAD_ANTMA_Rocklin_2023_2CJJ,kermut_ProteinMPNN_TranceptEVE_MSAT,0.25418168604373925,0.7064478121935222
fold_modulo_5,RAF1_HUMAN_Zinkus-Boltz_2019,kermut_ProteinMPNN_TranceptEVE_MSAT,0.04546970203518862,0.4537253984335969
fold_modulo_5,RASH_HUMAN_Bandaru_2017,kermut_ProteinMPNN_TranceptEVE_MSAT,0.0662159621715545,0.5403221176053401
fold_modulo_5,RBP1_HUMAN_Rocklin_2023_2KWH,kermut_ProteinMPNN_TranceptEVE_MSAT,0.18289417326450344,0.7573922280914086
fold_modulo_5,RCD1_ARATH_Rocklin_2023_5OAO,kermut_ProteinMPNN_TranceptEVE_MSAT,0.1938165009021759,0.7173644643847579
fold_modulo_5,RCRO_LAMBD_Rocklin_2023_1ORC,kermut_ProteinMPNN_TranceptEVE_MSAT,0.7580707430839538,0.5831528547445232
fold_modulo_5,RD23A_HUMAN_Rocklin_2023_1IFY,kermut_ProteinMPNN_TranceptEVE_MSAT,0.26166910529136655,0.819962976576053
fold_modulo_5,REV_HV1H2_Fernandes_2016,kermut_ProteinMPNN_TranceptEVE_MSAT,0.04042329713702198,0.3599577620286102
fold_modulo_5,RFAH_ECOLI_Rocklin_2023_2LCL,kermut_ProteinMPNN_TranceptEVE_MSAT,0.23595384061336513,0.711636034368698
fold_modulo_5,RL20_AQUAE_Rocklin_2023_1GYZ,kermut_ProteinMPNN_TranceptEVE_MSAT,0.30439378023147584,0.4936331390243448
fold_modulo_5,RL40A_YEAST_Mavor_2016,kermut_ProteinMPNN_TranceptEVE_MSAT,0.026173209398984883,0.5133790203596776
fold_modulo_5,RL40A_YEAST_Roscoe_2013,kermut_ProteinMPNN_TranceptEVE_MSAT,0.08484490811824794,0.5252162136713445
fold_modulo_5,RL40A_YEAST_Roscoe_2014,kermut_ProteinMPNN_TranceptEVE_MSAT,0.12830584049224852,0.5567469738292161
fold_modulo_5,RNC_ECOLI_Weeks_2023,kermut_ProteinMPNN_TranceptEVE_MSAT,0.1966611862182617,0.6176193023450349
fold_modulo_5,RPC1_BP434_Rocklin_2023_1R69,kermut_ProteinMPNN_TranceptEVE_MSAT,0.462423574924469,0.7940109591501214
fold_modulo_5,RPC1_LAMBD_Li_2019_high-expression,kermut_ProteinMPNN_TranceptEVE_MSAT,3.4199638843536375,0.4901324828565056
fold_modulo_5,RPC1_LAMBD_Li_2019_low-expression,kermut_ProteinMPNN_TranceptEVE_MSAT,1.3925473809242248,0.5812063988720497
fold_modulo_5,RS15_GEOSE_Rocklin_2023_1A32,kermut_ProteinMPNN_TranceptEVE_MSAT,0.14692687243223185,0.7544275328870429
fold_modulo_5,SAV1_MOUSE_Rocklin_2023_2YSB,kermut_ProteinMPNN_TranceptEVE_MSAT,0.45193597972393035,0.6935226764634713
fold_modulo_5,SBI_STAAM_Rocklin_2023_2JVG,kermut_ProteinMPNN_TranceptEVE_MSAT,0.2088887900114059,0.7496128960836124
fold_modulo_5,SCIN_STAAR_Rocklin_2023_2QFF,kermut_ProteinMPNN_TranceptEVE_MSAT,0.3423754036426544,0.7175124921512271
fold_modulo_5,SCN5A_HUMAN_Glazer_2019,kermut_ProteinMPNN_TranceptEVE_MSAT,1744.49921875,-0.0006842574187598816
fold_modulo_5,SDA_BACSU_Rocklin_2023_1PV0,kermut_ProteinMPNN_TranceptEVE_MSAT,0.41649309992790223,0.6938621776817324
fold_modulo_5,SERC_HUMAN_Xie_2023,kermut_ProteinMPNN_TranceptEVE_MSAT,0.054359670728445,0.5230060938923201
fold_modulo_5,SOX30_HUMAN_Rocklin_2023_7JJK,kermut_ProteinMPNN_TranceptEVE_MSAT,0.43311808705329896,0.5626342841535299
fold_modulo_5,SPA_STAAU_Rocklin_2023_1LP1,kermut_ProteinMPNN_TranceptEVE_MSAT,0.23807373344898225,0.7262484209913447
fold_modulo_5,SPG2_STRSG_Rocklin_2023_5UBS,kermut_ProteinMPNN_TranceptEVE_MSAT,0.5662115156650543,0.6430384387516886
fold_modulo_5,SPTN1_CHICK_Rocklin_2023_1TUD,kermut_ProteinMPNN_TranceptEVE_MSAT,0.8935464143753051,0.6941720416534267
fold_modulo_5,SQSTM_MOUSE_Rocklin_2023_2RRU,kermut_ProteinMPNN_TranceptEVE_MSAT,0.19616692960262297,0.8235220463167863
fold_modulo_5,SR43C_ARATH_Rocklin_2023_2N88,kermut_ProteinMPNN_TranceptEVE_MSAT,0.4170754849910736,0.7649441671658432
fold_modulo_5,SRBS1_HUMAN_Rocklin_2023_2O2W,kermut_ProteinMPNN_TranceptEVE_MSAT,0.77099050283432,0.7247387057332302
fold_modulo_5,SUMO1_HUMAN_Weile_2017,kermut_ProteinMPNN_TranceptEVE_MSAT,0.09672119766473763,0.5106011700508214
fold_modulo_5,SYUA_HUMAN_Newberry_2020,kermut_ProteinMPNN_TranceptEVE_MSAT,0.00706859575584524,0.5441428169050184
fold_modulo_5,TAT_HV1BR_Fernandes_2016,kermut_ProteinMPNN_TranceptEVE_MSAT,0.031658369675278616,0.45884827980165144
fold_modulo_5,TCRG1_MOUSE_Rocklin_2023_1E0L,kermut_ProteinMPNN_TranceptEVE_MSAT,0.3505420029163361,0.6633859673338057
fold_modulo_5,TNKS2_HUMAN_Rocklin_2023_5JRT,kermut_ProteinMPNN_TranceptEVE_MSAT,0.34027425646781917,0.7440894543201698
fold_modulo_5,TPK1_HUMAN_Weile_2017,kermut_ProteinMPNN_TranceptEVE_MSAT,0.2554518938064575,0.3580496182243336
fold_modulo_5,TPMT_HUMAN_Matreyek_2018,kermut_ProteinMPNN_TranceptEVE_MSAT,0.07741647213697428,0.5770496912272686
fold_modulo_5,TRPC_SACS2_Chan_2017,kermut_ProteinMPNN_TranceptEVE_MSAT,0.19512269794940945,0.6696839508769729
fold_modulo_5,TRPC_THEMA_Chan_2017,kermut_ProteinMPNN_TranceptEVE_MSAT,0.35886295437812804,0.33951558595714015
fold_modulo_5,UBC9_HUMAN_Weile_2017,kermut_ProteinMPNN_TranceptEVE_MSAT,0.19905845522880553,0.5101321539010527
fold_modulo_5,UBE4B_HUMAN_Rocklin_2023_3L1X,kermut_ProteinMPNN_TranceptEVE_MSAT,0.5972230911254883,0.686021505475923
fold_modulo_5,UBR5_HUMAN_Rocklin_2023_1I2T,kermut_ProteinMPNN_TranceptEVE_MSAT,0.27049724161624905,0.696999623468408
fold_modulo_5,VG08_BPP22_Rocklin_2023_2GP8,kermut_ProteinMPNN_TranceptEVE_MSAT,0.12612221837043758,0.7214576285138528
fold_modulo_5,VILI_CHICK_Rocklin_2023_1YU5,kermut_ProteinMPNN_TranceptEVE_MSAT,0.41382590532302854,0.6851994330773669
fold_modulo_5,VKOR1_HUMAN_Chiasson_2020_abundance,kermut_ProteinMPNN_TranceptEVE_MSAT,0.07197325378656384,0.6343662196107749
fold_modulo_5,VKOR1_HUMAN_Chiasson_2020_activity,kermut_ProteinMPNN_TranceptEVE_MSAT,0.16756156086921686,0.4167229874573494
fold_modulo_5,YAIA_ECOLI_Rocklin_2023_2KVT,kermut_ProteinMPNN_TranceptEVE_MSAT,0.9159066796302795,0.5865858019325081
fold_modulo_5,YNZC_BACSU_Rocklin_2023_2JVD,kermut_ProteinMPNN_TranceptEVE_MSAT,0.5157156944274902,0.4905172477652335
fold_random_5,A0A1I9GEU1_NEIME_Kennouche_2019,kermut_ProteinMPNN_TranceptEVE_MSAT,2.3374104499816895,0.15618168712418745
fold_random_5,A0A247D711_LISMN_Stadelmann_2021,kermut_ProteinMPNN_TranceptEVE_MSAT,0.8100621104240417,0.6520579799566205
fold_random_5,A0A2Z5U3Z0_9INFA_Wu_2014,kermut_ProteinMPNN_TranceptEVE_MSAT,0.8992059707641602,0.5184192791743303
fold_random_5,A4GRB6_PSEAI_Chen_2020,kermut_ProteinMPNN_TranceptEVE_MSAT,0.7124638676643371,0.8988036780874348
fold_random_5,AACC1_PSEAI_Dandage_2018,kermut_ProteinMPNN_TranceptEVE_MSAT,2.118505668640137,0.6630781598325468
fold_random_5,AICDA_HUMAN_Gajula_2014_3cycles,kermut_ProteinMPNN_TranceptEVE_MSAT,3.7122379899024964,0.31462742725316567
fold_random_5,AMFR_HUMAN_Rocklin_2023_4G3O,kermut_ProteinMPNN_TranceptEVE_MSAT,0.1915076911449432,0.8949294679188415
fold_random_5,ARGR_ECOLI_Rocklin_2023_1AOY,kermut_ProteinMPNN_TranceptEVE_MSAT,0.1800508320331573,0.8634663522918794
fold_random_5,B2L11_HUMAN_Dutta_2010_binding-Mcl-1,kermut_ProteinMPNN_TranceptEVE_MSAT,228555708222668.8,0.7550125791632846
fold_random_5,BBC1_YEAST_Rocklin_2023_1TG0,kermut_ProteinMPNN_TranceptEVE_MSAT,0.3056643962860107,0.8764686857070039
fold_random_5,BCHB_CHLTE_Rocklin_2023_2KRU,kermut_ProteinMPNN_TranceptEVE_MSAT,0.29482161104679105,0.8831064355349341
fold_random_5,BLAT_ECOLX_Deng_2012,kermut_ProteinMPNN_TranceptEVE_MSAT,0.6783056259155273,0.8428247483783764
fold_random_5,BLAT_ECOLX_Firnberg_2014,kermut_ProteinMPNN_TranceptEVE_MSAT,0.04559357091784474,0.8918546519395818
fold_random_5,BLAT_ECOLX_Jacquier_2013,kermut_ProteinMPNN_TranceptEVE_MSAT,1.2264744758605957,0.7693667837626418
fold_random_5,BLAT_ECOLX_Stiffler_2015,kermut_ProteinMPNN_TranceptEVE_MSAT,0.21659880280494687,0.9057428081251535
fold_random_5,CALM1_HUMAN_Weile_2017,kermut_ProteinMPNN_TranceptEVE_MSAT,0.11666133254766457,0.3297932325133418
fold_random_5,CASP3_HUMAN_Roychowdhury_2020,kermut_ProteinMPNN_TranceptEVE_MSAT,0.2337483674287796,0.7124280057787575
fold_random_5,CASP7_HUMAN_Roychowdhury_2020,kermut_ProteinMPNN_TranceptEVE_MSAT,0.3470252573490143,0.7055661745985239
fold_random_5,CATR_CHLRE_Rocklin_2023_2AMI,kermut_ProteinMPNN_TranceptEVE_MSAT,0.10573666840791698,0.8922813618669408
fold_random_5,CBPA2_HUMAN_Rocklin_2023_1O6X,kermut_ProteinMPNN_TranceptEVE_MSAT,0.1759206503629684,0.866966432349567
fold_random_5,CBX4_HUMAN_Rocklin_2023_2K28,kermut_ProteinMPNN_TranceptEVE_MSAT,0.20182958245277405,0.878375189242214
fold_random_5,CCDB_ECOLI_Adkar_2012,kermut_ProteinMPNN_TranceptEVE_MSAT,8.048849296569824,0.9912762121892518
fold_random_5,CCDB_ECOLI_Tripathi_2016,kermut_ProteinMPNN_TranceptEVE_MSAT,1.3038286209106444,0.6419785542943283
fold_random_5,CSN4_MOUSE_Rocklin_2023_1UFM,kermut_ProteinMPNN_TranceptEVE_MSAT,0.16641263067722317,0.8968621056752424
fold_random_5,CUE1_YEAST_Rocklin_2023_2MYX,kermut_ProteinMPNN_TranceptEVE_MSAT,0.18285413086414332,0.9205894811163494
fold_random_5,DN7A_SACS2_Rocklin_2023_1JIC,kermut_ProteinMPNN_TranceptEVE_MSAT,0.2798114478588104,0.8465492513390682
fold_random_5,DNJA1_HUMAN_Rocklin_2023_2LO1,kermut_ProteinMPNN_TranceptEVE_MSAT,0.1977227061986923,0.9034973772597882
fold_random_5,DOCK1_MOUSE_Rocklin_2023_2M0Y,kermut_ProteinMPNN_TranceptEVE_MSAT,0.24093374609947205,0.8746413614015429
fold_random_5,DYR_ECOLI_Nguyen_2023,kermut_ProteinMPNN_TranceptEVE_MSAT,0.028175841644406258,0.6813784293586422
fold_random_5,DYR_ECOLI_Thompson_2019,kermut_ProteinMPNN_TranceptEVE_MSAT,0.21997309029102322,0.749364328245932
fold_random_5,ENVZ_ECOLI_Ghose_2023,kermut_ProteinMPNN_TranceptEVE_MSAT,0.8562899112701416,0.4025882022879202
fold_random_5,EPHB2_HUMAN_Rocklin_2023_1F0M,kermut_ProteinMPNN_TranceptEVE_MSAT,0.16298264563083648,0.9026165351538467
fold_random_5,ESTA_BACSU_Nutschel_2020,kermut_ProteinMPNN_TranceptEVE_MSAT,3.33974928855896,0.6812985715089185
fold_random_5,FECA_ECOLI_Rocklin_2023_2D1U,kermut_ProteinMPNN_TranceptEVE_MSAT,0.18908386826515194,0.8852535069383218
fold_random_5,FKBP3_HUMAN_Rocklin_2023_2KFV,kermut_ProteinMPNN_TranceptEVE_MSAT,0.1608472496271133,0.8355675820303121
fold_random_5,GCN4_YEAST_Staller_2018,kermut_ProteinMPNN_TranceptEVE_MSAT,0.0841315574944019,0.5221212121212121
fold_random_5,GLPA_HUMAN_Elazar_2016,kermut_ProteinMPNN_TranceptEVE_MSAT,0.6853367149829864,0.7641496391131559
fold_random_5,HCP_LAMBD_Rocklin_2023_2L6Q,kermut_ProteinMPNN_TranceptEVE_MSAT,0.12500205934047695,0.8853101250669034
fold_random_5,HECD1_HUMAN_Rocklin_2023_3DKM,kermut_ProteinMPNN_TranceptEVE_MSAT,0.1623677551746368,0.9143628226707176
fold_random_5,HEM3_HUMAN_Loggerenberg_2023,kermut_ProteinMPNN_TranceptEVE_MSAT,0.13481142520904538,0.533348876972488
fold_random_5,IF1_ECOLI_Kelsic_2016,kermut_ProteinMPNN_TranceptEVE_MSAT,0.02238368727266784,0.7539275441903196
fold_random_5,ILF3_HUMAN_Rocklin_2023_2L33,kermut_ProteinMPNN_TranceptEVE_MSAT,0.10823563337326045,0.7696386748953925
fold_random_5,ISDH_STAAW_Rocklin_2023_2LHR,kermut_ProteinMPNN_TranceptEVE_MSAT,0.1754348963499069,0.8214618776309018
fold_random_5,KCNE1_HUMAN_Muhammad_2023_expression,kermut_ProteinMPNN_TranceptEVE_MSAT,0.06151244491338727,0.7182972649751826
fold_random_5,KCNE1_HUMAN_Muhammad_2023_function,kermut_ProteinMPNN_TranceptEVE_MSAT,0.041861545294523225,0.7799579942900442
fold_random_5,KCNH2_HUMAN_Kozek_2020,kermut_ProteinMPNN_TranceptEVE_MSAT,980.6067749023438,0.4313346691725535
fold_random_5,KKA2_KLEPN_Melnikov_2014,kermut_ProteinMPNN_TranceptEVE_MSAT,0.38323157429695126,0.803929589295427
fold_random_5,LYAM1_HUMAN_Elazar_2016,kermut_ProteinMPNN_TranceptEVE_MSAT,1.9759584426879884,0.6899407826283221
fold_random_5,MAFG_MOUSE_Rocklin_2023_1K1V,kermut_ProteinMPNN_TranceptEVE_MSAT,0.11068830192089078,0.8496669586134212
fold_random_5,MBD11_ARATH_Rocklin_2023_6ACV,kermut_ProteinMPNN_TranceptEVE_MSAT,0.17178846597671504,0.9053364454740537
fold_random_5,MET_HUMAN_Estevam_2023,kermut_ProteinMPNN_TranceptEVE_MSAT,3.9622135162353516,0.6691576340681313
fold_random_5,MLAC_ECOLI_MacRae_2023,kermut_ProteinMPNN_TranceptEVE_MSAT,0.034768407791852904,0.7686310913107465
fold_random_5,MTH3_HAEAE_RockahShmuel_2015,kermut_ProteinMPNN_TranceptEVE_MSAT,0.05493154600262636,0.7772836429215573
fold_random_5,MYO3_YEAST_Rocklin_2023_2BTT,kermut_ProteinMPNN_TranceptEVE_MSAT,0.2692269384860992,0.8805406317791691
fold_random_5,NKX31_HUMAN_Rocklin_2023_2L9R,kermut_ProteinMPNN_TranceptEVE_MSAT,0.058857695758342723,0.8556698270559588
fold_random_5,NPC1_HUMAN_Erwood_2022_RPE1,kermut_ProteinMPNN_TranceptEVE_MSAT,0.04611526653170582,0.7320428745660943
fold_random_5,NUD15_HUMAN_Suiter_2020,kermut_ProteinMPNN_TranceptEVE_MSAT,0.03799756914377208,0.8284418740531786
fold_random_5,NUSA_ECOLI_Rocklin_2023_1WCL,kermut_ProteinMPNN_TranceptEVE_MSAT,0.14373907595872876,0.9098366009665982
fold_random_5,NUSG_MYCTU_Rocklin_2023_2MI6,kermut_ProteinMPNN_TranceptEVE_MSAT,0.2409101039171218,0.9265874324730866
fold_random_5,OBSCN_HUMAN_Rocklin_2023_1V1C,kermut_ProteinMPNN_TranceptEVE_MSAT,0.23043935596942902,0.8867518797585637
fold_random_5,ODP2_GEOSE_Rocklin_2023_1W4G,kermut_ProteinMPNN_TranceptEVE_MSAT,0.15195212513208387,0.8658900166625181
fold_random_5,OPSD_HUMAN_Wan_2019,kermut_ProteinMPNN_TranceptEVE_MSAT,1.0492765665054322,0.6941481706308638
fold_random_5,OTU7A_HUMAN_Rocklin_2023_2L2D,kermut_ProteinMPNN_TranceptEVE_MSAT,0.2103344947099685,0.8460555955116418
fold_random_5,P53_HUMAN_Kotler_2018,kermut_ProteinMPNN_TranceptEVE_MSAT,0.5888523578643798,0.7483998079079462
fold_random_5,P84126_THETH_Chan_2017,kermut_ProteinMPNN_TranceptEVE_MSAT,0.09009657502174372,0.8527512766375326
fold_random_5,PAI1_HUMAN_Huttinger_2021,kermut_ProteinMPNN_TranceptEVE_MSAT,0.7213931798934936,0.6635525404341064
fold_random_5,PA_I34A1_Wu_2015,kermut_ProteinMPNN_TranceptEVE_MSAT,0.2181584388017654,0.4921850812222234
fold_random_5,PIN1_HUMAN_Rocklin_2023_1I6C,kermut_ProteinMPNN_TranceptEVE_MSAT,0.10500397086143487,0.9039430150277911
fold_random_5,PITX2_HUMAN_Rocklin_2023_2L7M,kermut_ProteinMPNN_TranceptEVE_MSAT,0.167876785993576,0.906843880869854
fold_random_5,PKN1_HUMAN_Rocklin_2023_1URF,kermut_ProteinMPNN_TranceptEVE_MSAT,0.1129324838519096,0.8397543132801104
fold_random_5,POLG_PESV_Rocklin_2023_2MXD,kermut_ProteinMPNN_TranceptEVE_MSAT,0.18769903481006617,0.8868536054664784
fold_random_5,PR40A_HUMAN_Rocklin_2023_1UZC,kermut_ProteinMPNN_TranceptEVE_MSAT,0.11545574367046352,0.882480216646154
fold_random_5,PSAE_SYNP2_Rocklin_2023_1PSE,kermut_ProteinMPNN_TranceptEVE_MSAT,0.10937374979257579,0.8435656945136157
fold_random_5,PTEN_HUMAN_Matreyek_2021,kermut_ProteinMPNN_TranceptEVE_MSAT,0.0468356870114803,0.6963075464419634
fold_random_5,Q53Z42_HUMAN_McShan_2019_binding-TAPBPR,kermut_ProteinMPNN_TranceptEVE_MSAT,0.44760053753852846,0.7681837580963607
fold_random_5,Q53Z42_HUMAN_McShan_2019_expression,kermut_ProteinMPNN_TranceptEVE_MSAT,1.4640090227127076,0.7695621317500645
fold_random_5,RAD_ANTMA_Rocklin_2023_2CJJ,kermut_ProteinMPNN_TranceptEVE_MSAT,0.1384264260530471,0.838946041409721
fold_random_5,RAF1_HUMAN_Zinkus-Boltz_2019,kermut_ProteinMPNN_TranceptEVE_MSAT,0.0452941447496414,0.4467825135854441
fold_random_5,RASH_HUMAN_Bandaru_2017,kermut_ProteinMPNN_TranceptEVE_MSAT,0.030642121285200063,0.8235420815115774
fold_random_5,RBP1_HUMAN_Rocklin_2023_2KWH,kermut_ProteinMPNN_TranceptEVE_MSAT,0.10324141234159465,0.8585817798063319
fold_random_5,RCD1_ARATH_Rocklin_2023_5OAO,kermut_ProteinMPNN_TranceptEVE_MSAT,0.10160633772611613,0.862071353872387
fold_random_5,RCRO_LAMBD_Rocklin_2023_1ORC,kermut_ProteinMPNN_TranceptEVE_MSAT,0.2188452631235122,0.901174717855557
fold_random_5,RD23A_HUMAN_Rocklin_2023_1IFY,kermut_ProteinMPNN_TranceptEVE_MSAT,0.13438116014003748,0.9145754234231938
fold_random_5,REV_HV1H2_Fernandes_2016,kermut_ProteinMPNN_TranceptEVE_MSAT,0.02927174307405942,0.5557616333332895
fold_random_5,RFAH_ECOLI_Rocklin_2023_2LCL,kermut_ProteinMPNN_TranceptEVE_MSAT,0.12166089713573451,0.8535039413358462
fold_random_5,RL20_AQUAE_Rocklin_2023_1GYZ,kermut_ProteinMPNN_TranceptEVE_MSAT,0.11187330931425091,0.7422145982541941
fold_random_5,RL40A_YEAST_Mavor_2016,kermut_ProteinMPNN_TranceptEVE_MSAT,0.01652075126767154,0.7312559139953962
fold_random_5,RL40A_YEAST_Roscoe_2013,kermut_ProteinMPNN_TranceptEVE_MSAT,0.03776679709553716,0.8523893424807717
fold_random_5,RL40A_YEAST_Roscoe_2014,kermut_ProteinMPNN_TranceptEVE_MSAT,0.0634890779852867,0.739031676429517
fold_random_5,RNC_ECOLI_Weeks_2023,kermut_ProteinMPNN_TranceptEVE_MSAT,0.11141938567161554,0.7154106783706761
fold_random_5,RPC1_BP434_Rocklin_2023_1R69,kermut_ProteinMPNN_TranceptEVE_MSAT,0.22847369313240046,0.9128089687466427
fold_random_5,RPC1_LAMBD_Li_2019_high-expression,kermut_ProteinMPNN_TranceptEVE_MSAT,2.879683494567871,0.5498376396029196
fold_random_5,RPC1_LAMBD_Li_2019_low-expression,kermut_ProteinMPNN_TranceptEVE_MSAT,1.1196266293525696,0.6701573603501993
fold_random_5,RS15_GEOSE_Rocklin_2023_1A32,kermut_ProteinMPNN_TranceptEVE_MSAT,0.067384210973978,0.8938153547200098
fold_random_5,SAV1_MOUSE_Rocklin_2023_2YSB,kermut_ProteinMPNN_TranceptEVE_MSAT,0.1688857793807983,0.8694911728472186
fold_random_5,SBI_STAAM_Rocklin_2023_2JVG,kermut_ProteinMPNN_TranceptEVE_MSAT,0.11734486669301984,0.8767115728769961
fold_random_5,SCIN_STAAR_Rocklin_2023_2QFF,kermut_ProteinMPNN_TranceptEVE_MSAT,0.18014785945415496,0.8622486605410742
fold_random_5,SCN5A_HUMAN_Glazer_2019,kermut_ProteinMPNN_TranceptEVE_MSAT,1785.8419677734375,0.10642481671354051
fold_random_5,SDA_BACSU_Rocklin_2023_1PV0,kermut_ProteinMPNN_TranceptEVE_MSAT,0.13282837122678753,0.8653874340716555
fold_random_5,SERC_HUMAN_Xie_2023,kermut_ProteinMPNN_TranceptEVE_MSAT,0.03271826244890684,0.6438820824059186
fold_random_5,SOX30_HUMAN_Rocklin_2023_7JJK,kermut_ProteinMPNN_TranceptEVE_MSAT,0.14824955761432643,0.8734753210829396
fold_random_5,SPA_STAAU_Rocklin_2023_1LP1,kermut_ProteinMPNN_TranceptEVE_MSAT,0.11394785791635509,0.8928692812346485
fold_random_5,SPG2_STRSG_Rocklin_2023_5UBS,kermut_ProteinMPNN_TranceptEVE_MSAT,0.22992179095745083,0.8621255787138449
fold_random_5,SPTN1_CHICK_Rocklin_2023_1TUD,kermut_ProteinMPNN_TranceptEVE_MSAT,0.4089543282985687,0.866073799399351
fold_random_5,SQSTM_MOUSE_Rocklin_2023_2RRU,kermut_ProteinMPNN_TranceptEVE_MSAT,0.0924116417765617,0.9301924684366913
fold_random_5,SR43C_ARATH_Rocklin_2023_2N88,kermut_ProteinMPNN_TranceptEVE_MSAT,0.19303174614906307,0.8900229930420573
fold_random_5,SRBS1_HUMAN_Rocklin_2023_2O2W,kermut_ProteinMPNN_TranceptEVE_MSAT,0.23272076845169062,0.9053280149728293
fold_random_5,SUMO1_HUMAN_Weile_2017,kermut_ProteinMPNN_TranceptEVE_MSAT,0.0748349696397781,0.6596054951106118
fold_random_5,SYUA_HUMAN_Newberry_2020,kermut_ProteinMPNN_TranceptEVE_MSAT,0.00487806750461454,0.6146859103107442
fold_random_5,TAT_HV1BR_Fernandes_2016,kermut_ProteinMPNN_TranceptEVE_MSAT,0.02328465208411212,0.6081388954212363
fold_random_5,TCRG1_MOUSE_Rocklin_2023_1E0L,kermut_ProteinMPNN_TranceptEVE_MSAT,0.09698179215192794,0.8900353611670739
fold_random_5,TNKS2_HUMAN_Rocklin_2023_5JRT,kermut_ProteinMPNN_TranceptEVE_MSAT,0.1290535375475883,0.910396071867513
fold_random_5,TPK1_HUMAN_Weile_2017,kermut_ProteinMPNN_TranceptEVE_MSAT,0.23353286683559413,0.4407982389567664
fold_random_5,TPMT_HUMAN_Matreyek_2018,kermut_ProteinMPNN_TranceptEVE_MSAT,0.06565541550517077,0.6177287957776312
fold_random_5,TRPC_SACS2_Chan_2017,kermut_ProteinMPNN_TranceptEVE_MSAT,0.11905771195888515,0.8046495525685751
fold_random_5,TRPC_THEMA_Chan_2017,kermut_ProteinMPNN_TranceptEVE_MSAT,0.1528074294328689,0.7542399827997519
fold_random_5,UBC9_HUMAN_Weile_2017,kermut_ProteinMPNN_TranceptEVE_MSAT,0.1310163840651512,0.73291817158903
fold_random_5,UBE4B_HUMAN_Rocklin_2023_3L1X,kermut_ProteinMPNN_TranceptEVE_MSAT,0.24419833719730377,0.894199100200321
fold_random_5,UBR5_HUMAN_Rocklin_2023_1I2T,kermut_ProteinMPNN_TranceptEVE_MSAT,0.11298156231641768,0.8721918329371997
fold_random_5,VG08_BPP22_Rocklin_2023_2GP8,kermut_ProteinMPNN_TranceptEVE_MSAT,0.053075947612524,0.886232896263239
fold_random_5,VILI_CHICK_Rocklin_2023_1YU5,kermut_ProteinMPNN_TranceptEVE_MSAT,0.14562946110963818,0.8962548983911203
fold_random_5,VKOR1_HUMAN_Chiasson_2020_abundance,kermut_ProteinMPNN_TranceptEVE_MSAT,0.03945244848728172,0.8026204036413788
fold_random_5,VKOR1_HUMAN_Chiasson_2020_activity,kermut_ProteinMPNN_TranceptEVE_MSAT,0.15736055672168728,0.41663951883966616
fold_random_5,YAIA_ECOLI_Rocklin_2023_2KVT,kermut_ProteinMPNN_TranceptEVE_MSAT,0.3972021460533142,0.8429279852385612
fold_random_5,YNZC_BACSU_Rocklin_2023_2JVD,kermut_ProteinMPNN_TranceptEVE_MSAT,0.14459479451179502,0.826172292221019
